{"content":[{"id":"4d70e768","settings":{"ekit_all_conditions_list":[{"_id":"5b46963"}],"ekit_section_parallax_multi_items":[],"margin":{"unit":"px","top":"","right":0,"bottom":"","left":0,"isLinked":true},"padding":{"unit":"px","top":"40","right":"0","bottom":"0","left":"0","isLinked":false},"margin_tablet":{"unit":"px","top":"0","right":0,"bottom":"0","left":0,"isLinked":false},"margin_mobile":{"unit":"px","top":"0","right":0,"bottom":"0","left":0,"isLinked":false},"padding_tablet":{"unit":"px","top":"70","right":"0","bottom":"70","left":"0","isLinked":false},"padding_mobile":{"unit":"px","top":"50","right":"0","bottom":"50","left":"0","isLinked":false}},"elements":[{"id":"73af5ffb","settings":{"_column_size":100,"_inline_size":null,"ekit_all_conditions_list":[{"_id":"f076bcf"}],"padding":{"unit":"px","top":"0","right":"15","bottom":"0","left":"15","isLinked":false},"margin_tablet":{"unit":"px","top":"0","right":"0","bottom":"0","left":"0","isLinked":false},"padding_tablet":{"unit":"px","top":"0","right":"15","bottom":"0","left":"15","isLinked":false},"custom_css":"selector .elementor-element.elementor-element-e020bf8 .shopengine-cart-table table .shopengine-footer-button {\n    width: auto;\n    display: inline-block;\n}","space_between_widgets":0},"elements":[{"id":"49d3a56f","settings":{"ekit_heading_title":"Shopping Cart","ekit_heading_sub_title":"Time has changed","shadow_text_content":"bussiness","ekit_heading_show_seperator":"","ekit_heading_title_align":"text_center","ekit_heading_title_shadow_text_shadow_type":"yes","ekit_heading_title_shadow_text_shadow":{"horizontal":0,"vertical":0,"blur":0,"color":"rgba(0,0,0,0.3)"},"ekit_heading_title_margin":{"unit":"px","top":"0","right":"0","bottom":"45","left":"0","isLinked":false},"ekit_heading_title_typography_typography":"custom","ekit_heading_title_typography_font_size":{"unit":"px","size":38,"sizes":[]},"ekit_heading_title_typography_font_weight":"600","ekit_heading_title_typography_letter_spacing":{"unit":"px","size":0.200000000000000011102230246251565404236316680908203125,"sizes":[]},"_margin":{"unit":"px","top":"0","right":"0","bottom":"0","left":"0","isLinked":false},"_padding":{"unit":"px","top":"0","right":"0","bottom":"0","left":"0","isLinked":false},"ekit_all_conditions_list":[{"_id":"6c4d9f5"}],"ekit_adv_tooltip_content":"Tooltip Content.","ekit_heading_seperator_image":{"id":171,"url":"https:\/\/wpmet.com\/plugin\/shopengine\/demos\/wp-content\/uploads\/sites\/2\/2021\/09\/placeholder.png"}},"elements":[],"isInner":false,"widgetType":"elementskit-heading","elType":"widget"},{"id":"22ef4fd0","settings":{"ekit_all_conditions_list":[{"_id":"f4c7f9c"}],"ekit_adv_tooltip_content":"Tooltip Content.","shopengine_cart_table_head__color":"#3A3A3A","shopengine_cart_table_footer__padding":{"unit":"px","top":"30","right":"0","bottom":"0","left":"0","isLinked":false},"shopengine_cart_table_typography_primary_font_size":{"unit":"px","size":16,"sizes":[]},"shopengine_cart_table_typography_secondary_font_size":{"unit":"px","size":16,"sizes":[]},"custom_css":".shopengine-cart-table .shop_table .product-remove a {\r\n    font-size: 25px !important;\r\n}\r\nselector .shopengine-cart-table table .product-quantity .shopengine-cart-quantity .qty {\r\n    width: 66px;\r\n    outline: 0;\r\n    font-weight: 500;\r\n    border-width: 2px 0 2px 0;\r\n}\r\nselector .shopengine-cart-table table .product-quantity .shopengine-cart-quantity span{\r\n    padding: 0 15px;\r\n    color: #101010;\r\n    font-size: 24px;\r\n    cursor: pointer;\r\n    line-height: 40px;\r\n    outline: 0;\r\n}\r\nselector .shopengine-cart-quantity{\r\n    border-radius: 5px;\r\n    outline: 0;\r\n}\r\nselector .shopengine-cart-table table .product-quantity .shopengine-cart-quantity span {\r\n    font-weight: 500;\r\n    border: 2px solid #F2F2F2;\r\n}\r\nselector .shopengine-cart-table table .product-quantity .shopengine-cart-quantity span.minus-button{\r\n    border-top-left-radius: 5px;\r\n    border-bottom-left-radius: 5px;\r\n}\r\nselector .shopengine-cart-table table .product-quantity .shopengine-cart-quantity span.plus-button {\r\n    border-top-right-radius: 5px;\r\n    border-bottom-right-radius: 5px;\r\n}\r\nselector .shop_table tfoot td{\r\n    border-top: 0\r\n}\r\nselector.elementor-element.elementor-element-e020bf8 .shopengine-cart-table table tbody a {\r\n    font-size: 14px;\r\n    font-weight: 500;\r\n    line-height: 19px;\r\n}\r\n\r\n@media screen and (max-width: 992px) {\r\n.shopengine-img-title-wrapper a:last-child {\r\n    padding-left: 15px;\r\n}\r\nselector .shopengine .shopengine-cart-table table .product-name .shopengine-img-title-wrapper {\r\n    display: flex;\r\n    align-items: center;\r\n}\r\n}\r\n@media screen and (max-width: 767px) {\r\n    selector.elementor-element.elementor-element-e020bf8 .shopengine .shopengine-cart-table table .product-name .shopengine-img-title-wrapper {\r\n        align-items: center;\r\n    }\r\n    selector .shopengine-cart-table table.shop_table.shop_table_responsive.cart.woocommerce-cart-form__contents td {\r\n        display: flex;\r\n        align-items: center;\r\n        justify-content: space-between;\r\n    }\r\n    selector .shopengine .shopengine-cart-table table .product-name .shopengine-img-title-wrapper {\r\n        flex-direction: unset;\r\n    }\r\n    selector .shopengine-cart-table table .shopengine-footer-button {\r\n        margin: 5px !important;\r\n    }\r\n    .shopengine-img-title-wrapper a:last-child {\r\n    padding-left: 10px !important;\r\n}\r\n}\r\n@media screen and (max-width: 450px) {\r\nselector .shopengine .shop_table .shopengine-img-title-wrapper a {\r\n    text-align: left;\r\n}\r\nselector.elementor-element.elementor-element-e020bf8 .shopengine-cart-table table.shop_table.shop_table_responsive.cart.woocommerce-cart-form__contents td {\r\n    display: block;\r\n}\r\nselector.elementor-element.elementor-element-e020bf8 .shopengine-cart-table table.shop_table.shop_table_responsive.cart.woocommerce-cart-form__contents td .shopengine-footer-button {\r\n    width: 100%;\r\n    }\r\n   selector .shopengine .shop_table .shopengine-img-title-wrapper {\r\n    padding-left: 20px;\r\n}\r\n    \r\n}\r\n\r\n@media screen and (max-width: 400px) {\r\n    selector .shopengine .shopengine-cart-table table .product-name .shopengine-img-title-wrapper {\r\n    display: block;\r\n}\r\n}\r\n\r\n\r\n\/*cart button text uppercase*\/\r\nselector .shopengine-cart-table .cart .shopengine-footer-button {\r\n    text-transform: uppercase;\r\n}\r\n\/*end cart button text uppercase*\/","shopengine_cart_table_head__padding":{"unit":"px","top":"15","right":"30","bottom":"15","left":"30","isLinked":false},"_margin":{"unit":"px","top":"0","right":"0","bottom":"0","left":"0","isLinked":false},"_padding":{"unit":"px","top":"0","right":"0","bottom":"0","left":"0","isLinked":true},"shopengine_cart_table_content_padding":{"unit":"px","top":"30","right":"25","bottom":"30","left":"40","isLinked":false},"shopengine_cart_table_content_border_border":"solid","shopengine_cart_table_content_padding_tablet":{"unit":"px","top":"15","right":"15","bottom":"15","left":"15","isLinked":false},"shopengine_cart_table_typography_secondary_font_weight":"700","shopengine_cart_table_content_img_margin":{"unit":"px","top":"0","right":"23","bottom":"0","left":"0","isLinked":false},"shopengine_cart_table_footer__button_padding":{"unit":"px","top":"11","right":"22","bottom":"11","left":"22","isLinked":false},"shopengine_cart_table_typography_secondary_text_transform":"capitalize","shopengine_cart_table_content_border_width":{"unit":"px","top":"1","right":"1","bottom":"1","left":"1","isLinked":false},"shopengine_cart_table_footer__button_margin":{"unit":"px","top":"0","right":"0","bottom":"0","left":"30","isLinked":false},"shopengine_cart_table_head__padding_tablet":{"unit":"px","top":"8","right":"30","bottom":"8","left":"30","isLinked":false},"shopengine_cart_table_content_img_margin_tablet":{"unit":"px","top":"0","right":"0","bottom":"0","left":"0","isLinked":false},"shopengine_cart_table_content_img_border_width_tablet":{"unit":"px","top":"0","right":"0","bottom":"0","left":"0","isLinked":false},"shopengine_cart_table_content_border_width_tablet":{"unit":"px","top":"0","right":"0","bottom":"0","left":"0","isLinked":false},"_margin_tablet":{"unit":"px","top":"0","right":"0","bottom":"0","left":"0","isLinked":false},"_padding_tablet":{"unit":"px","top":"0","right":"0","bottom":"0","left":"0","isLinked":true}},"elements":[],"isInner":false,"widgetType":"shopengine-cart-table","elType":"widget"}],"isInner":false,"elType":"column"}],"isInner":false,"elType":"section"},{"id":"62431a26","settings":{"structure":"20","margin":{"unit":"px","top":"0","right":0,"bottom":"0","left":0,"isLinked":false},"padding":{"unit":"px","top":"100","right":"0","bottom":"100","left":"0","isLinked":false},"ekit_all_conditions_list":[{"_id":"6560f28"}],"ekit_section_parallax_multi_items":[],"margin_tablet":{"unit":"px","top":"0","right":0,"bottom":"0","left":0,"isLinked":false},"padding_tablet":{"unit":"px","top":"0","right":"0","bottom":"0","left":"0","isLinked":true}},"elements":[{"id":"1fd94932","settings":{"_column_size":50,"_inline_size":null,"padding":{"unit":"px","top":"0","right":"15","bottom":"0","left":"15","isLinked":false},"ekit_all_conditions_list":[{"_id":"fe8f56c"}],"margin_mobile":{"unit":"px","top":"0","right":"0","bottom":"0","left":"0","isLinked":false},"padding_mobile":{"unit":"px","top":"0","right":"15","bottom":"0","left":"15","isLinked":false},"space_between_widgets":0},"elements":[{"id":"2fe1678","settings":{"ekit_all_conditions_list":[{"_id":"28dc55b"}],"ekit_adv_tooltip_content":"Tooltip Content.","_margin_mobile":{"unit":"px","top":"0","right":"0","bottom":"20","left":"0","isLinked":false}},"elements":[],"isInner":false,"widgetType":"shopengine-checkout-coupon-form","elType":"widget"}],"isInner":false,"elType":"column"},{"id":"6ff0e3fa","settings":{"_column_size":50,"_inline_size":null,"padding":{"unit":"px","top":"0","right":"15","bottom":"0","left":"15","isLinked":false},"ekit_all_conditions_list":[{"_id":"779280e"}],"margin_tablet":{"unit":"px","top":"0","right":"0","bottom":"0","left":"0","isLinked":false},"margin_mobile":{"unit":"px","top":"0","right":"0","bottom":"0","left":"0","isLinked":false},"padding_tablet":{"unit":"px","top":"0","right":"15","bottom":"0","left":"15","isLinked":false},"padding_mobile":{"unit":"px","top":"0","right":"15","bottom":"0","left":"15","isLinked":false},"align":"flex-end","space_between_widgets":0,"background_color":"#F7F8FB"},"elements":[{"id":"4fbc1e34","settings":{"ekit_all_conditions_list":[{"_id":"1453aea"}],"ekit_adv_tooltip_content":"Tooltip Content.","shopengine_cart_totals_heading_margin":{"unit":"px","top":"","right":"","bottom":"","left":"","isLinked":true},"shopengine_cart_totals_border_radius":{"unit":"px","top":"0","right":"0","bottom":"0","left":"0","isLinked":true},"custom_css":"\/*subtola text and value align mobile view*\/\r\n@media only screen and (max-width: 768px) {\r\n    selector .shopengine-widget .shopengine-cart-totals .cart_totals .shop_table tr {\r\n        display: flex;\r\n        justify-content: space-between;\r\n    }\r\n}\r\n","_padding":{"unit":"px","top":"30","right":"30","bottom":"30","left":"30","isLinked":true},"shopengine_cart_totals_table_row_padding":{"unit":"px","top":"26","right":"0","bottom":"20","left":"0","isLinked":false},"shopengine_cart_totals_button_padding":{"unit":"px","top":"010","right":"5","bottom":"11","left":"5","isLinked":false},"shopengine_cart_totals_checkout_button_border_radius":{"unit":"px","top":"0","right":"0","bottom":"0","left":"0","isLinked":true},"shopengine_cart_totals_checkout_button_padding":{"unit":"px","top":"10.5","right":"10.5","bottom":"10.5","left":"10.5","isLinked":true},"_background_background":"classic","_background_color":"#F7F8FB","_element_width":"initial","_element_custom_width":{"unit":"px","size":305.99700000000001409716787748038768768310546875}},"elements":[],"isInner":false,"widgetType":"shopengine-cart-totals","elType":"widget"}],"isInner":false,"elType":"column"}],"isInner":false,"elType":"section"}],"page_settings":{"eael_ext_toc_title":"Table of Contents"},"version":"0.4","title":"cart design 1","type":"page"}