{"content":[{"id":"54f25920","settings":{"padding":{"unit":"px","top":"115","right":"0","bottom":"85","left":"0","isLinked":false},"ekit_all_conditions_list":[{"_id":"336b55b"}],"ekit_section_parallax_multi_items":[],"padding_tablet":{"unit":"px","top":"80","right":"0","bottom":"80","left":"0","isLinked":false}},"elements":[{"id":"305c44df","settings":{"_column_size":100,"_inline_size":null,"space_between_widgets":0,"ekit_all_conditions_list":[{"_id":"c499a1d"}]},"elements":[{"id":"57367db","settings":{"content_position":"middle","structure":"20","margin":{"unit":"px","top":"","right":0,"bottom":"","left":0,"isLinked":true},"ekit_all_conditions_list":[{"_id":"b3ec368"}],"ekit_section_parallax_multi_items":[],"layout":"full_width"},"elements":[{"id":"52a59b56","settings":{"_column_size":50,"_inline_size":null,"space_between_widgets":0,"padding":{"unit":"px","top":"0","right":"55","bottom":"0","left":"0","isLinked":false},"ekit_all_conditions_list":[{"_id":"a4aaf11"}],"margin_mobile":{"unit":"px","top":"0","right":"0","bottom":"30","left":"0","isLinked":false},"padding_tablet":{"unit":"px","top":"0","right":"0","bottom":"0","left":"0","isLinked":true}},"elements":[{"id":"26b2e90c","settings":{"ekit_all_conditions_list":[{"_id":"7fe42c9"}],"ekit_adv_tooltip_content":"Tooltip Content.","shopengine_lightbox_icon_border_color":"#FFFFFF","shopengine_flash_sale_background":"#101010","shopengine_onsale_primary_line_height":{"unit":"px","size":16,"sizes":[]}},"elements":[],"isInner":false,"widgetType":"shopengine-single-product-images","elType":"widget"}],"isInner":true,"elType":"column"},{"id":"43e48ed3","settings":{"_column_size":50,"_inline_size":null,"space_between_widgets":0,"padding":{"unit":"px","top":"0","right":"60","bottom":"0","left":"40","isLinked":false},"ekit_all_conditions_list":[{"_id":"04387ec"}],"padding_tablet":{"unit":"px","top":"0","right":"15","bottom":"0","left":"15","isLinked":false}},"elements":[{"id":"5e295249","settings":{"ekit_all_conditions_list":[{"_id":"1d6beef"}],"ekit_adv_tooltip_content":"Tooltip Content.","shopengine_breadcrumbs_text_typography_font_family":"Barlow","shopengine_breadcrumbs_text_typography_font_size":{"unit":"px","size":12,"sizes":[]},"shopengine_breadcrumbs_text_typography_line_height":{"unit":"px","size":14,"sizes":[]},"_margin":{"unit":"px","top":"0","right":"0","bottom":"12","left":"0","isLinked":false}},"elements":[],"isInner":false,"widgetType":"shopengine-breadcrumbs","elType":"widget"},{"id":"4b862e38","settings":{"shopengine_product_title_header_size":"h2","ekit_all_conditions_list":[{"_id":"5379308"}],"ekit_adv_tooltip_content":"Tooltip Content.","shopengine_product_title_product_title_color":"#101010","shopengine_product_title_typography_font_family":"Barlow","shopengine_product_title_typography_font_size":{"unit":"px","size":48,"sizes":[]},"shopengine_product_title_typography_line_height":{"unit":"px","size":46,"sizes":[]},"shopengine_product_title_typography_letter_spacing":{"unit":"px","size":-0.299999999999999988897769753748434595763683319091796875,"sizes":[]},"_margin":{"unit":"px","top":"0","right":"0","bottom":"25","left":"0","isLinked":false},"_element_width":"initial","_element_width_tablet":"initial","_element_custom_width":{"unit":"%","size":70,"sizes":[]},"_element_custom_width_tablet":{"unit":"%","size":100,"sizes":[]}},"elements":[],"isInner":false,"widgetType":"shopengine-product-title","elType":"widget"},{"id":"6cd4fb4f","settings":{"shopengine_rating_star_size":{"unit":"px","size":11,"sizes":[]},"_margin":{"unit":"px","top":"0","right":"0","bottom":"25","left":"0","isLinked":false},"ekit_all_conditions_list":[{"_id":"d17c5bf"}],"ekit_adv_tooltip_content":"Tooltip Content."},"elements":[],"isInner":false,"widgetType":"shopengine-product-rating","elType":"widget"},{"id":"50e41cbc","settings":{"ekit_all_conditions_list":[{"_id":"8043ec4"}],"ekit_adv_tooltip_content":"Tooltip Content.","shopengine_product_price_typography_font_family":"Barlow","shopengine_product_price_typography_font_weight":"700","_margin":{"unit":"px","top":"0","right":"16","bottom":"0","left":"0","isLinked":false},"_element_width":"auto"},"elements":[],"isInner":false,"widgetType":"shopengine-product-price","elType":"widget"},{"id":"4b9e9e90","settings":{"ekit_all_conditions_list":[{"_id":"e34f7bc"}],"ekit_adv_tooltip_content":"Tooltip Content.","_element_width":"auto"},"elements":[],"isInner":false,"widgetType":"shopengine-product-stock","elType":"widget"}],"isInner":true,"elType":"column"}],"isInner":true,"elType":"section"},{"id":"602384a8","settings":{"layout":"full_width","structure":"20","padding":{"unit":"px","top":"120","right":"0","bottom":"120","left":"0","isLinked":false},"padding_tablet":{"unit":"px","top":"80","right":"0","bottom":"80","left":"0","isLinked":false},"padding_mobile":{"unit":"px","top":"50","right":"0","bottom":"50","left":"0","isLinked":false},"ekit_all_conditions_list":[{"_id":"7350027"}],"ekit_section_parallax_multi_items":[]},"elements":[{"id":"4860d59d","settings":{"_column_size":50,"_inline_size":40,"space_between_widgets":0,"padding":{"unit":"px","top":"0","right":"50","bottom":"0","left":"0","isLinked":false},"ekit_all_conditions_list":[{"_id":"f45c055"}]},"elements":[{"id":"66f5ffef","settings":{"title":"Short Description","title_color":"#101010","typography_typography":"custom","typography_font_family":"Barlow","typography_font_size":{"unit":"px","size":18,"sizes":[]},"typography_font_weight":"600","typography_text_transform":"uppercase","typography_line_height":{"unit":"px","size":22,"sizes":[]},"typography_letter_spacing":{"unit":"px","size":-0.200000000000000011102230246251565404236316680908203125,"sizes":[]},"_margin":{"unit":"px","top":"0","right":"0","bottom":"36","left":"0","isLinked":false},"ekit_all_conditions_list":[{"_id":"ebd76a0"}],"ekit_adv_tooltip_content":"Tooltip Content.","_border_width":{"unit":"px","top":"0","right":"0","bottom":"1","left":"0","isLinked":false}},"elements":[],"isInner":false,"widgetType":"heading","elType":"widget"},{"id":"7e23b34e","settings":{"shopengine_excerpt_typography_font_family":"Barlow","shopengine_excerpt_typography_font_size":{"unit":"px","size":18,"sizes":[]},"shopengine_excerpt_typography_line_height":{"unit":"px","size":25,"sizes":[]},"ekit_all_conditions_list":[{"_id":"ac72614"}],"ekit_adv_tooltip_content":"Tooltip Content."},"elements":[],"isInner":false,"widgetType":"shopengine-product-excerpt","elType":"widget"}],"isInner":true,"elType":"column"},{"id":"78d4c26a","settings":{"_column_size":50,"_inline_size":60,"space_between_widgets":0,"padding":{"unit":"px","top":"0","right":"0","bottom":"0","left":"0","isLinked":true},"ekit_all_conditions_list":[{"_id":"9ec2ac4"}]},"elements":[{"id":"67edd962","settings":{"shopengine_quantity_btn_position":"both","shopengine_add_to_cart_show_stock":"","ekit_all_conditions_list":[{"_id":"e9d319e"}],"ekit_adv_tooltip_content":"Tooltip Content.","shopengine_quantity_button_padding":{"unit":"px","top":"4","right":"12","bottom":"4","left":"12","isLinked":false},"shopengine_add_to_cart_data_ordering_list":[{"list_title":"Quantitly","list_key":"quantity","_id":"9fe8717"},{"list_title":"Add to Cart","list_key":"add_to_cart","_id":"9286783"},{"list_title":"Buy Now\/Quick Checkout","list_key":"quick_checkout","_id":"1e21942"},{"list_title":"Wishlist","list_key":"wishlist","_id":"e6a2e2d"},{"list_title":"Comparison","list_key":"comparison","_id":"70f0a71"},{"list_title":"Partial Payment","list_key":"partial_payment","_id":"238d036"}]},"elements":[],"isInner":false,"widgetType":"shopengine-add-to-cart","elType":"widget"}],"isInner":true,"elType":"column"}],"isInner":true,"elType":"section"},{"id":"5deca99f","settings":{"layout":"full_width","ekit_all_conditions_list":[{"_id":"6e351e3"}],"ekit_section_parallax_multi_items":[]},"elements":[{"id":"20fab248","settings":{"_column_size":100,"_inline_size":null,"space_between_widgets":0,"padding":{"unit":"px","top":"0","right":"0","bottom":"0","left":"0","isLinked":true},"ekit_all_conditions_list":[{"_id":"5ff308b"}]},"elements":[{"id":"6e4b4db9","settings":{"shopengine_product_nav_indicator_border":{"unit":"px","top":"3","right":0,"bottom":"3","left":0,"isLinked":false},"shopengine_tab_nav_box_shadow_box_shadow":{"horizontal":0,"vertical":7,"blur":30,"spread":0,"color":"rgba(0, 0, 0, 0.05)"},"shopengine_nav_line_width":{"unit":"px","top":"1","right":0,"bottom":"1","left":0,"isLinked":true},"shopengine_product_tab_content_title_hide":"yes","shopengine_product_tab_content_wrap_padding":{"unit":"px","top":"78","right":"0","bottom":"25","left":"0","isLinked":false},"shopengine_download_button_box_shadow_box_shadow_type":"yes","ekit_all_conditions_list":[{"_id":"d7d5b08"}],"ekit_adv_tooltip_content":"Tooltip Content.","shopengine_product_nav_typography_text_transform":"uppercase","shopengine_tab_nav_padding_mobile":{"unit":"px","top":"10","right":"0","bottom":"10","left":"0","isLinked":false},"shopengine_product_tab_content_wrap_padding_tablet":{"unit":"px","top":"25","right":"0","bottom":"25","left":"0","isLinked":false},"shopengine_nav_menu_spacing":{"unit":"px","size":50,"sizes":[]},"custom_css":"selector .single-product .shopengine-product-tabs p {\r\n    font-size: 18px;\r\n    line-height: 25px;\r\n    color: #101010;\r\n    font-family: 'Rubik', sans-serif;\r\n}\r\n\r\n\/* \r\nproduct details additional info - rakibul css - start \r\n*\/\r\nselector .shopengine-product-tabs .woocommerce-Tabs-panel--additional_information table th,\r\nselector .shopengine-product-tabs .woocommerce-Tabs-panel--additional_information table td {\r\n\tbackground-color: transparent;\r\n\tborder: none !important;\r\n\tpadding: 0px !important;\r\n\tpadding-bottom: 12px !important;\r\n\tposition: relative;\r\n\tline-height: 1;\r\n}\r\nselector .woocommerce-Tabs-panel--additional_information table td {\r\n\tline-height: 1;\r\n\tbackground-color: transparent;\r\n\tpadding-right: 30px !important;\r\n\tpadding-left: 30px !important;\r\n}\r\nselector .shopengine-widget .shopengine-product-tabs .woocommerce-Tabs-panel--additional_information table tr:not(:last-child) {\r\n\tborder: none;\r\n}\r\nselector .woocommerce-Tabs-panel--additional_information table th:before {\r\n\tposition: absolute;\r\n\ttop: 0;\r\n\tright: 0px;\r\n\tcolor: #101010;\r\n\tcontent: ':';\r\n}\r\n\r\nselector .single-product .woocommerce-Reviews .comment-reply-title {\r\n\ttext-transform: uppercase;\r\n}\r\nselector #review_form #respond p {\r\n\tmargin: 0 0 25px;\r\n}\r\nselector .comment-form .comment-notes {\r\n\tcolor: #444444;\r\n}\r\nselector .shopengine-widget .shopengine-product-tabs #review_form_wrapper .comment-form input:not(#wp-comment-cookies-consent) {\r\n\tmin-height: 44px;\r\n\tpadding: 0px 20px;\r\n}\r\nselector .woocommerce-Reviews .comment-form p textarea {\r\n\tmin-height: 140px;\r\n}\r\nselector .shopengine-product-tabs .form-submit .submit {\r\n\twidth: 100%;\r\n\tdisplay: block;\r\n}\r\nselector .shopengine-product-tabs .woocommerce-Tabs-panel--additional_information table th, selector .shopengine-product-tabs .woocommerce-Tabs-panel--additional_information table td {\r\n    line-height: 26px !important;\r\n}\r\nselector .shopengine-product-tabs .woocommerce-Tabs-panel--additional_information table td {\r\n    padding-left: 30px !important;\r\n}\r\nselector .shopengine .commentlist .review .comment-text p {\r\n    margin-bottom: 15px !important;\r\n}\r\nselector .shopengine-product-tabs .description p {\r\n    color: #444 !important;\r\n}\r\nselector .woocommerce-Reviews .commentlist {\r\n    background-color: transparent;\r\n     border-bottom: #EFEFEF;\r\n     border-radius: 0px;\r\n}\r\nselector .single-product .shopengine .commentlist .review {\r\n    padding: 55px 0 40px!important;\r\n}\r\n.single-product .shopengine .commentlist .review:last-child {\r\n        border-bottom-width:  0 !important;\r\n}\r\n","shopengine_product_tab_label_clr":"#50525580","shopengine_review_form_label_input_typography_line_height":{"unit":"px","size":19,"sizes":[]},"shopengine_download_button_padding":{"unit":"px","top":"13","right":"20","bottom":"13","left":"20","isLinked":false},"shopengine_download_button_padding_radius":{"unit":"px","top":"0","right":"0","bottom":"0","left":"0","isLinked":true},"shopengine_download_button_padding_typography_font_family":"Barlow","shopengine_download_button_padding_typography_font_size":{"unit":"px","size":16,"sizes":[]},"shopengine_download_button_padding_typography_font_weight":"600","shopengine_product_nav_typography_font_size_mobile":{"unit":"px","size":20,"sizes":[]},"shopengine_product_tab_content_title_padding":{"unit":"px","top":"0","right":"0","bottom":"30","left":"0","isLinked":false},"shopengine_product_tabs_font_family":"Barlow","shopengine_nav_menu_spacing_tablet":{"unit":"px","size":20,"sizes":[]},"shopengine_tab_nav_padding":{"unit":"px","top":"28","right":"0","bottom":"28","left":"0","isLinked":false},"shopengine_tab_nav_padding_tablet":{"unit":"px","top":"20","right":"0","bottom":"20","left":"0","isLinked":false},"shopengine_product_tab_ainfo_typography_font_size":{"unit":"px","size":16,"sizes":[]},"shopengine_product_nav_typography_line_height":{"unit":"px","size":22,"sizes":[]},"shopengine_product_tab_submit_button_border_radius":{"unit":"px","top":"0","right":"0","bottom":"0","left":"0","isLinked":true},"shopengine_product_tab_ainfo_typography_font_style":"normal","shopengine_product_tab_ainfo_tcell_padding":{"unit":"px","top":"12","right":"35","bottom":"12","left":"35","isLinked":false},"shopengine_nav_menu_spacing_mobile":{"unit":"px","size":10,"sizes":[]},"shopengine_product_nav_typography_letter_spacing":{"unit":"px","size":-0.200000000000000011102230246251565404236316680908203125,"sizes":[]},"shopengine_product_tab_content_title_show":"","shopengine_product_tab_ainfo_typography_font_weight":"500","shopengine_product_tab_ainfo_typography_line_height":{"unit":"px","size":18,"sizes":[]}},"elements":[],"isInner":false,"widgetType":"shopengine-product-tabs","elType":"widget"}],"isInner":true,"elType":"column"}],"isInner":true,"elType":"section"}],"isInner":false,"elType":"column"}],"isInner":false,"elType":"section"}],"page_settings":[],"version":"0.4","title":"Single product design 3","type":"page"}