{"content":[{"id":"6dd8c713","settings":{"content_position":"middle","structure":"20","margin":{"unit":"px","top":"","right":0,"bottom":"","left":0,"isLinked":true},"padding":{"unit":"px","top":"125","right":"0","bottom":"60","left":"0","isLinked":false},"ekit_all_conditions_list":[{"_id":"0662c01"}],"ekit_section_parallax_multi_items":[]},"elements":[{"id":"2addbf67","settings":{"_column_size":50,"_inline_size":null,"space_between_widgets":0,"padding":{"unit":"px","top":"0","right":"15","bottom":"0","left":"15","isLinked":false},"ekit_all_conditions_list":[{"_id":"1a84409"}]},"elements":[{"id":"2dfdd315","settings":{"shopengine_flash_sale_color":"#101010","shopengine_flash_sale_background":"#FFC700","shopengine_onsale_primary_line_height":{"unit":"px","size":16,"sizes":[]},"ekit_all_conditions_list":[{"_id":"ba926a2"}],"ekit_adv_tooltip_content":"Tooltip Content.","shopengine_lightbox_icon_radius":{"unit":"px","size":3,"sizes":[]},"shopengine_thumbs_margin_tablet":{"unit":"px","size":5,"sizes":[]},"shopengine_thumbs_margin_mobile":{"unit":"px","size":5,"sizes":[]}},"elements":[],"isInner":false,"widgetType":"shopengine-single-product-images","elType":"widget"}],"isInner":false,"elType":"column"},{"id":"24a87b31","settings":{"_column_size":50,"_inline_size":null,"align":"center","space_between_widgets":0,"text_align":"center","padding":{"unit":"px","top":"0","right":"15","bottom":"0","left":"15","isLinked":false},"ekit_all_conditions_list":[{"_id":"dbf5a03"}]},"elements":[{"id":"2aaee8ae","settings":{"shopengine_product_title_header_size":"h2","shopengine_product_title_align":"center","shopengine_product_title_typography_font_family":"Barlow","shopengine_product_title_typography_letter_spacing":{"unit":"px","size":-0.1000000000000000055511151231257827021181583404541015625,"sizes":[]},"_margin":{"unit":"px","top":"0","right":"0","bottom":"25","left":"0","isLinked":false},"ekit_all_conditions_list":[{"_id":"3aadf72"}],"ekit_adv_tooltip_content":"Tooltip Content."},"elements":[],"isInner":false,"widgetType":"shopengine-product-title","elType":"widget"},{"id":"4bdcc385","settings":{"shopengine_rating_star_size":{"unit":"px","size":11,"sizes":[]},"shopengine_rating_alignment":"center","_margin":{"unit":"px","top":"0","right":"0","bottom":"25","left":"0","isLinked":false},"ekit_all_conditions_list":[{"_id":"6b14aca"}],"ekit_adv_tooltip_content":"Tooltip Content."},"elements":[],"isInner":false,"widgetType":"shopengine-product-rating","elType":"widget"},{"id":"66d217f5","settings":{"shopengine_product_price_text_align":"center","shopengine_product_price_typography_font_family":"Barlow","shopengine_product_price_typography_font_size":{"unit":"px","size":36,"sizes":[]},"shopengine_product_price_typography_font_weight":"700","shopengine_product_price_price_color":"#000000","shopengine_product_price_sale_price_color":"#666666","shopengine_product_price_discount_badge_typography_font_weight":"500","shopengine_product_price_discount_badge_padding":{"unit":"px","top":"0","right":"5","bottom":"1","left":"5","isLinked":false},"_margin":{"unit":"px","top":"0","right":"0","bottom":"25","left":"0","isLinked":false},"ekit_all_conditions_list":[{"_id":"55eda6e"}],"ekit_adv_tooltip_content":"Tooltip Content."},"elements":[],"isInner":false,"widgetType":"shopengine-product-price","elType":"widget"},{"id":"4b1d2dad","settings":{"shopengine_excerpt_color":"#666666","shopengine_excerpt_typography_font_family":"Barlow","shopengine_excerpt_typography_font_size":{"unit":"px","size":15,"sizes":[]},"_margin":{"unit":"px","top":"0","right":"0","bottom":"30","left":"0","isLinked":false},"_padding":{"unit":"px","top":"0","right":"35","bottom":"0","left":"35","isLinked":false},"ekit_all_conditions_list":[{"_id":"a615f4e"}],"ekit_adv_tooltip_content":"Tooltip Content."},"elements":[],"isInner":false,"widgetType":"shopengine-product-excerpt","elType":"widget"},{"id":"b794291","settings":{"shopengine_quantity_btn_position":"before","shopengine_add_to_cart_show_stock":"","shopengine_add_cart_button_typography_font_family":"Barlow","shopengine_add_cart_button_typography_line_height":{"unit":"px","size":17,"sizes":[]},"shopengine_add_cart_button_typography_letter_spacing":{"unit":"px","size":-0.40000000000000002220446049250313080847263336181640625,"sizes":[]},"shopengine_add_cart_button_text_color_normal":"#101010","shopengine_add_cart_button_bg_color_normal":"#FFC700","shopengine_add_cart_button_border_width":{"unit":"px","top":"2","right":"2","bottom":"2","left":"2","isLinked":true},"shopengine_add_cart_button_border_color":"#FFC700","shopengine_add_cart_button_border_radius":{"unit":"px","top":"3","right":"3","bottom":"3","left":"3","isLinked":true},"shopengine_add_cart_button_padding":{"unit":"px","top":"14","right":"25","bottom":"14","left":"25","isLinked":false},"shopengine_quick_checkout_button_typography_font_family":"Barlow","shopengine_quick_checkout_button_typography_line_height":{"unit":"px","size":17,"sizes":[]},"shopengine_quick_checkout_button_typography_letter_spacing":{"unit":"px","size":-0.40000000000000002220446049250313080847263336181640625,"sizes":[]},"shopengine_quick_checkout_button_text_color_normal":"#101010","shopengine_quick_checkout_button_bg_color_normal":"#FAFAFA","shopengine_quick_checkout_button_text_color_hover":"","shopengine_quick_checkout_button_bg_color_hover":"#FFC700","shopengine_quick_checkout_button_border_color_hover":"#FFC700","shopengine_quick_checkout_button_border_width":{"unit":"px","top":"2","right":"2","bottom":"2","left":"2","isLinked":true},"shopengine_quick_checkout_button_border_color":"#FAFAFA","shopengine_quick_checkout_button_border_radius":{"unit":"px","top":"3","right":"3","bottom":"3","left":"3","isLinked":true},"shopengine_quick_checkout_button_padding":{"unit":"px","top":"14","right":"25","bottom":"14","left":"25","isLinked":false},"shopengine_quantity_btn_tabs_Hover_clr":"#101010","shopengine_quantity_btn_tabs_hover_bg_clr":"#FFC700","shopengine_quantity_button_padding":{"unit":"px","top":"4","right":"14","bottom":"4","left":"14","isLinked":false},"shopengine_add_cart_quantity_padding":{"unit":"px","top":"12","right":"0","bottom":"12","left":"0","isLinked":false},"shopengine_add_cart_wishlist_button_bg_color":"#FAFAFA","shopengine_add_cart_wishlist_button_hover_color":"","shopengine_add_cart_wishlist_button_bg_hover_color":"#FFC700","shopengine_add_cart_wishlist_button_border_color_hover":"#FFC700","shopengine_add_cart_wishlist_border_color":"#FAFAFA","shopengine_add_cart_wishlist_border_radius":{"unit":"px","top":"3","right":"3","bottom":"3","left":"3","isLinked":true},"shopengine_add_cart_wishlist_padding":{"unit":"px","top":"15","right":"20","bottom":"15","left":"20","isLinked":false},"shopengine_add_cart_compare_button_bg_color":"#FAFAFA","shopengine_add_cart_compare_button_hover_color":"","shopengine_add_cart_compare_button_bg_hover_color":"#FFC700","shopengine_add_cart_compare_button_border_color_hover":"#FFC700","shopengine_add_cart_compare_border_color":"#FAFAFA","shopengine_add_cart_compare_border_radius":{"unit":"px","top":"3","right":"3","bottom":"3","left":"3","isLinked":true},"shopengine_add_cart_compare_padding":{"unit":"px","top":"15","right":"20","bottom":"15","left":"20","isLinked":false},"shopengine_add_cart_compare_margin":{"unit":"px","top":"","right":"","bottom":"","left":"","isLinked":true},"_margin":{"unit":"px","top":"0","right":"0","bottom":"30","left":"10","isLinked":false},"ekit_all_conditions_list":[{"_id":"f68d4f0"}],"ekit_adv_tooltip_content":"Tooltip Content.","_element_width":"auto","shopengine_add_to_cart_data_ordering_list":[{"list_title":"Quantitly","list_key":"quantity","_id":"061017a"},{"list_title":"Add to Cart","list_key":"add_to_cart","_id":"75b7cd7"},{"list_title":"Buy Now\/Quick Checkout","list_key":"quick_checkout","_id":"5df9e45"},{"list_title":"Wishlist","list_key":"wishlist","_id":"e47bdd9"},{"list_title":"Comparison","list_key":"comparison","_id":"81b2367"},{"list_title":"Partial Payment","list_key":"partial_payment","_id":"e272a70"}]},"elements":[],"isInner":false,"widgetType":"shopengine-add-to-cart","elType":"widget"},{"id":"738579c9","settings":{"shopengine_product_meta_typography_font_family":"Barlow","shopengine_product_meta_typography_line_height":{"unit":"px","size":18,"sizes":[]},"ekit_all_conditions_list":[{"_id":"8944359"}],"ekit_adv_tooltip_content":"Tooltip Content."},"elements":[],"isInner":false,"widgetType":"shopengine-product-meta","elType":"widget"}],"isInner":false,"elType":"column"}],"isInner":false,"elType":"section"},{"id":"5ddc3586","settings":{"ekit_all_conditions_list":[{"_id":"136622b"}],"ekit_section_parallax_multi_items":[],"padding":{"unit":"px","top":"0","right":"0","bottom":"120","left":"0","isLinked":false}},"elements":[{"id":"2dcbae12","settings":{"_column_size":100,"_inline_size":null,"space_between_widgets":0,"padding":{"unit":"px","top":"0","right":"15","bottom":"0","left":"15","isLinked":false},"ekit_all_conditions_list":[{"_id":"50011f0"}]},"elements":[{"id":"db5346","settings":{"shopengine_product_nav_indicator_border":{"unit":"px","top":"0","right":0,"bottom":"3","left":0,"isLinked":false},"shopengine_tab_nav_box_shadow_box_shadow":{"horizontal":0,"vertical":7,"blur":30,"spread":0,"color":"rgba(0, 0, 0, 0.05)"},"shopengine_nav_line_width":{"unit":"px","top":"1","right":0,"bottom":"1","left":0,"isLinked":true},"shopengine_product_tab_content_title_hide":"yes","shopengine_product_tab_content_wrap_padding":{"unit":"px","top":"60","right":"0","bottom":"0","left":"0","isLinked":false},"shopengine_download_button_box_shadow_box_shadow_type":"yes","ekit_all_conditions_list":[{"_id":"d7d5b08"}],"ekit_adv_tooltip_content":"Tooltip Content.","shopengine_product_nav_typography_text_transform":"uppercase","shopengine_nav_menu_spacing":{"unit":"px","size":40,"sizes":[]},"custom_css":"selector .single-product .shopengine-product-tabs p {rn    font-size: 18px;rn    line-height: 25px;rn    color: #101010;rn    font-family: 'Rubik', sans-serif;rn}rnrn\/* rnproduct details additional info - rakibul css - start rn*\/rnselector .shopengine-product-tabs .woocommerce-Tabs-panel--additional_information table th,rnselector .shopengine-product-tabs .woocommerce-Tabs-panel--additional_information table td {rntbackground-color: transparent;rntborder: none !important;rntpadding: 0px !important;rntpadding-bottom: 12px !important;rntposition: relative;rntline-height: 1;rn}rnselector .woocommerce-Tabs-panel--additional_information table td {rntline-height: 1;rntbackground-color: transparent;rntpadding-right: 30px !important;rntpadding-left: 30px !important;rn}rnselector .shopengine-widget .shopengine-product-tabs .woocommerce-Tabs-panel--additional_information table tr:not(:last-child) {rntborder: none;rn}rnselector .woocommerce-Tabs-panel--additional_information table th:before {rntposition: absolute;rnttop: 0;rntright: 0px;rntcolor: #101010;rntcontent: ':';rn}rnrnselector .single-product .woocommerce-Reviews .comment-reply-title {rnttext-transform: uppercase;rn}rnselector #review_form #respond p {rntmargin: 0 0 25px;rn}rnselector .comment-form .comment-notes {rntcolor: #444444;rn}rnselector .shopengine-widget .shopengine-product-tabs #review_form_wrapper .comment-form input:not(#wp-comment-cookies-consent) {rntmin-height: 44px;rntpadding: 0px 20px;rn}rnselector .woocommerce-Reviews .comment-form p textarea {rntmin-height: 140px;rn}rnselector .shopengine-product-tabs .form-submit .submit {rntwidth: 100%;rntdisplay: block;rn}rnselector .shopengine-product-tabs .woocommerce-Tabs-panel--additional_information table th, selector .shopengine-product-tabs .woocommerce-Tabs-panel--additional_information table td {rn    line-height: 26px !important;rn}rnselector .shopengine-product-tabs .woocommerce-Tabs-panel--additional_information table td {rn    padding-left: 30px !important;rn}rnselector .shopengine .commentlist .review .comment-text p {rn    margin-bottom: 15px !important;rn}rnselector .shopengine-product-tabs .description p {rn    color: #444 !important;rn}rnselector .woocommerce-Reviews .commentlist {rn    background-color: transparent;rn     border-bottom: #EFEFEF;rn     border-radius: 0px;rn}rnselector .single-product .shopengine .commentlist .review {rn    padding: 55px 0 40px!important;rn}rn.single-product .shopengine .commentlist .review:last-child {rn        border-bottom-width:  0 !important;rn}rn","shopengine_product_tab_label_clr":"#101010","shopengine_review_form_label_input_typography_line_height":{"unit":"px","size":19,"sizes":[]},"shopengine_download_button_padding":{"unit":"px","top":"13","right":"20","bottom":"13","left":"20","isLinked":false},"shopengine_download_button_padding_radius":{"unit":"px","top":"0","right":"0","bottom":"0","left":"0","isLinked":true},"shopengine_download_button_padding_typography_font_family":"Barlow","shopengine_download_button_padding_typography_font_size":{"unit":"px","size":16,"sizes":[]},"shopengine_download_button_padding_typography_font_weight":"600","shopengine_nav_line_color":"#F2F2F2","shopengine_product_nav_typography_font_size_mobile":{"unit":"px","size":20,"sizes":[]},"shopengine_product_tabs_font_family":"Barlow","shopengine_nav_menu_spacing_tablet":{"unit":"px","size":20,"sizes":[]},"shopengine_product_tab_ainfo_typography_font_size":{"unit":"px","size":16,"sizes":[]},"shopengine_product_nav_typography_line_height":{"unit":"px","size":22,"sizes":[]},"shopengine_product_tab_submit_button_border_radius":{"unit":"px","top":"0","right":"0","bottom":"0","left":"0","isLinked":true},"shopengine_product_tab_ainfo_typography_font_style":"normal","shopengine_product_tab_ainfo_typography_font_weight":"500","shopengine_product_tab_ainfo_label_color":"#101010","shopengine_product_tab_label_typography_font_weight":"500","shopengine_product_tab_input_clr":"#101010","shopengine_review_label_input_typography_font_weight":"400","shopengine_product_tab_content_title_show":"","shopengine_product_nav_active_color":"#101010","shopengine_product_nav_indicator_color":"#101010","shopengine_nav_menu_spacing_mobile":{"unit":"px","size":10,"sizes":[]},"shopengine_product_tab_content_wrap_padding_mobile":{"unit":"px","top":"30","right":"0","bottom":"0","left":"0","isLinked":false},"shopengine_product_tab_ainfo_tcell_divider_color":"#F2F2F2"},"elements":[],"isInner":false,"widgetType":"shopengine-product-tabs","elType":"widget"}],"isInner":false,"elType":"column"}],"isInner":false,"elType":"section"}],"page_settings":[],"version":"0.4","title":"Single design 9","type":"page"}