{"content":[{"id":"b21d47b","settings":{"content_width":{"unit":"px","size":1230,"sizes":[]},"background_background":"classic","background_color":"#363E83","background_image":{"url":"","id":"","alt":"","source":"library"},"background_position":"center left","background_repeat":"no-repeat","background_size":"cover","background_overlay_background":"classic","background_overlay_image":{"url":"https:\/\/wpmet.com\/plugin\/shopengine\/demos\/wp-content\/uploads\/sites\/2\/2022\/06\/product_banner_bg.png","id":4341,"alt":"","source":"library"},"background_overlay_position":"center left","background_overlay_repeat":"no-repeat","background_overlay_opacity":{"unit":"px","size":0.1000000000000000055511151231257827021181583404541015625,"sizes":[]},"overlay_blend_mode":"luminosity","padding":{"unit":"px","top":"140","right":"0","bottom":"27","left":"0","isLinked":false},"ekit_all_conditions_list":[{"_id":"fd3d54b"}],"ekit_section_parallax_multi_items":[],"background_overlay_size":"cover","background_overlay_ypos":{"unit":"px","size":-10,"sizes":[]}},"elements":[{"id":"3f403024","settings":{"_column_size":100,"_inline_size":null,"space_between_widgets":0,"padding":{"unit":"px","top":"0","right":"15","bottom":"0","left":"15","isLinked":false},"ekit_all_conditions_list":[{"_id":"08903e0"}]},"elements":[{"id":"4a2ce307","settings":{"layout":"full_width","ekit_all_conditions_list":[{"_id":"99bb715"}],"ekit_section_parallax_multi_items":[]},"elements":[{"id":"c5eedef","settings":{"_column_size":100,"_inline_size":null,"space_between_widgets":0,"padding":{"unit":"px","top":"0","right":"0","bottom":"0","left":"0","isLinked":true},"ekit_all_conditions_list":[{"_id":"960d583"}],"align_tablet":"center"},"elements":[{"id":"59d4478e","settings":{"title":"Shop Grid","header_size":"h1","align":"center","title_color":"#FFFFFF","typography_typography":"custom","typography_font_family":"Inter","typography_font_size":{"unit":"px","size":60,"sizes":[]},"typography_font_weight":"700","typography_line_height":{"unit":"px","size":73,"sizes":[]},"ekit_all_conditions_list":[{"_id":"e1fe894"}],"ekit_adv_tooltip_content":"Tooltip Content.","typography_text_transform":"capitalize"},"elements":[],"isInner":false,"widgetType":"heading","elType":"widget"},{"id":"108c0042","settings":{"view":"inline","icon_list":[{"text":"Home","selected_icon":{"value":"","library":""},"_id":"62f6f27","link":{"url":"https:\/\/wpmet.com\/plugin\/shopengine\/","is_external":"","nofollow":"","custom_attributes":""}},{"_id":"db998f8","text":"Shop Grid","selected_icon":{"value":"fas fa-circle","library":"fa-solid"}}],"space_between":{"unit":"px","size":10,"sizes":[]},"icon_align":"center","icon_color":"#FFFFFF","icon_size":{"unit":"px","size":4,"sizes":[]},"icon_self_align":"center","text_color":"#FFFFFF","text_indent":{"unit":"px","size":10,"sizes":[]},"icon_typography_typography":"custom","icon_typography_font_family":"Inter","icon_typography_font_size":{"unit":"px","size":14,"sizes":[]},"icon_typography_font_weight":"500","icon_typography_line_height":{"unit":"px","size":17,"sizes":[]},"_margin":{"unit":"px","top":"6","right":"0","bottom":"57","left":"0","isLinked":false},"ekit_all_conditions_list":[{"_id":"0ad817e"}],"ekit_adv_tooltip_content":"Tooltip Content."},"elements":[],"isInner":false,"widgetType":"icon-list","elType":"widget"}],"isInner":true,"elType":"column"}],"isInner":true,"elType":"section"}],"isInner":false,"elType":"column"}],"isInner":false,"elType":"section"},{"id":"1dd64ef2","settings":{"background_background":"classic","margin":{"unit":"px","top":"80","right":0,"bottom":"0","left":0,"isLinked":false},"ekit_all_conditions_list":[{"_id":"04ad5bb"}],"ekit_section_parallax_multi_items":[],"content_width":{"unit":"px","size":1230,"sizes":[]}},"elements":[{"id":"cd5066e","settings":{"_column_size":100,"_inline_size":null,"background_background":"classic","background_color":"#F7F9FB","padding":{"unit":"px","top":"20","right":"20","bottom":"20","left":"20","isLinked":true},"ekit_all_conditions_list":[{"_id":"a91d202"}],"margin":{"unit":"px","top":"0","right":"15","bottom":"0","left":"15","isLinked":false}},"elements":[{"id":"7ef23b20","settings":{"structure":"40","ekit_all_conditions_list":[{"_id":"f4400ea"}],"ekit_section_parallax_multi_items":[],"content_position":"middle"},"elements":[{"id":"516b5a0a","settings":{"_column_size":25,"_inline_size":18.443999999999999062083588796667754650115966796875,"content_position":"center","background_background":"classic","ekit_all_conditions_list":[{"_id":"007ab25"}],"_inline_size_tablet":31},"elements":[{"id":"390763e6","settings":{"shopengine_filter_price_title":"Price Range","shopengine_filter_rating_title":"Product rating","shopengine_filter_color_title":"Product Colors","shopengine_filter_category_title":"Product Categories","shopengine_filter_image_title":"Product Images","shopengine_filter_label_title":"Product Label","shopengine_filter_shipping_title":"Shipping","shopengine_filter_stock_title":"Stock","shopengine_filter_onsale_title":"On Sale","shopengine_filter_toggle_button":"yes","shopengine_filter_toggle_button_toggler":"Filters","shopengine_filter_toggler_icon_status":"","shopengine_filter_offcanvas":"yes","shopengine_section_filter_content_width":{"unit":"px","size":300,"sizes":[]},"shopengine_attributes_list":[],"shopengine_filter_toggler_typography_font_weight":"500","shopengine_filter_toggler_color":"#FFFFFF","shopengine_filter_toggler_background":"#2851F3","shopengine_filter_toggler_color_hover":"#FFFFFF","shopengine_filter_toggler_background_hover":"#020101","shopengine_filter_toggler_border_width":{"unit":"px","top":"0","right":"0","bottom":"0","left":"0","isLinked":true},"shopengine_filter_toggler_border_color":"#2851F3","shopengine_filter_toggler_padding":{"unit":"px","top":"15","right":"25","bottom":"15","left":"25","isLinked":false},"shopengine_filter_toggler_margin":{"unit":"px","top":"","right":"","bottom":"","left":"","isLinked":true},"ekit_all_conditions_list":[{"_id":"078475b"}],"ekit_adv_tooltip_content":"Tooltip Content.","shopengine_filter_price_font":"Barlow","shopengine_section_filter_content_padding_tablet":{"unit":"px","top":"20","right":"20","bottom":"20","left":"20","isLinked":true}},"elements":[],"isInner":false,"widgetType":"shopengine-product-filters","elType":"widget"}],"isInner":true,"elType":"column"},{"id":"4ee3fca2","settings":{"_column_size":25,"_inline_size":31.556000000000000937916411203332245349884033203125,"content_position":"center","ekit_all_conditions_list":[{"_id":"903ee5b"}]},"elements":[{"id":"6f7992fd","settings":{"ekit_all_conditions_list":[{"_id":"3ad9df4"}],"ekit_adv_tooltip_content":"Tooltip Content."},"elements":[],"isInner":false,"widgetType":"shopengine-archive-result-count","elType":"widget"}],"isInner":true,"elType":"column"},{"id":"1512f687","settings":{"_column_size":25,"_inline_size":25.754000000000001335820343228988349437713623046875,"content_position":"center","ekit_all_conditions_list":[{"_id":"174a9b8"}],"_inline_size_tablet":26},"elements":[{"id":"1fcb743d","settings":{"shopengine_ppp_list":"9, 12, 18, 24","shopengine_ppp_alignment":"flex-end","ekit_all_conditions_list":[{"_id":"b89ff03"}],"ekit_adv_tooltip_content":"Tooltip Content."},"elements":[],"isInner":false,"widgetType":"shopengine-filter-products-per-page","elType":"widget"}],"isInner":true,"elType":"column"},{"id":"2cde51f6","settings":{"_column_size":25,"_inline_size":24.2259999999999990905052982270717620849609375,"content_position":"center","ekit_all_conditions_list":[{"_id":"df2cf83"}]},"elements":[{"id":"7ac12747","settings":{"shopengine_orderby_border_border":"solid","shopengine_orderby_border_width":{"unit":"px","top":"1","right":"1","bottom":"1","left":"1","isLinked":true},"shopengine_orderby_border_color":"#181818","ekit_all_conditions_list":[{"_id":"25a2920"}],"ekit_adv_tooltip_content":"Tooltip Content."},"elements":[],"isInner":false,"widgetType":"shopengine-filter-orderby","elType":"widget"}],"isInner":true,"elType":"column"}],"isInner":true,"elType":"section"}],"isInner":false,"elType":"column"}],"isInner":false,"elType":"section"},{"id":"76f9cc42","settings":{"margin":{"unit":"px","top":"40","right":0,"bottom":"0","left":0,"isLinked":false},"padding":{"unit":"px","top":"0","right":"0","bottom":"120","left":"0","isLinked":false},"ekit_all_conditions_list":[{"_id":"980a7f3"}],"ekit_section_parallax_multi_items":[],"content_width":{"unit":"px","size":1230,"sizes":[]}},"elements":[{"id":"65e9a34d","settings":{"_column_size":100,"_inline_size":null,"padding":{"unit":"px","top":"0","right":"15","bottom":"0","left":"15","isLinked":false},"padding_tablet":{"unit":"px","top":"10","right":"10","bottom":"10","left":"10","isLinked":true},"ekit_all_conditions_list":[{"_id":"c2ec9ef"}]},"elements":[{"id":"32fbb09c","settings":{"shopengine_show_sale_flash":"","shopengine_show_regular_price":"","shopengine_show_off_tag":"","shopengine_group_btns":"yes","shopengine_pagination_prev_text":"Previous","shopengine_pagination_next_text":"Next","shopengine_pagination_loadmore_text":"Load More","shopengine__border_border":"solid","shopengine__border_width":{"unit":"px","top":"1","right":"1","bottom":"1","left":"1","isLinked":true},"shopengine__border_color":"#E6E6E6","shopengine_margin":{"unit":"px","size":24,"sizes":[]},"shopengine_archive_products_container_row_spacing":{"unit":"px","size":15,"sizes":[]},"shopengine_padding":{"unit":"px","top":"0","right":"0","bottom":"20","left":"0","isLinked":false},"shopengine_cats_spacing":{"unit":"px","top":"15","right":"151","bottom":"5","left":"15","isLinked":false},"shopengine_title_color_typography_line_height":{"unit":"px","size":23,"sizes":[]},"shopengine_title_padding":{"unit":"px","top":"0","right":"15","bottom":"0","left":"15","isLinked":false},"shopengine_price_padding":{"unit":"px","top":"0","right":"0","bottom":"0","left":"15","isLinked":false},"shopengine_product_star_padding":{"unit":"px","top":"0","right":"0","bottom":"0","left":"15","isLinked":false},"ekit_all_conditions_list":[{"_id":"b88bb8e"}],"ekit_adv_tooltip_content":"Tooltip Content.","shopengine_custom_ordering_list":[{"list_title":"Quick View","list_key":"quick-view","_id":"5a09b73"},{"list_title":"Wishlist","list_key":"wishlist","_id":"568dff7"},{"list_title":"Add to Cart","list_key":"add-to-cart","_id":"a8ed3f4"},{"list_title":"Comparison","list_key":"comparison","_id":"78d5d10"}]},"elements":[],"isInner":false,"widgetType":"shopengine-archive-products","elType":"widget"}],"isInner":false,"elType":"column"}],"isInner":false,"elType":"section"}],"page_settings":[],"version":"0.4","title":"Shop design 5","type":"page"}