{"content":[{"id":"4015fb2","settings":{"structure":"20","padding":{"unit":"px","top":"100","right":"0","bottom":"100","left":"0","isLinked":false},"ekit_all_conditions_list":[{"_id":"3f7fec6"}],"ekit_section_parallax_multi_items":[],"margin_tablet":{"unit":"%","top":"0","right":0,"bottom":"0","left":0,"isLinked":false},"padding_tablet":{"unit":"px","top":"70","right":"0","bottom":"70","left":"0","isLinked":false},"padding_mobile":{"unit":"px","top":"50","right":"0","bottom":"50","left":"0","isLinked":false}},"elements":[{"id":"7b10f21","settings":{"_column_size":50,"_inline_size":20,"ekit_all_conditions_list":[{"_id":"0be1e6e"}],"_inline_size_tablet":30,"margin":{"unit":"px","top":"0","right":"0","bottom":"0","left":"0","isLinked":false},"margin_tablet":{"unit":"px","top":"0","right":"0","bottom":"0","left":"0","isLinked":false},"margin_mobile":{"unit":"px","top":"0","right":"0","bottom":"30","left":"0","isLinked":false},"padding":{"unit":"px","top":"0","right":"15","bottom":"0","left":"0","isLinked":false},"padding_tablet":{"unit":"px","top":"0","right":"15","bottom":"0","left":"15","isLinked":false},"padding_mobile":{"unit":"px","top":"0","right":"15","bottom":"0","left":"15","isLinked":false}},"elements":[{"id":"50e1ff5d","settings":{"ekit_all_conditions_list":[{"_id":"00a9cce"}],"ekit_adv_tooltip_content":"Tooltip Content.","shopengine_account_navigation_list_color":"#9C9C9C","shopengine_account_navigation_list_active_bg":"#F5F5F5","shopengine_account_navigation_list_Typography_font_size":{"unit":"px","size":18,"sizes":[]},"shopengine_account_navigation_list_Typography_font_weight":"500","shopengine_account_navigation_list_Typography_line_height":{"unit":"px","size":48,"sizes":[]},"shopengine_account_navigation_box_shadow_box_shadow_type":"yes","shopengine_account_navigation_box_shadow_box_shadow":{"horizontal":0,"vertical":0,"blur":0,"spread":0,"color":"rgba(0,0,0,0.08)"},"_margin":{"unit":"px","top":"0","right":"0","bottom":"0","left":"0","isLinked":false},"_padding":{"unit":"px","top":"0","right":"0","bottom":"0","left":"0","isLinked":false}},"elements":[],"isInner":false,"widgetType":"shopengine-account-navigation","elType":"widget"}],"isInner":false,"elType":"column"},{"id":"3d6cd2eb","settings":{"_column_size":50,"_inline_size":80,"ekit_all_conditions_list":[{"_id":"23499c2"}],"margin":{"unit":"px","top":"0","right":"0","bottom":"0","left":"0","isLinked":false},"padding":{"unit":"px","top":"0","right":"0","bottom":"0","left":"15","isLinked":false},"_inline_size_tablet":70,"margin_tablet":{"unit":"px","top":"0","right":"0","bottom":"0","left":"0","isLinked":false},"padding_tablet":{"unit":"px","top":"0","right":"15","bottom":"0","left":"15","isLinked":false}},"elements":[{"id":"68da8ef7","settings":{"ekit_all_conditions_list":[{"_id":"793bff1"}],"ekit_adv_tooltip_content":"Tooltip Content.","shopengine_account_address_title_typography_font_size":{"unit":"px","size":22,"sizes":[]},"shopengine_typography_primary_typography":"custom","shopengine_typography_primary_font_size":{"unit":"px","size":14,"sizes":[]},"shopengine_account_address_title_typography_font_family":"Barlow","shopengine_account_address_address_typography_font_family":"Barlow","shopengine_account_address_address_typography_font_weight":"500","shopengine_ad_address_message_clr":"#3A3A3A","shopengine_typography_primary_font_family":"Barlow","shopengine_typography_primary_font_weight":"400","shopengine_typography_primary_line_height":{"unit":"px","size":17,"sizes":[]},"shopengine_typography_secondary_typography":"custom"},"elements":[],"isInner":false,"widgetType":"shopengine-account-address","elType":"widget"}],"isInner":false,"elType":"column"}],"isInner":false,"elType":"section"}],"page_settings":[],"version":"0.4","title":"account address design 1","type":"page"}