{"content":[{"id":"10df8281","settings":{"structure":"20","padding":{"unit":"px","top":"100","right":"0","bottom":"100","left":"0","isLinked":false},"ekit_all_conditions_list":[{"_id":"3f7fec6"}],"ekit_section_parallax_multi_items":[],"margin_tablet":{"unit":"%","top":"0","right":0,"bottom":"0","left":0,"isLinked":false},"padding_tablet":{"unit":"px","top":"70","right":"0","bottom":"70","left":"0","isLinked":false},"padding_mobile":{"unit":"px","top":"50","right":"0","bottom":"50","left":"0","isLinked":false}},"elements":[{"id":"e58adb6","settings":{"_column_size":50,"_inline_size":20,"ekit_all_conditions_list":[{"_id":"0be1e6e"}],"_inline_size_tablet":30,"margin":{"unit":"px","top":"0","right":"0","bottom":"0","left":"0","isLinked":false},"margin_tablet":{"unit":"px","top":"0","right":"0","bottom":"0","left":"0","isLinked":false},"margin_mobile":{"unit":"px","top":"0","right":"0","bottom":"30","left":"0","isLinked":false},"padding":{"unit":"px","top":"0","right":"15","bottom":"0","left":"0","isLinked":false},"padding_tablet":{"unit":"px","top":"0","right":"15","bottom":"0","left":"15","isLinked":false},"padding_mobile":{"unit":"px","top":"0","right":"15","bottom":"0","left":"15","isLinked":false}},"elements":[{"id":"1b3c6960","settings":{"ekit_all_conditions_list":[{"_id":"00a9cce"}],"ekit_adv_tooltip_content":"Tooltip Content.","shopengine_account_navigation_list_color":"#9C9C9C","shopengine_account_navigation_list_active_bg":"#F5F5F5","shopengine_account_navigation_list_Typography_font_size":{"unit":"px","size":18,"sizes":[]},"shopengine_account_navigation_list_Typography_font_weight":"500","shopengine_account_navigation_list_Typography_line_height":{"unit":"px","size":48,"sizes":[]},"shopengine_account_navigation_box_shadow_box_shadow_type":"yes","shopengine_account_navigation_box_shadow_box_shadow":{"horizontal":0,"vertical":0,"blur":0,"spread":0,"color":"rgba(0,0,0,0.08)"},"_margin":{"unit":"px","top":"0","right":"0","bottom":"0","left":"0","isLinked":false},"_padding":{"unit":"px","top":"0","right":"0","bottom":"0","left":"0","isLinked":false}},"elements":[],"isInner":false,"widgetType":"shopengine-account-navigation","elType":"widget"}],"isInner":false,"elType":"column"},{"id":"11b75151","settings":{"_column_size":50,"_inline_size":80,"ekit_all_conditions_list":[{"_id":"23499c2"}],"margin":{"unit":"px","top":"0","right":"0","bottom":"0","left":"0","isLinked":false},"padding":{"unit":"px","top":"0","right":"0","bottom":"0","left":"15","isLinked":false},"_inline_size_tablet":70,"margin_tablet":{"unit":"px","top":"0","right":"0","bottom":"0","left":"0","isLinked":false},"margin_mobile":{"unit":"px","top":"0","right":"0","bottom":"0","left":"0","isLinked":false},"padding_tablet":{"unit":"px","top":"0","right":"15","bottom":"0","left":"15","isLinked":false},"padding_mobile":{"unit":"px","top":"0","right":"15","bottom":"0","left":"15","isLinked":false}},"elements":[{"id":"1bc03016","settings":{"shopengine_label_color":"#3A3A3A","shopengine_label_font_size":{"unit":"px","size":15,"sizes":[]},"shopengine_label_margin":{"unit":"px","top":"0","right":"0","bottom":"5","left":"0","isLinked":false},"shopengine_input_border_color":"#DEE3EA","shopengine_typography_secondary_font_size":{"unit":"px","size":15,"sizes":[]},"shopengine_typography_secondary_font_weight":"500","shopengine_typography_secondary_text_transform":"capitalize","shopengine_typography_secondary_line_height":{"unit":"px","size":"","sizes":[]},"_margin":{"unit":"px","top":"0","right":"0","bottom":"0","left":"0","isLinked":false},"_padding":{"unit":"px","top":"0","right":"0","bottom":"0","left":"0","isLinked":false},"ekit_all_conditions_list":[{"_id":"1a56695"}],"ekit_adv_tooltip_content":"Tooltip Content.","shopengine_input_color":"#555555","shopengine_typography_primary_font_size":{"unit":"px","size":22,"sizes":[]},"shopengine_typography_primary_font_weight":"600"},"elements":[],"isInner":false,"widgetType":"shopengine-account-details","elType":"widget"}],"isInner":false,"elType":"column"}],"isInner":false,"elType":"section"}],"page_settings":[],"version":"0.4","title":"Account Details Design 1","type":"page"}