{"content":[{"id":"2c469eaa","settings":{"ekit_all_conditions_list":[{"_id":"ca87791"}],"ekit_section_parallax_multi_items":[],"margin":{"unit":"px","top":"0","right":0,"bottom":"0","left":0,"isLinked":false},"margin_tablet":{"unit":"px","top":"","right":0,"bottom":"","left":0,"isLinked":true},"padding":{"unit":"px","top":"73","right":"0","bottom":"85","left":"0","isLinked":false},"background_background":"classic","background_color":"#00197A","shopengine_multistep_next_button_text":"Next","shopengine_multistep_previous_button_text":"Previous","content_width":{"unit":"px","size":1230,"sizes":[]},"background_image":{"url":"","id":"","alt":"","source":"library"},"background_position":"initial","background_ypos":{"unit":"px","size":-70,"sizes":[]},"background_repeat":"no-repeat","background_size":"cover","background_overlay_background":"classic","background_overlay_image":{"url":"https:\/\/wpmet.com\/plugin\/shopengine\/demos\/wp-content\/uploads\/sites\/2\/2021\/10\/checkout_bg_05.jpg","id":5605,"alt":"","source":"library"},"background_overlay_position":"initial","background_overlay_ypos":{"unit":"px","size":-75,"sizes":[]},"background_overlay_repeat":"no-repeat","background_overlay_size":"cover","background_overlay_opacity":{"unit":"px","size":0.299999999999999988897769753748434595763683319091796875,"sizes":[]},"overlay_blend_mode":"luminosity"},"elements":[{"id":"269a8abc","settings":{"_column_size":100,"_inline_size":null,"ekit_all_conditions_list":[{"_id":"b3af7a1"}],"space_between_widgets":0,"padding":{"unit":"px","top":"0","right":"15","bottom":"0","left":"15","isLinked":false}},"elements":[{"id":"6cb51d6c","settings":{"title":"Checkout","align":"center","title_color":"#FFFFFF","typography_typography":"custom","typography_font_family":"Inter","typography_font_size":{"unit":"px","size":60,"sizes":[]},"typography_font_weight":"700","typography_line_height":{"unit":"px","size":73,"sizes":[]},"ekit_all_conditions_list":[{"_id":"f7b94a0"}],"ekit_adv_tooltip_content":"Tooltip Content.","typography_font_size_mobile":{"unit":"px","size":45,"sizes":[]}},"elements":[],"isInner":false,"widgetType":"heading","elType":"widget"},{"id":"57ffe501","settings":{"view":"inline","icon_list":[{"text":"Home","selected_icon":{"value":"","library":""},"_id":"62f6f27","link":{"url":"https:\/\/wpmet.com\/plugin\/shopengine\/","is_external":"","nofollow":"","custom_attributes":""}},{"_id":"db998f8","text":"Shopping","selected_icon":{"value":"fas fa-circle","library":"fa-solid"},"link":{"url":"#","is_external":"","nofollow":"","custom_attributes":""}},{"text":"Checkout","selected_icon":{"value":"fas fa-circle","library":"fa-solid"},"_id":"73eacaa"}],"space_between":{"unit":"px","size":10,"sizes":[]},"icon_align":"center","icon_color":"#FFFFFF","icon_size":{"unit":"px","size":4,"sizes":[]},"icon_self_align":"center","text_color":"#FFFFFF","text_indent":{"unit":"px","size":10,"sizes":[]},"icon_typography_typography":"custom","icon_typography_font_family":"Inter","icon_typography_font_size":{"unit":"px","size":14,"sizes":[]},"icon_typography_font_weight":"500","icon_typography_line_height":{"unit":"px","size":17,"sizes":[]},"_margin":{"unit":"px","top":"2","right":"0","bottom":"0","left":"0","isLinked":false},"ekit_all_conditions_list":[{"_id":"0ad817e"}],"ekit_adv_tooltip_content":"Tooltip Content."},"elements":[],"isInner":false,"widgetType":"icon-list","elType":"widget"}],"isInner":false,"elType":"column"}],"isInner":false,"elType":"section"},{"id":"6862ca6a","settings":{"shopengine_multistep_next_button_text":"Next","shopengine_multistep_previous_button_text":"Previous","ekit_all_conditions_list":[{"_id":"7961c26"}],"ekit_section_parallax_multi_items":[],"content_width":{"unit":"px","size":1230,"sizes":[]}},"elements":[{"id":"22efb177","settings":{"_column_size":100,"_inline_size":null,"ekit_all_conditions_list":[{"_id":"4129aad"}],"space_between_widgets":0,"padding":{"unit":"px","top":"0","right":"15","bottom":"0","left":"15","isLinked":false}},"elements":[{"id":"2b0eaf85","settings":{"ekit_all_conditions_list":[{"_id":"25206a1"}],"ekit_adv_tooltip_content":"Tooltip Content.","_margin":{"unit":"px","top":"0","right":"0","bottom":"-31","left":"0","isLinked":false}},"elements":[],"isInner":false,"widgetType":"shopengine-notice","elType":"widget"}],"isInner":false,"elType":"column"}],"isInner":false,"elType":"section"},{"id":"146682fd","settings":{"gap":"custom","gap_columns_custom":{"unit":"px","size":25,"sizes":[]},"structure":"20","ekit_all_conditions_list":[{"_id":"46b3a85"}],"ekit_section_parallax_multi_items":[],"padding":{"unit":"px","top":"88","right":"0","bottom":"95","left":"0","isLinked":false},"shopengine_multistep_next_button_text":"Next","shopengine_multistep_previous_button_text":"Previous"},"elements":[{"id":"545e4767","settings":{"_column_size":50,"_inline_size":null,"ekit_all_conditions_list":[{"_id":"3cb90e4"}]},"elements":[{"id":"66ca33b8","settings":{"shopengine_title_font_size":{"unit":"px","size":18,"sizes":[]},"shopengine_title_margin":{"unit":"px","top":"0","right":"0","bottom":"30","left":"0","isLinked":false},"shopengine_form_container_padding":{"unit":"px","top":"30","right":"30","bottom":"0","left":"30","isLinked":false},"shopengine_label_font_size":{"unit":"px","size":15,"sizes":[]},"shopengine_input_label_margin":{"unit":"px","top":"0","right":"0","bottom":"1","left":"0","isLinked":false},"shopengine_typography_primary_font_family":"Barlow","shopengine_typography_primary_font_weight":"600","shopengine_typography_seconday_font_family":"Barlow","ekit_all_conditions_list":[{"_id":"11ae93a"}],"ekit_adv_tooltip_content":"Tooltip Content.","shopengine_input_padding":{"unit":"px","top":"14","right":"16","bottom":"14","left":"16","isLinked":false},"shopengine_checkout_form_billing_input_border_radius":{"unit":"px","top":"6","right":"6","bottom":"6","left":"6","isLinked":true}},"elements":[],"isInner":false,"widgetType":"shopengine-checkout-form-billing","elType":"widget"},{"id":"5d316f6c","settings":{"shopengine_checkout_form_additional_heading":"","shopengine_orders_body_text_typography_font_weight":"600","shopengine_checkout_form_additional_label_line_height":{"unit":"px","size":10,"sizes":[]},"shopengine_checkout_form_additional_textarea_color":"#555555","shopengine_checkout_form_additional_textarea_placeholder_color":"#979797","shopengine_checkout_form_additional_textarea_typography_font_size":{"unit":"px","size":13,"sizes":[]},"shopengine_checkout_form_additional_textarea_typography_line_height":{"unit":"px","size":16,"sizes":[]},"shopengine_checkout_form_additional_textarea_height":{"unit":"px","size":120,"sizes":[]},"shopengine_checkout_form_additional_textarea_margin":{"unit":"px","top":"17","right":"20","bottom":"0","left":"20","isLinked":false},"shopengine_checkout_form_additional_border_color":"#DEE3EA","shopengine_checkout_form_additional_font_family":"Barlow","_margin":{"unit":"px","top":"-20","right":"0","bottom":"0","left":"0","isLinked":false},"_padding":{"unit":"px","top":"05","right":"30","bottom":"30","left":"30","isLinked":false},"ekit_all_conditions_list":[{"_id":"e94e393"}],"ekit_adv_tooltip_content":"Tooltip Content.","_background_background":"classic","_background_color":"#F7F8FB","shopengine_checkout_form_additional_border_radius":{"unit":"px","top":"6","right":"6","bottom":"6","left":"6","isLinked":true}},"elements":[],"isInner":false,"widgetType":"shopengine-checkout-form-additional","elType":"widget"}],"isInner":false,"elType":"column"},{"id":"3039599d","settings":{"_column_size":50,"_inline_size":null,"ekit_all_conditions_list":[{"_id":"2723567"}]},"elements":[{"id":"4d749e75","settings":{"title":"order details","header_size":"h6","title_color":"#3A3A3A","typography_typography":"custom","typography_font_family":"Barlow","typography_font_size":{"unit":"px","size":18,"sizes":[]},"typography_font_weight":"600","typography_text_transform":"uppercase","typography_line_height":{"unit":"px","size":22,"sizes":[]},"ekit_all_conditions_list":[{"_id":"9ba4370"}],"ekit_adv_tooltip_content":"Tooltip Content."},"elements":[],"isInner":false,"widgetType":"heading","elType":"widget"},{"id":"5e5a0cda","settings":{"shopengine_orders_header_text_typography_font_size":{"unit":"px","size":15,"sizes":[]},"shopengine_orders_header_text_typography_line_height":{"unit":"px","size":18,"sizes":[]},"shopengine_download_body_row_border_width":{"unit":"px","top":0,"right":0,"bottom":"0","left":0,"isLinked":true},"_background_color":"#F7F8FB","ekit_all_conditions_list":[{"_id":"263cfc6"}],"ekit_adv_tooltip_content":"Tooltip Content.","shopengine_checkout_order_review_horizontial_padding":{"unit":"px","size":30,"sizes":[]},"shopengine_footer_color_border_width":{"unit":"px","top":0,"right":0,"bottom":"0","left":0,"isLinked":true},"shopengine_download_body_row_border_color":"","shopengine_orders_body_text_typography_font_family":"Rubik","shopengine_orders_body_text_typography_font_size":{"unit":"px","size":14,"sizes":[]},"shopengine_orders_body_text_typography_line_height":{"unit":"px","size":14,"sizes":[]},"_padding":{"unit":"px","top":"30","right":"30","bottom":"0","left":"30","isLinked":false},"shopengine_table_heading_data_padding":{"unit":"px","top":"0","right":"0","bottom":"18","left":"0","isLinked":false},"shopengine_table_heading_border_color":"#0000001A","shopengine_table_body_data_padding":{"unit":"px","top":"0","right":"0","bottom":"4","left":"0","isLinked":false},"shopengine_footer_row_border_color":"#0000001A","shopengine_footer_row_border_last_child":"","_background_background":"classic","shopengine_table_header_padding":{"unit":"px","top":"0","right":"0","bottom":"17","left":"0","isLinked":false},"shopengine_orders_body_background":"","shopengine_table_footer_data_padding":{"unit":"px","top":"22","right":"0","bottom":"22","left":"0","isLinked":false},"__globals__":{"shopengine_orders_body_background":""},"shopengine_footer_color_typography_font_size":{"unit":"px","size":15,"sizes":[]},"shopengine_footer_color_typography_font_weight":"600","_margin":{"unit":"px","top":"12","right":"0","bottom":"0","left":"0","isLinked":false},"shopengine_table_body_spacing":{"unit":"px","size":4,"sizes":[]},"shopengine_checkout_review_order_font_family":"Barlow","shopengine_orders_body_price_typography_font_weight":"600","shopengine_orders_header_border_shadow_color":"#00000000","shopengine_orders_items_border_shadow_color":"#00000000","shopengine_orders_footer_border_shadow_color":"#00000000"},"elements":[],"isInner":false,"widgetType":"shopengine-checkout-review-order","elType":"widget"},{"id":"edbacac","settings":{"shopengine_payment_divider_clr":"#F7F8FB","shopengine_checkout_payment_container_bg":"#F7F8FB","ekit_all_conditions_list":[{"_id":"83cb1c5"}],"ekit_adv_tooltip_content":"Tooltip Content.","shopengine_checkout_payment_container_padding":{"unit":"px","top":"10","right":"30","bottom":"30","left":"30","isLinked":false},"_padding":{"unit":"px","top":"30","right":"30","bottom":"30","left":"30","isLinked":true},"shopengine_payment_order_button_radius":{"unit":"px","top":"0","right":"0","bottom":"0","left":"0","isLinked":true},"shopengine_payment_checkbox_normal_color":"#505255","shopengine_payment_checkbox_checked_color":"#3A3A3A","shopengine_payment_order_button_tabs_normal_clr":"#FFFFFF","shopengine_payment_order_button_padding":{"unit":"px","top":"16","right":"15","bottom":"16","left":"15","isLinked":false},"shopengine_payment_label_typography_font_size":{"unit":"px","size":14,"sizes":[]},"shopengine_payment_content_typography_font_size":{"unit":"px","size":13,"sizes":[]},"shopengine_payment_label_typography_font_family":"Barlow","shopengine_payment_label_typography_font_weight":"400","shopengine_payment_content_typography_line_height":{"unit":"px","size":14,"sizes":[]},"shopengine_payment_methods_list_padding":{"unit":"px","top":"0","right":"0","bottom":"18","left":"0","isLinked":false},"shopengine_payment_order_button_typography_font_family":"Barlow","shopengine_payment_order_button_typography_font_size":{"unit":"px","size":16,"sizes":[]},"shopengine_payment_order_button_typography_text_transform":"capitalize","shopengine_payment_order_button_shadow_box_shadow_type":"yes","shopengine_payment_order_button_shadow_box_shadow":{"horizontal":0,"vertical":0,"blur":"","spread":0,"color":"rgba(0,0,0,0.5)"},"shopengine_payment_order_button_wrap_margin":{"unit":"px","top":"0","right":"0","bottom":"0","left":"0","isLinked":true},"_background_background":"classic","_background_color":"#F7F8FB","custom_css":"selector .shopengine-widget .shopengine-checkout-payment #payment .wc_payment_method label img,rnselector .shopengine-widget .shopengine-checkout-payment #payment .woocommerce-terms-and-conditions-wrapper label img {rn  display: none;rn}","shopengine_payment_methods_checkbox_position_y":{"unit":"px","size":1,"sizes":[]},"_margin":{"unit":"px","top":"-19","right":"0","bottom":"0","left":"0","isLinked":false},"shopengine_payment_url_clr":"#000000","shopengine_archive_products_font_family":"Barlow","shopengine_payment_order_button_tabs_normal_bg":"#2851F3","shopengine_payment_method_radio_input_color":"#2851F3"},"elements":[],"isInner":false,"widgetType":"shopengine-checkout-payment","elType":"widget"},{"id":"69737cbc","settings":{"content_position":"middle","margin":{"unit":"px","top":"0","right":0,"bottom":"0","left":0,"isLinked":false},"ekit_all_conditions_list":[{"_id":"3d25bcd"}],"ekit_section_parallax_multi_items":[],"shopengine_multistep_next_button_text":"Next","shopengine_multistep_previous_button_text":"Previous"},"elements":[{"id":"5f8c45ca","settings":{"_column_size":100,"_inline_size":null,"ekit_all_conditions_list":[{"_id":"c3c1519"}]},"elements":[{"id":"492e3416","settings":{"title":"Secured by:","header_size":"h6","title_color":"#333333","typography_typography":"custom","typography_font_family":"Barlow","typography_font_size":{"unit":"px","size":14,"sizes":[]},"typography_font_weight":"400","typography_line_height":{"unit":"px","size":-0.040000000000000000832667268468867405317723751068115234375,"sizes":[]},"_element_width":"auto","ekit_all_conditions_list":[{"_id":"9ba4370"}],"ekit_adv_tooltip_content":"Tooltip Content."},"elements":[],"isInner":false,"widgetType":"heading","elType":"widget"},{"id":"7454ab5f","settings":{"image":{"url":"https:\/\/wpmet.com\/plugin\/shopengine\/demos\/wp-content\/uploads\/sites\/2\/2021\/10\/norton.png","id":845,"alt":"","source":"library"},"_margin":{"unit":"px","top":"0","right":"0","bottom":"0","left":"015","isLinked":false},"ekit_all_conditions_list":[{"_id":"c0ff8c8"}],"ekit_adv_tooltip_content":"Tooltip Content.","_element_width":"auto"},"elements":[],"isInner":false,"widgetType":"image","elType":"widget"},{"id":"3e20e59f","settings":{"image":{"url":"https:\/\/wpmet.com\/plugin\/shopengine\/demos\/wp-content\/uploads\/sites\/2\/2021\/10\/macfee.png","id":846,"alt":"","source":"library"},"_margin":{"unit":"px","top":"0","right":"0","bottom":"0","left":"015","isLinked":false},"ekit_all_conditions_list":[{"_id":"c0ff8c8"}],"ekit_adv_tooltip_content":"Tooltip Content.","_element_width":"auto"},"elements":[],"isInner":false,"widgetType":"image","elType":"widget"}],"isInner":true,"elType":"column"}],"isInner":true,"elType":"section"}],"isInner":false,"elType":"column"}],"isInner":false,"elType":"section"}],"page_settings":[],"version":"0.4","title":"Checkout design 10","type":"page"}