{"content":[{"id":"67917e73","settings":{"content_width":{"unit":"px","size":1230,"sizes":[]},"background_background":"classic","background_image":{"url":"https:\/\/wpmet.com\/plugin\/shopengine\/demos\/wp-content\/uploads\/sites\/2\/2021\/10\/shop_bg_09.jpg","id":5602,"alt":"","source":"library"},"background_repeat":"no-repeat","background_size":"cover","background_overlay_background":"classic","background_overlay_image":{"url":"","id":"","alt":"","source":"library"},"background_overlay_position":"center center","background_overlay_repeat":"no-repeat","background_overlay_opacity":{"unit":"px","size":0.59999999999999997779553950749686919152736663818359375,"sizes":[]},"padding":{"unit":"px","top":"140","right":"0","bottom":"28","left":"0","isLinked":false},"ekit_all_conditions_list":[{"_id":"fd3d54b"}],"ekit_section_parallax_multi_items":[],"background_overlay_ypos":{"unit":"px","size":-76,"sizes":[]},"background_overlay_size":"cover","background_attachment":"scroll","background_overlay_color":"#161C2D","ekit_section_parallax_bg":"yes"},"elements":[{"id":"276bad2e","settings":{"_column_size":100,"_inline_size":null,"space_between_widgets":0,"padding":{"unit":"px","top":"0","right":"15","bottom":"0","left":"15","isLinked":false},"ekit_all_conditions_list":[{"_id":"08903e0"}]},"elements":[{"id":"4ffed778","settings":{"layout":"full_width","ekit_all_conditions_list":[{"_id":"99bb715"}],"ekit_section_parallax_multi_items":[]},"elements":[{"id":"4d4b6edf","settings":{"_column_size":100,"_inline_size":null,"space_between_widgets":0,"padding":{"unit":"px","top":"0","right":"0","bottom":"0","left":"0","isLinked":true},"ekit_all_conditions_list":[{"_id":"960d583"}],"align_tablet":"center"},"elements":[{"id":"6a5274cb","settings":{"title":"Shop Grid","header_size":"h1","align":"left","title_color":"#FFFFFF","typography_typography":"custom","typography_font_family":"Inter","typography_font_size":{"unit":"px","size":60,"sizes":[]},"typography_font_weight":"700","typography_line_height":{"unit":"px","size":73,"sizes":[]},"ekit_all_conditions_list":[{"_id":"e1fe894"}],"ekit_adv_tooltip_content":"Tooltip Content.","typography_text_transform":"capitalize"},"elements":[],"isInner":false,"widgetType":"heading","elType":"widget"},{"id":"4ffa7f21","settings":{"view":"inline","icon_list":[{"text":"Home","selected_icon":{"value":"","library":""},"_id":"62f6f27","link":{"url":"https:\/\/wpmet.com\/plugin\/shopengine\/","is_external":"","nofollow":"","custom_attributes":""}},{"_id":"db998f8","text":"Shop Grid","selected_icon":{"value":"fas fa-circle","library":"fa-solid"}}],"space_between":{"unit":"px","size":10,"sizes":[]},"icon_align":"left","icon_color":"#FFFFFF","icon_size":{"unit":"px","size":4,"sizes":[]},"icon_self_align":"center","text_color":"#FFFFFF","text_indent":{"unit":"px","size":10,"sizes":[]},"icon_typography_typography":"custom","icon_typography_font_family":"Inter","icon_typography_font_size":{"unit":"px","size":14,"sizes":[]},"icon_typography_font_weight":"500","icon_typography_line_height":{"unit":"px","size":17,"sizes":[]},"_margin":{"unit":"px","top":"5","right":"0","bottom":"57","left":"0","isLinked":false},"ekit_all_conditions_list":[{"_id":"0ad817e"}],"ekit_adv_tooltip_content":"Tooltip Content."},"elements":[],"isInner":false,"widgetType":"icon-list","elType":"widget"}],"isInner":true,"elType":"column"}],"isInner":true,"elType":"section"}],"isInner":false,"elType":"column"}],"isInner":false,"elType":"section"},{"id":"a062790","settings":{"structure":"30","margin_tablet":{"unit":"px","top":"9","right":0,"bottom":"0","left":0,"isLinked":false},"ekit_all_conditions_list":[{"_id":"1fa69d9"}],"ekit_section_parallax_multi_items":[],"margin":{"unit":"px","top":"","right":0,"bottom":"","left":0,"isLinked":true},"padding":{"unit":"px","top":"80","right":"0","bottom":"40","left":"0","isLinked":false},"content_width":{"unit":"px","size":1230,"sizes":[]},"background_background":"classic"},"elements":[{"id":"104df1ae","settings":{"_column_size":33,"_inline_size":55.85199999999999675992512493394315242767333984375,"content_position":"center","ekit_all_conditions_list":[{"_id":"a98f7b3"}],"padding":{"unit":"px","top":"0","right":"15","bottom":"0","left":"15","isLinked":false}},"elements":[{"id":"7b01a9a1","settings":{"ekit_all_conditions_list":[{"_id":"a4a033e"}],"ekit_adv_tooltip_content":"Tooltip Content.","shopengine_result_count_align_mobile":"right"},"elements":[],"isInner":false,"widgetType":"shopengine-archive-result-count","elType":"widget"}],"isInner":false,"elType":"column"},{"id":"83c58fb","settings":{"_column_size":33,"_inline_size":31.6159999999999996589394868351519107818603515625,"_inline_size_tablet":24,"content_position":"center","ekit_all_conditions_list":[{"_id":"c4324b5"}],"padding":{"unit":"px","top":"0","right":"15","bottom":"0","left":"15","isLinked":false}},"elements":[{"id":"66325830","settings":{"shopengine_ppp_list":"9, 12, 18, 24","shopengine_ppp_alignment":"flex-end","ekit_all_conditions_list":[{"_id":"80e8c92"}],"ekit_adv_tooltip_content":"Tooltip Content."},"elements":[],"isInner":false,"widgetType":"shopengine-filter-products-per-page","elType":"widget"}],"isInner":false,"elType":"column"},{"id":"726d4281","settings":{"_column_size":33,"_inline_size":11.730000000000000426325641456060111522674560546875,"_inline_size_tablet":20,"content_position":"center","ekit_all_conditions_list":[{"_id":"a98f7b3"}],"padding":{"unit":"px","top":"0","right":"6","bottom":"0","left":"15","isLinked":false}},"elements":[{"id":"decc98","settings":{"shopengine_filter_price_title":"Price Range","shopengine_filter_rating_title":"Product rating","shopengine_filter_color_title":"Product Colors","shopengine_filter_category_title":"Product Categories","shopengine_filter_category_hide_empty":"yes","shopengine_filter_toggle_button":"yes","shopengine_filter_toggle_button_toggler":"Filter","shopengine_filter_toggle_button_toggler_alignment":"right","shopengine_filter_toggle_button_toggler_alignment_mobile":"right","shopengine_section_filter_content_width":{"unit":"px","size":1200,"sizes":[]},"shopengine_section_filter_content_width_tablet":{"unit":"px","size":730,"sizes":[]},"shopengine_section_filter_content_width_mobile":{"unit":"px","size":321,"sizes":[]},"shopengine_section_filter_layout_col_number":{"unit":"px","size":4,"sizes":[]},"shopengine_section_filter_layout_col_padding":{"unit":"px","top":"0","right":"15","bottom":"030","left":"15","isLinked":false},"shopengine_filter_title_spacing":{"unit":"px","size":2,"sizes":[]},"shopengine_filter_color_line_spacing":{"unit":"px","size":20,"sizes":[]},"shopengine_checkbox_margin_right":{"unit":"px","size":14,"sizes":[]},"shopengine_filter_toggler_margin":{"unit":"px","top":"0","right":"0","bottom":"0","left":"0","isLinked":false},"ekit_all_conditions_list":[{"_id":"44d3f38"}],"ekit_adv_tooltip_content":"Tooltip Content.","_element_width":"inherit","shopengine_section_filter_layout_col_number_mobile":{"unit":"px","size":1,"sizes":[]},"shopengine_section_filter_content_padding_mobile":{"unit":"px","top":"10","right":"10","bottom":"10","left":"10","isLinked":true},"shopengine_section_filter_layout_col_number_tablet":{"unit":"px","size":2,"sizes":[]},"shopengine_filter_image_title":"Product Images","shopengine_filter_label_title":"Product Label","shopengine_filter_shipping_title":"Shipping","shopengine_filter_stock_title":"Stock","shopengine_filter_onsale_title":"On Sale","shopengine_attributes_list":[],"shopengine_filter_except_category":["75","115","94","82","57","56"]},"elements":[],"isInner":false,"widgetType":"shopengine-product-filters","elType":"widget"}],"isInner":false,"elType":"column"}],"isInner":false,"elType":"section"},{"id":"6f4e1e22","settings":{"ekit_all_conditions_list":[{"_id":"ff0d4fc"}],"ekit_section_parallax_multi_items":[],"padding":{"unit":"px","top":"0","right":"0","bottom":"120","left":"0","isLinked":false},"content_width":{"unit":"px","size":1230,"sizes":[]}},"elements":[{"id":"2db25ee","settings":{"_column_size":100,"_inline_size":null,"padding":{"unit":"px","top":"0","right":"15","bottom":"0","left":"15","isLinked":false},"ekit_all_conditions_list":[{"_id":"9cef66a"}]},"elements":[{"id":"181e6c21","settings":{"shopengine_is_details":"yes","shopengine_is_hover_details":"yes","shopengine_pagination_prev_text":"Previous","shopengine_pagination_next_text":"Next","shopengine_pagination_loadmore_text":"Load More","shopengine_background":"#FFFFFF","shopengine__border_border":"solid","shopengine__border_width_mobile":{"unit":"px","top":"1","right":"1","bottom":"1","left":"1","isLinked":true},"shopengine__border_color_mobile":"#E6E6E6","shopengine_margin":{"unit":"px","size":24,"sizes":[]},"shopengine_archive_products_container_row_spacing":{"unit":"px","size":9,"sizes":[]},"shopengine_archive_products_container_row_spacing_mobile":{"unit":"px","size":28,"sizes":[]},"shopengine_archive_footer_padding":{"unit":"px","top":"0","right":"15","bottom":"30","left":"15","isLinked":false},"shopengine_archvie_btn_margin":{"unit":"px","top":"0","right":"8","bottom":"0","left":"8","isLinked":false},"shopengine_pagi_radius":{"unit":"px","size":34,"sizes":[]},"shopengine_pagi_mg":{"unit":"px","top":"40","right":"0","bottom":"0","left":"10","isLinked":false},"ekit_all_conditions_list":[{"_id":"0655653"}],"ekit_adv_tooltip_content":"Tooltip Content.","shopengine_custom_ordering_list":[{"list_title":"Quick View","list_key":"quick-view","_id":"19619bf"},{"list_title":"Wishlist","list_key":"wishlist","_id":"e1e2e72"},{"list_title":"Add to Cart","list_key":"add-to-cart","_id":"3776c39"},{"list_title":"Comparison","list_key":"comparison","_id":"273521e"}],"shopengine_pagi_align":"left"},"elements":[],"isInner":false,"widgetType":"shopengine-archive-products","elType":"widget"}],"isInner":false,"elType":"column"}],"isInner":false,"elType":"section"}],"page_settings":[],"version":"0.4","title":"Shop design 4","type":"page"}