{"content":[{"id":"72fe0394","settings":{"content_width":{"unit":"px","size":1230,"sizes":[]},"shopengine_multistep_next_button_text":"Next","shopengine_multistep_previous_button_text":"Previous","background_background":"gradient","background_color":"#F2F3F6","background_color_stop":{"unit":"%","size":20.5,"sizes":[]},"background_color_b":"#00000000","background_color_b_stop":{"unit":"%","size":0,"sizes":[]},"padding":{"unit":"px","top":"70","right":"0","bottom":"140","left":"0","isLinked":false},"ekit_all_conditions_list":[{"_id":"5c4765f"}],"ekit_section_parallax_multi_items":[]},"elements":[{"id":"1b672e27","settings":{"_column_size":100,"_inline_size":null,"space_between_widgets":0,"padding":{"unit":"px","top":"0","right":"15","bottom":"0","left":"15","isLinked":false},"ekit_all_conditions_list":[{"_id":"8d60c06"}]},"elements":[{"id":"248d5478","settings":{"layout":"full_width","content_position":"middle","shopengine_multistep_next_button_text":"Next","shopengine_multistep_previous_button_text":"Previous","structure":"20","background_background":"classic","background_color":"#FF3566","margin":{"unit":"px","top":"0","right":0,"bottom":"30","left":0,"isLinked":false},"padding":{"unit":"px","top":"0","right":"45","bottom":"0","left":"45","isLinked":false},"ekit_all_conditions_list":[{"_id":"4f4ae7e"}],"ekit_section_parallax_multi_items":[],"overflow":"hidden","padding_tablet":{"unit":"px","top":"0","right":"15","bottom":"0","left":"15","isLinked":false},"padding_mobile":{"unit":"px","top":"30","right":"0","bottom":"0","left":"0","isLinked":false}},"elements":[{"id":"31fe368f","settings":{"_column_size":50,"_inline_size":36,"space_between_widgets":0,"padding":{"unit":"px","top":"0","right":"15","bottom":"0","left":"15","isLinked":false},"ekit_all_conditions_list":[{"_id":"057ca23"}],"_inline_size_tablet":50,"padding_mobile":{"unit":"px","top":"0","right":"15","bottom":"0","left":"15","isLinked":false}},"elements":[{"id":"40341a1b","settings":{"title":"Xiami Mi Band 7","header_size":"h6","title_color":"#FFFFFF","typography_typography":"custom","typography_font_family":"Inter","typography_font_size":{"unit":"px","size":16,"sizes":[]},"typography_font_weight":"500","typography_line_height":{"unit":"px","size":19,"sizes":[]},"_margin":{"unit":"px","top":"0","right":"0","bottom":"7","left":"0","isLinked":false},"ekit_all_conditions_list":[{"_id":"184adee"}],"ekit_adv_tooltip_content":"Tooltip Content."},"elements":[],"isInner":false,"widgetType":"heading","elType":"widget"},{"id":"5b7108ac","settings":{"title":"Dynamic Watch Color Screen","header_size":"h3","title_color":"#FFFFFF","typography_typography":"custom","typography_font_family":"Inter","typography_font_size":{"unit":"px","size":40,"sizes":[]},"typography_font_weight":"700","typography_line_height":{"unit":"px","size":44,"sizes":[]},"ekit_all_conditions_list":[{"_id":"f7cea1b"}],"ekit_adv_tooltip_content":"Tooltip Content."},"elements":[],"isInner":false,"widgetType":"heading","elType":"widget"}],"isInner":true,"elType":"column"},{"id":"3f069706","settings":{"_column_size":50,"_inline_size":64,"align":"flex-end","space_between_widgets":0,"padding":{"unit":"px","top":"0","right":"15","bottom":"0","left":"15","isLinked":false},"ekit_all_conditions_list":[{"_id":"057ca23"}],"_inline_size_tablet":50,"align_mobile":"center"},"elements":[{"id":"72d7d6e5","settings":{"image":{"url":"https:\/\/wpmet.com\/plugin\/shopengine\/demos\/wp-content\/uploads\/sites\/2\/2022\/05\/checkout_watch_1.png","id":4043,"alt":"","source":"library"},"_element_width":"auto","ekit_all_conditions_list":[{"_id":"a5f1f7a"}],"ekit_adv_tooltip_content":"Tooltip Content.","_element_width_mobile":"auto","_element_vertical_align_tablet":"center"},"elements":[],"isInner":false,"widgetType":"image","elType":"widget"},{"id":"1c2814c0","settings":{"image":{"url":"https:\/\/wpmet.com\/plugin\/shopengine\/demos\/wp-content\/uploads\/sites\/2\/2022\/05\/checkout_watch_2.png","id":4044,"alt":"","source":"library"},"_padding":{"unit":"px","top":"0","right":"0","bottom":"0","left":"80","isLinked":false},"_element_width":"auto","ekit_all_conditions_list":[{"_id":"a5f1f7a"}],"ekit_adv_tooltip_content":"Tooltip Content.","_element_vertical_align":"center","_css_classes":"img-blend--luminosity","_padding_tablet":{"unit":"px","top":"0","right":"0","bottom":"0","left":"0","isLinked":false}},"elements":[],"isInner":false,"widgetType":"image","elType":"widget"}],"isInner":true,"elType":"column"}],"isInner":true,"elType":"section"},{"id":"5d922b73","settings":{"layout":"full_width","shopengine_multistep_next_button_text":"Next","shopengine_multistep_previous_button_text":"Previous","structure":"20","background_background":"classic","background_color":"#FFFFFF","box_shadow_box_shadow_type":"yes","box_shadow_box_shadow":{"horizontal":0,"vertical":30,"blur":50,"spread":0,"color":"rgba(22, 28.000000000000004, 45, 0.1)"},"padding":{"unit":"px","top":"44","right":"25","bottom":"52","left":"25","isLinked":false},"ekit_all_conditions_list":[{"_id":"5ed2da3"}],"ekit_section_parallax_multi_items":[],"margin":{"unit":"px","top":"","right":0,"bottom":"","left":0,"isLinked":true},"padding_mobile":{"unit":"px","top":"0","right":"0","bottom":"0","left":"0","isLinked":false}},"elements":[{"id":"5de7d123","settings":{"_column_size":50,"_inline_size":62,"space_between_widgets":0,"padding":{"unit":"px","top":"0","right":"50","bottom":"0","left":"25","isLinked":false},"ekit_all_conditions_list":[{"_id":"1b4b3c2"}],"padding_tablet":{"unit":"px","top":"0","right":"15","bottom":"0","left":"0","isLinked":false},"padding_mobile":{"unit":"px","top":"45","right":"15","bottom":"45","left":"15","isLinked":false}},"elements":[{"id":"35a50dba","settings":{"title":"Billing Details","title_color":"#161C2D","typography_typography":"custom","typography_font_family":"Inter","typography_font_size":{"unit":"px","size":26,"sizes":[]},"typography_font_weight":"600","typography_line_height":{"unit":"px","size":31,"sizes":[]},"_margin":{"unit":"px","top":"0","right":"0","bottom":"28","left":"0","isLinked":false},"ekit_all_conditions_list":[{"_id":"5a942d6"}],"ekit_adv_tooltip_content":"Tooltip Content."},"elements":[],"isInner":false,"widgetType":"heading","elType":"widget"},{"id":"435741d6","settings":{"shopengine_title_font_size":{"unit":"px","size":18,"sizes":[]},"shopengine_title_margin":{"unit":"px","top":"0","right":"0","bottom":"30","left":"0","isLinked":false},"shopengine_form_container_padding":{"unit":"px","top":"","right":"","bottom":"","left":"","isLinked":true},"shopengine_label_font_size":{"unit":"px","size":14,"sizes":[]},"shopengine_input_label_margin":{"unit":"px","top":"0","right":"0","bottom":"3","left":"0","isLinked":false},"shopengine_typography_primary_font_family":"Inter","shopengine_typography_primary_font_weight":"500","shopengine_typography_seconday_font_family":"Inter","ekit_all_conditions_list":[{"_id":"11ae93a"}],"ekit_adv_tooltip_content":"Tooltip Content.","_background_background":"classic","shopengine_layout_heading_status":"","shopengine_form_container_background":"","shopengine_input_label_color":"#161C2D","shopengine_input_required_indicator_color":"#CA0436","shopengine_input_color":"#7E8084","shopengine_input_background":"#FFFFFF","shopengine_input_border_width":{"unit":"px","top":"2","right":"2","bottom":"2","left":"2","isLinked":true},"shopengine_input_border_color":"#EAEAEA","shopengine_input_border_focus_border":"solid","shopengine_input_border_focus_width":{"unit":"px","top":"2","right":"2","bottom":"2","left":"2","isLinked":true},"shopengine_input_border_focus_color":"#D9D9D9","shopengine_input_padding":{"unit":"px","top":"15","right":"24","bottom":"14","left":"24","isLinked":false},"shopengine_input_color_placeholder":"#7E8084","shopengine_typography_primary_text_transform":"capitalize","shopengine_checkout_form_billing_input_border_radius":{"unit":"px","top":"6","right":"6","bottom":"6","left":"6","isLinked":true}},"elements":[],"isInner":false,"widgetType":"shopengine-checkout-form-billing","elType":"widget"},{"id":"6548256","settings":{"shopengine_checkout_form_additional_heading":"","shopengine_orders_body_text_typography_font_weight":"500","shopengine_checkout_form_additional_label_line_height":{"unit":"px","size":5,"sizes":[]},"shopengine_checkout_form_additional_textarea_color":"#7E8084","shopengine_checkout_form_additional_textarea_placeholder_color":"#7E8084","shopengine_checkout_form_additional_textarea_typography_font_size":{"unit":"px","size":14,"sizes":[]},"shopengine_checkout_form_additional_textarea_typography_line_height":{"unit":"px","size":16,"sizes":[]},"shopengine_checkout_form_additional_textarea_height":{"unit":"px","size":125,"sizes":[]},"shopengine_checkout_form_additional_textarea_margin":{"unit":"px","top":"17","right":"20","bottom":"0","left":"24","isLinked":false},"shopengine_checkout_form_additional_border_color":"#EAEAEA","shopengine_checkout_form_additional_font_family":"Inter","ekit_all_conditions_list":[{"_id":"e94e393"}],"ekit_adv_tooltip_content":"Tooltip Content.","_background_background":"classic","shopengine_checkout_form_additional_textarea_bg_color":"#FFFFFF","shopengine_checkout_form_additional_border_width":{"unit":"px","top":"2","right":"2","bottom":"2","left":"2","isLinked":true},"shopengine_checkout_form_additional_label_color":"#161C2D","shopengine_orders_body_text_typography_font_size":{"unit":"px","size":14,"sizes":[]},"shopengine_checkout_form_additional_textarea_focus_color":"#D9D9D9","_margin":{"unit":"px","top":"8","right":"0","bottom":"0","left":"0","isLinked":false},"shopengine_checkout_form_additional_border_radius":{"unit":"px","top":"6","right":"6","bottom":"6","left":"6","isLinked":true}},"elements":[],"isInner":false,"widgetType":"shopengine-checkout-form-additional","elType":"widget"},{"id":"5e90a94","settings":{"title":"Your Products","title_color":"#161C2D","typography_typography":"custom","typography_font_family":"Inter","typography_font_size":{"unit":"px","size":26,"sizes":[]},"typography_font_weight":"600","typography_line_height":{"unit":"px","size":31,"sizes":[]},"_margin":{"unit":"px","top":"43","right":"0","bottom":"32","left":"0","isLinked":false},"ekit_all_conditions_list":[{"_id":"5a942d6"}],"ekit_adv_tooltip_content":"Tooltip Content."},"elements":[],"isInner":false,"widgetType":"heading","elType":"widget"},{"id":"1d0b1676","settings":{"shopengine_orders_header_color":"#161C2D","shopengine_table_header_padding":{"unit":"px","top":"0","right":"0","bottom":"10","left":"0","isLinked":false},"shopengine_table_body_text_color":"#575C65","shopengine_orders_body_background":"#FFFFFF","shopengine_table_body_price_color":"#161C2D","shopengine_orders_body_price_typography_font_weight":"400","shopengine_orders_body_text_typography_font_size":{"unit":"px","size":15,"sizes":[]},"shopengine_orders_body_text_typography_line_height":{"unit":"px","size":"","sizes":[]},"shopengine_footer_text_color":"#161C2D","shopengine_footer_price_color":"#2851F3","shopengine_orders_footer_border_color":"#E7E7E7","shopengine_footer_color_typography_font_size":{"unit":"px","size":15,"sizes":[]},"shopengine_footer_color_typography_font_weight":"500","shopengine_table_footer_data_padding":{"unit":"px","top":"18","right":"0","bottom":"18","left":"0","isLinked":false},"shopengine_checkout_review_order_font_family":"Inter","ekit_all_conditions_list":[{"_id":"9a45b02"}],"ekit_adv_tooltip_content":"Tooltip Content.","shopengine_orders_header_text_typography_font_size":{"unit":"px","size":16,"sizes":[]},"shopengine_table_body_image_size":{"unit":"px","size":0,"sizes":[]},"shopengine_orders_header_border_color":"#E7E7E7","shopengine_orders_items_border_color":"#E7E7E7","shopengine_table_body_data_padding":{"unit":"px","top":"18","right":"0","bottom":"18","left":"0","isLinked":false},"_margin":{"unit":"px","top":"0","right":"0","bottom":"20","left":"0","isLinked":false}},"elements":[],"isInner":false,"widgetType":"shopengine-checkout-review-order","elType":"widget"},{"id":"3d663fec","settings":{"ekit_all_conditions_list":[{"_id":"87baf2b"}],"ekit_adv_tooltip_content":"Tooltip Content.","hide_desktop":"hidden-desktop","hide_tablet":"hidden-tablet","hide_mobile":"hidden-mobile"},"elements":[],"isInner":false,"widgetType":"shopengine-checkout-shipping-methods","elType":"widget"},{"id":"562cba3a","settings":{"shopengine_checkout_coupon_form_info_color":"#575C65","shopengine_checkout_coupon_form_info_link_color":"#2851F3","shopengine_checkout_coupon_form_info_link_hover_color":"","shopengine_checkout_coupon_form_info_bg_color":"","shopengine_checkout_coupon_form_info_padding":{"unit":"px","top":"14","right":"0","bottom":"10","left":"0","isLinked":false},"shopengine_coupon_form_button_background_color":"#FF3566","shopengine_coupon_form_border_color":"","_margin":{"unit":"px","top":"0","right":"0","bottom":"12","left":"0","isLinked":false},"ekit_all_conditions_list":[{"_id":"a680590"}],"ekit_adv_tooltip_content":"Tooltip Content.","shopengine_section_checkout_coupon_form_button_typography_font_size":{"unit":"px","size":16,"sizes":[]},"shopengine_coupon_form_font_family":"Inter","shopengine_checkout_coupon_form_info_typography_font_size":{"unit":"px","size":15,"sizes":[]},"shopengine_checkout_coupon_form_description_color":"#575C65","shopengine_checkout_coupon_form_description_typography_font_size":{"unit":"px","size":14,"sizes":[]},"shopengine_checkout_coupon_form_label_color":"#7E8084","shopengine_checkout_coupon_form_label_typography_font_size":{"unit":"px","size":14,"sizes":[]},"shopengine_checkout_coupon_form_label_border_width":{"unit":"px","top":"2","right":"2","bottom":"2","left":"2","isLinked":true},"shopengine_checkout_coupon_form_label_border_color":"#EAEAEA","shopengine_checkout_coupon_form_label_radius":{"unit":"px","top":"6","right":"6","bottom":"6","left":"6","isLinked":true},"shopengine_coupon_form_button_background_hover_color":"#161C2D","shopengine_coupon_form_border_radius":{"unit":"px","top":"6","right":"6","bottom":"6","left":"6","isLinked":true},"shopengine_checkout_coupon_form_label_typography_line_height":{"unit":"px","size":17,"sizes":[]},"shopengine_checkout_coupon_form_label_padding":{"unit":"px","top":"15","right":"15","bottom":"14","left":"15","isLinked":false},"shopengine_section_checkout_coupon_form_button_typography_text_transform":"capitalize","shopengine_section_checkout_coupon_form_button_typography_line_height":{"unit":"px","size":19,"sizes":[]},"shopengine_coupon_form_border_width":{"unit":"px","top":"0","right":"0","bottom":"0","left":"0","isLinked":true},"shopengine_coupon_form_button_padding":{"unit":"px","top":"16","right":"40","bottom":"15","left":"40","isLinked":false}},"elements":[],"isInner":false,"widgetType":"shopengine-checkout-coupon-form","elType":"widget"},{"id":"3b473eb0","settings":{"shopengine_payment_label_text_color":"#161C2D","shopengine_payment_description_text_color":"#575C65","shopengine_payment_order_button_radius":{"unit":"px","top":"6","right":"6","bottom":"6","left":"6","isLinked":true},"shopengine_payment_order_button_typography_font_size":{"unit":"px","size":16,"sizes":[]},"shopengine_payment_order_button_tabs_normal_bg":"#2851F3","_padding":{"unit":"px","top":"0","right":"0","bottom":"0","left":"0","isLinked":true},"ekit_all_conditions_list":[{"_id":"596e139"}],"ekit_adv_tooltip_content":"Tooltip Content.","_border_border":"solid","_border_color":"#00000000","_border_radius":{"unit":"px","top":"0","right":"0","bottom":"0","left":"0","isLinked":true},"shopengine_payment_label_typography_font_weight":"500","shopengine_payment_content_typography_font_size":{"unit":"px","size":14,"sizes":[]},"shopengine_archive_products_font_family":"Inter","shopengine_payment_order_button_space_between":{"unit":"px","size":10,"sizes":[]},"shopengine_payment_order_button_padding":{"unit":"px","top":"16","right":"21","bottom":"15","left":"21","isLinked":false},"shopengine_payment_order_button_typography_line_height":{"unit":"px","size":19,"sizes":[]},"shopengine_payment_url_hover_clr":"","shopengine_payment_content_typography_line_height":{"unit":"px","size":18,"sizes":[]},"shopengine_payment_order_button_tabs_hover_bg":"#161C2D","shopengine_payment_order_button_typography_text_transform":"capitalize","shopengine_payment_method_radio_input_color":"#2851F3"},"elements":[],"isInner":false,"widgetType":"shopengine-checkout-payment","elType":"widget"}],"isInner":true,"elType":"column"},{"id":"2daf26a1","settings":{"_column_size":50,"_inline_size":38,"background_background":"classic","padding":{"unit":"px","top":"0","right":"50","bottom":"0","left":"50","isLinked":false},"ekit_all_conditions_list":[{"_id":"4da3f4d"}],"align":"center","space_between_widgets":0,"border_border":"solid","border_width":{"unit":"px","top":"0","right":"0","bottom":"0","left":"2","isLinked":false},"border_color":"#EAEAEA","padding_tablet":{"unit":"px","top":"0","right":"0","bottom":"0","left":"20","isLinked":false},"padding_mobile":{"unit":"px","top":"0","right":"15","bottom":"50","left":"15","isLinked":false},"border_width_mobile":{"unit":"px","top":"0","right":"0","bottom":"0","left":"0","isLinked":true}},"elements":[{"id":"3289350d","settings":{"image":{"url":"https:\/\/wpmet.com\/plugin\/shopengine\/demos\/wp-content\/uploads\/sites\/2\/2022\/05\/maney_back_logo_2.png","id":4296,"alt":"","source":"library"},"title_text":"Reasons to <br> Buy From Us","description_text":"","position":"left","content_vertical_alignment":"middle","title_bottom_space":{"unit":"px","size":0,"sizes":[]},"title_bottom_space_tablet":{"unit":"px","size":0,"sizes":[]},"title_color":"#161C2D","title_typography_typography":"custom","title_typography_font_family":"Inter","title_typography_font_size":{"unit":"px","size":26,"sizes":[]},"title_typography_font_size_tablet":{"unit":"px","size":18,"sizes":[]},"title_typography_font_weight":"600","title_typography_line_height":{"unit":"px","size":30,"sizes":[]},"_margin":{"unit":"px","top":"0","right":"0","bottom":"30","left":"0","isLinked":false},"ekit_all_conditions_list":[{"_id":"57d5263"}],"ekit_adv_tooltip_content":"Tooltip Content.","_background_background":"classic","_background_color":"#FFFFFF","_box_shadow_box_shadow":{"horizontal":0,"vertical":1,"blur":3,"spread":0,"color":"rgba(22, 28.000000000000004, 45, 0.14)"},"image_space":{"unit":"px","size":0,"sizes":[]},"image_size":{"unit":"%","size":70,"sizes":[]},"image_opacity":{"unit":"px","size":1,"sizes":[]},"title_typography_font_size_mobile":{"unit":"px","size":26,"sizes":[]},"image_space_tablet":{"unit":"px","size":10,"sizes":[]},"image_size_tablet":{"unit":"%","size":60,"sizes":[]},"title_typography_line_height_tablet":{"unit":"px","size":22,"sizes":[]},"title_typography_line_height_mobile":{"unit":"px","size":"","sizes":[]}},"elements":[],"isInner":false,"widgetType":"image-box","elType":"widget"},{"id":"56b30a6e","settings":{"selected_icon":{"value":{"url":"https:\/\/wpmet.com\/plugin\/shopengine\/demos\/wp-content\/uploads\/sites\/2\/2022\/05\/checkout_arrow.svg","id":4045},"library":"svg"},"title_text":"100% Risk Free-Safe with Secure","description_text":"Why I say old chap that is spiffing bobby are you taking the piss sloshed.","position":"left","primary_color":"#00000000","icon_space":{"unit":"px","size":10,"sizes":[]},"icon_size":{"unit":"px","size":24,"sizes":[]},"text_align":"left","title_bottom_space":{"unit":"px","size":15,"sizes":[]},"title_color":"#161C2D","title_typography_typography":"custom","title_typography_font_family":"Inter","title_typography_font_size":{"unit":"px","size":16,"sizes":[]},"title_typography_font_weight":"600","title_typography_line_height":{"unit":"px","size":9,"sizes":[]},"title_typography_line_height_tablet":{"unit":"px","size":22,"sizes":[]},"title_typography_line_height_mobile":{"unit":"px","size":"","sizes":[]},"description_color":"#575C65","description_typography_typography":"custom","description_typography_font_family":"Inter","description_typography_font_size":{"unit":"px","size":14,"sizes":[]},"description_typography_font_weight":"400","description_typography_line_height":{"unit":"px","size":22,"sizes":[]},"_margin":{"unit":"px","top":"0","right":"40","bottom":"36","left":"0","isLinked":false},"ekit_all_conditions_list":[{"_id":"95c8318"}],"ekit_adv_tooltip_content":"Tooltip Content.","position_mobile":"left"},"elements":[],"isInner":false,"widgetType":"icon-box","elType":"widget"},{"id":"34822140","settings":{"selected_icon":{"value":{"url":"https:\/\/wpmet.com\/plugin\/shopengine\/demos\/wp-content\/uploads\/sites\/2\/2022\/05\/checkout_arrow.svg","id":4045},"library":"svg"},"title_text":"100% Purchase Protection","description_text":"Why I say old chap that is spiffing bobby are you taking the piss sloshed.","position":"left","primary_color":"#00000000","icon_space":{"unit":"px","size":10,"sizes":[]},"icon_size":{"unit":"px","size":24,"sizes":[]},"text_align":"left","title_bottom_space":{"unit":"px","size":15,"sizes":[]},"title_color":"#161C2D","title_typography_typography":"custom","title_typography_font_family":"Inter","title_typography_font_size":{"unit":"px","size":16,"sizes":[]},"title_typography_font_weight":"600","title_typography_line_height":{"unit":"px","size":9,"sizes":[]},"title_typography_line_height_tablet":{"unit":"px","size":22,"sizes":[]},"title_typography_line_height_mobile":{"unit":"px","size":"","sizes":[]},"description_color":"#575C65","description_typography_typography":"custom","description_typography_font_family":"Inter","description_typography_font_size":{"unit":"px","size":14,"sizes":[]},"description_typography_font_weight":"400","description_typography_line_height":{"unit":"px","size":22,"sizes":[]},"_margin":{"unit":"px","top":"0","right":"40","bottom":"36","left":"0","isLinked":false},"ekit_all_conditions_list":[{"_id":"95c8318"}],"ekit_adv_tooltip_content":"Tooltip Content.","position_mobile":"left"},"elements":[],"isInner":false,"widgetType":"icon-box","elType":"widget"},{"id":"753ffcc0","settings":{"selected_icon":{"value":{"url":"https:\/\/wpmet.com\/plugin\/shopengine\/demos\/wp-content\/uploads\/sites\/2\/2022\/05\/checkout_arrow.svg","id":4045},"library":"svg"},"title_text":"Quick order processing and tracing","description_text":"Why I say old chap that is spiffing bobby are you taking the piss sloshed.","position":"left","primary_color":"#00000000","icon_space":{"unit":"px","size":10,"sizes":[]},"icon_size":{"unit":"px","size":24,"sizes":[]},"text_align":"left","title_bottom_space":{"unit":"px","size":15,"sizes":[]},"title_color":"#161C2D","title_typography_typography":"custom","title_typography_font_family":"Inter","title_typography_font_size":{"unit":"px","size":16,"sizes":[]},"title_typography_font_weight":"600","title_typography_line_height":{"unit":"px","size":9,"sizes":[]},"title_typography_line_height_tablet":{"unit":"px","size":22,"sizes":[]},"title_typography_line_height_mobile":{"unit":"px","size":"","sizes":[]},"description_color":"#575C65","description_typography_typography":"custom","description_typography_font_family":"Inter","description_typography_font_size":{"unit":"px","size":14,"sizes":[]},"description_typography_font_weight":"400","description_typography_line_height":{"unit":"px","size":22,"sizes":[]},"_margin":{"unit":"px","top":"0","right":"20","bottom":"36","left":"0","isLinked":false},"ekit_all_conditions_list":[{"_id":"95c8318"}],"ekit_adv_tooltip_content":"Tooltip Content.","position_mobile":"left"},"elements":[],"isInner":false,"widgetType":"icon-box","elType":"widget"},{"id":"76a67869","settings":{"selected_icon":{"value":{"url":"https:\/\/wpmet.com\/plugin\/shopengine\/demos\/wp-content\/uploads\/sites\/2\/2022\/05\/checkout_arrow.svg","id":4045},"library":"svg"},"title_text":"Free shipping on all orders","description_text":"Why I say old chap that is spiffing bobby are you taking the piss sloshed.","position":"left","primary_color":"#00000000","icon_space":{"unit":"px","size":10,"sizes":[]},"icon_size":{"unit":"px","size":24,"sizes":[]},"text_align":"left","title_bottom_space":{"unit":"px","size":15,"sizes":[]},"title_color":"#161C2D","title_typography_typography":"custom","title_typography_font_family":"Inter","title_typography_font_size":{"unit":"px","size":16,"sizes":[]},"title_typography_font_weight":"600","title_typography_line_height":{"unit":"px","size":9,"sizes":[]},"title_typography_line_height_tablet":{"unit":"px","size":22,"sizes":[]},"title_typography_line_height_mobile":{"unit":"px","size":"","sizes":[]},"description_color":"#575C65","description_typography_typography":"custom","description_typography_font_family":"Inter","description_typography_font_size":{"unit":"px","size":14,"sizes":[]},"description_typography_font_weight":"400","description_typography_line_height":{"unit":"px","size":22,"sizes":[]},"_margin":{"unit":"px","top":"0","right":"40","bottom":"30","left":"0","isLinked":false},"ekit_all_conditions_list":[{"_id":"95c8318"}],"ekit_adv_tooltip_content":"Tooltip Content.","position_mobile":"left"},"elements":[],"isInner":false,"widgetType":"icon-box","elType":"widget"},{"id":"6a00a779","settings":{"text":"Divider","color":"#E7E7E7","gap":{"unit":"px","size":0,"sizes":[]},"_margin":{"unit":"px","top":"15","right":"0","bottom":"46","left":"0","isLinked":false},"_padding":{"unit":"px","top":"0","right":"0","bottom":"0","left":"0","isLinked":false},"ekit_all_conditions_list":[{"_id":"06c1b10"}],"ekit_adv_tooltip_content":"Tooltip Content."},"elements":[],"isInner":false,"widgetType":"divider","elType":"widget"},{"id":"24b15cb5","settings":{"title":"Join Over 5000 Lovers","title_color":"#161C2D","typography_typography":"custom","typography_font_family":"Inter","typography_font_size":{"unit":"px","size":18,"sizes":[]},"typography_font_weight":"600","typography_line_height":{"unit":"px","size":22,"sizes":[]},"_margin":{"unit":"px","top":"0","right":"0","bottom":"20","left":"0","isLinked":false},"ekit_all_conditions_list":[{"_id":"5278ffd"}],"ekit_adv_tooltip_content":"Tooltip Content."},"elements":[],"isInner":false,"widgetType":"heading","elType":"widget"},{"id":"271deffe","settings":{"layout":"full_width","gap":"no","structure":"20","margin":{"unit":"px","top":"6","right":0,"bottom":"0","left":0,"isLinked":false},"ekit_all_conditions_list":[{"_id":"4dc5621"}],"ekit_section_parallax_multi_items":[],"shopengine_multistep_next_button_text":"Next","shopengine_multistep_previous_button_text":"Previous"},"elements":[{"id":"560e16cc","settings":{"_column_size":50,"_inline_size":16.5,"ekit_all_conditions_list":[{"_id":"9438ecd"}],"_inline_size_tablet":22,"_inline_size_mobile":17},"elements":[{"id":"4b9da124","settings":{"image":{"url":"https:\/\/wpmet.com\/plugin\/shopengine\/demos\/wp-content\/uploads\/sites\/2\/2021\/10\/review_1.png","id":1592,"alt":"","source":"library"},"align":"left","ekit_all_conditions_list":[{"_id":"fee9660"}],"ekit_adv_tooltip_content":"Tooltip Content."},"elements":[],"isInner":false,"widgetType":"image","elType":"widget"}],"isInner":true,"elType":"column"},{"id":"4998464d","settings":{"_column_size":50,"_inline_size":83.4980000000000046611603465862572193145751953125,"ekit_all_conditions_list":[{"_id":"6b77656"}],"_inline_size_tablet":78,"_inline_size_mobile":83},"elements":[{"id":"3b52e5b7","settings":{"align":"left","primary_color":"#FFA928","size":{"unit":"px","size":12,"sizes":[]},"_margin":{"unit":"px","top":"2","right":"4","bottom":"-2","left":"0","isLinked":false},"_element_width":"auto","ekit_all_conditions_list":[{"_id":"35e04aa"}],"ekit_adv_tooltip_content":"Tooltip Content."},"elements":[],"isInner":false,"widgetType":"icon","elType":"widget"},{"id":"2a0f26b7","settings":{"align":"left","primary_color":"#FFA928","size":{"unit":"px","size":12,"sizes":[]},"_margin":{"unit":"px","top":"2","right":"4","bottom":"-2","left":"0","isLinked":false},"_element_width":"auto","ekit_all_conditions_list":[{"_id":"35e04aa"}],"ekit_adv_tooltip_content":"Tooltip Content."},"elements":[],"isInner":false,"widgetType":"icon","elType":"widget"},{"id":"468d2a4b","settings":{"align":"left","primary_color":"#FFA928","size":{"unit":"px","size":12,"sizes":[]},"_margin":{"unit":"px","top":"2","right":"4","bottom":"-2","left":"0","isLinked":false},"_element_width":"auto","ekit_all_conditions_list":[{"_id":"35e04aa"}],"ekit_adv_tooltip_content":"Tooltip Content."},"elements":[],"isInner":false,"widgetType":"icon","elType":"widget"},{"id":"76fd748d","settings":{"align":"left","primary_color":"#FFA928","size":{"unit":"px","size":12,"sizes":[]},"_margin":{"unit":"px","top":"2","right":"4","bottom":"-2","left":"0","isLinked":false},"_element_width":"auto","ekit_all_conditions_list":[{"_id":"35e04aa"}],"ekit_adv_tooltip_content":"Tooltip Content."},"elements":[],"isInner":false,"widgetType":"icon","elType":"widget"},{"id":"6b88c67b","settings":{"align":"left","primary_color":"#FFA928","size":{"unit":"px","size":12,"sizes":[]},"_margin":{"unit":"px","top":"2","right":"4","bottom":"-2","left":"0","isLinked":false},"_element_width":"auto","ekit_all_conditions_list":[{"_id":"35e04aa"}],"ekit_adv_tooltip_content":"Tooltip Content."},"elements":[],"isInner":false,"widgetType":"icon","elType":"widget"},{"id":"77cd45e6","settings":{"editor":"<p>The wireless hotpot amongst boot the monty happy days william cuppa blow off butty pardon you twit porkies.<\/p>","text_color":"#586377","typography_typography":"custom","typography_font_family":"Inter","typography_font_size":{"unit":"px","size":15,"sizes":[]},"typography_font_weight":"400","typography_line_height":{"unit":"px","size":24,"sizes":[]},"ekit_all_conditions_list":[{"_id":"722f193"}],"ekit_adv_tooltip_content":"Tooltip Content.","_margin":{"unit":"px","top":"4","right":"0","bottom":"0","left":"0","isLinked":false}},"elements":[],"isInner":false,"widgetType":"text-editor","elType":"widget"},{"id":"47046cf7","settings":{"selected_icon":{"value":"","library":""},"title_text":"Samuel Serif","description_text":"UX Design","text_align":"left","title_bottom_space":{"unit":"px","size":0,"sizes":[]},"title_color":"#161C2D","title_typography_typography":"custom","title_typography_font_family":"Inter","title_typography_font_size":{"unit":"px","size":14,"sizes":[]},"title_typography_font_weight":"600","title_typography_line_height":{"unit":"px","size":24,"sizes":[]},"description_color":"#586377","description_typography_typography":"custom","description_typography_font_family":"Inter","description_typography_font_size":{"unit":"px","size":14,"sizes":[]},"description_typography_font_weight":"400","_margin":{"unit":"px","top":"-17","right":"0","bottom":"0","left":"0","isLinked":false},"ekit_all_conditions_list":[{"_id":"078c25b"}],"ekit_adv_tooltip_content":"Tooltip Content."},"elements":[],"isInner":false,"widgetType":"icon-box","elType":"widget"},{"id":"126af32f","settings":{"text":"Divider","color":"#E7E7E7","gap":{"unit":"px","size":8,"sizes":[]},"_margin":{"unit":"px","top":"0","right":"0","bottom":"0","left":"0","isLinked":false},"_padding":{"unit":"px","top":"0","right":"0","bottom":"0","left":"0","isLinked":false},"ekit_all_conditions_list":[{"_id":"06c1b10"}],"ekit_adv_tooltip_content":"Tooltip Content."},"elements":[],"isInner":false,"widgetType":"divider","elType":"widget"}],"isInner":true,"elType":"column"}],"isInner":true,"elType":"section"},{"id":"1171e0d5","settings":{"layout":"full_width","gap":"no","structure":"20","margin":{"unit":"px","top":"22","right":0,"bottom":"0","left":0,"isLinked":false},"ekit_all_conditions_list":[{"_id":"4dc5621"}],"ekit_section_parallax_multi_items":[],"shopengine_multistep_next_button_text":"Next","shopengine_multistep_previous_button_text":"Previous"},"elements":[{"id":"77e6b7d1","settings":{"_column_size":50,"_inline_size":16.5,"ekit_all_conditions_list":[{"_id":"9438ecd"}],"_inline_size_tablet":22,"_inline_size_mobile":17},"elements":[{"id":"521e85d","settings":{"image":{"url":"https:\/\/wpmet.com\/plugin\/shopengine\/demos\/wp-content\/uploads\/sites\/2\/2021\/10\/review_2.png","id":1593,"alt":"","source":"library"},"align":"left","ekit_all_conditions_list":[{"_id":"fee9660"}],"ekit_adv_tooltip_content":"Tooltip Content."},"elements":[],"isInner":false,"widgetType":"image","elType":"widget"}],"isInner":true,"elType":"column"},{"id":"46530327","settings":{"_column_size":50,"_inline_size":83.4980000000000046611603465862572193145751953125,"ekit_all_conditions_list":[{"_id":"6b77656"}],"_inline_size_tablet":78,"_inline_size_mobile":83},"elements":[{"id":"36a8072f","settings":{"align":"left","primary_color":"#FFA928","size":{"unit":"px","size":12,"sizes":[]},"_margin":{"unit":"px","top":"2","right":"4","bottom":"-2","left":"0","isLinked":false},"_element_width":"auto","ekit_all_conditions_list":[{"_id":"35e04aa"}],"ekit_adv_tooltip_content":"Tooltip Content."},"elements":[],"isInner":false,"widgetType":"icon","elType":"widget"},{"id":"3a435c9a","settings":{"align":"left","primary_color":"#FFA928","size":{"unit":"px","size":12,"sizes":[]},"_margin":{"unit":"px","top":"2","right":"4","bottom":"-2","left":"0","isLinked":false},"_element_width":"auto","ekit_all_conditions_list":[{"_id":"35e04aa"}],"ekit_adv_tooltip_content":"Tooltip Content."},"elements":[],"isInner":false,"widgetType":"icon","elType":"widget"},{"id":"572fdf8f","settings":{"align":"left","primary_color":"#FFA928","size":{"unit":"px","size":12,"sizes":[]},"_margin":{"unit":"px","top":"2","right":"4","bottom":"-2","left":"0","isLinked":false},"_element_width":"auto","ekit_all_conditions_list":[{"_id":"35e04aa"}],"ekit_adv_tooltip_content":"Tooltip Content."},"elements":[],"isInner":false,"widgetType":"icon","elType":"widget"},{"id":"30e8a85","settings":{"align":"left","primary_color":"#FFA928","size":{"unit":"px","size":12,"sizes":[]},"_margin":{"unit":"px","top":"2","right":"4","bottom":"-2","left":"0","isLinked":false},"_element_width":"auto","ekit_all_conditions_list":[{"_id":"35e04aa"}],"ekit_adv_tooltip_content":"Tooltip Content."},"elements":[],"isInner":false,"widgetType":"icon","elType":"widget"},{"id":"3aaafff5","settings":{"align":"left","primary_color":"#FFA928","size":{"unit":"px","size":12,"sizes":[]},"_margin":{"unit":"px","top":"2","right":"4","bottom":"-2","left":"0","isLinked":false},"_element_width":"auto","ekit_all_conditions_list":[{"_id":"35e04aa"}],"ekit_adv_tooltip_content":"Tooltip Content."},"elements":[],"isInner":false,"widgetType":"icon","elType":"widget"},{"id":"7ae47ec9","settings":{"editor":"<p>The wireless hotpot amongst boot the monty happy days william cuppa blow off butty pardon you twit porkies.<\/p>","text_color":"#586377","typography_typography":"custom","typography_font_family":"Inter","typography_font_size":{"unit":"px","size":15,"sizes":[]},"typography_font_weight":"400","typography_line_height":{"unit":"px","size":24,"sizes":[]},"ekit_all_conditions_list":[{"_id":"722f193"}],"ekit_adv_tooltip_content":"Tooltip Content.","_margin":{"unit":"px","top":"4","right":"0","bottom":"0","left":"0","isLinked":false}},"elements":[],"isInner":false,"widgetType":"text-editor","elType":"widget"},{"id":"2bcdf0c2","settings":{"selected_icon":{"value":"","library":""},"title_text":"Jim S\u00e9chen","description_text":"Professional","text_align":"left","title_bottom_space":{"unit":"px","size":0,"sizes":[]},"title_color":"#161C2D","title_typography_typography":"custom","title_typography_font_family":"Inter","title_typography_font_size":{"unit":"px","size":14,"sizes":[]},"title_typography_font_weight":"600","title_typography_line_height":{"unit":"px","size":24,"sizes":[]},"description_color":"#586377","description_typography_typography":"custom","description_typography_font_family":"Inter","description_typography_font_size":{"unit":"px","size":14,"sizes":[]},"description_typography_font_weight":"400","_margin":{"unit":"px","top":"-17","right":"0","bottom":"0","left":"0","isLinked":false},"ekit_all_conditions_list":[{"_id":"078c25b"}],"ekit_adv_tooltip_content":"Tooltip Content."},"elements":[],"isInner":false,"widgetType":"icon-box","elType":"widget"},{"id":"661a873b","settings":{"text":"Divider","color":"#E7E7E7","gap":{"unit":"px","size":8,"sizes":[]},"_margin":{"unit":"px","top":"0","right":"0","bottom":"0","left":"0","isLinked":false},"_padding":{"unit":"px","top":"0","right":"0","bottom":"0","left":"0","isLinked":false},"ekit_all_conditions_list":[{"_id":"06c1b10"}],"ekit_adv_tooltip_content":"Tooltip Content."},"elements":[],"isInner":false,"widgetType":"divider","elType":"widget"}],"isInner":true,"elType":"column"}],"isInner":true,"elType":"section"},{"id":"2c4ffcb1","settings":{"layout":"full_width","gap":"no","structure":"20","margin":{"unit":"px","top":"22","right":0,"bottom":"0","left":0,"isLinked":false},"ekit_all_conditions_list":[{"_id":"4dc5621"}],"ekit_section_parallax_multi_items":[],"shopengine_multistep_next_button_text":"Next","shopengine_multistep_previous_button_text":"Previous"},"elements":[{"id":"26663668","settings":{"_column_size":50,"_inline_size":16.5,"ekit_all_conditions_list":[{"_id":"9438ecd"}],"_inline_size_tablet":22,"_inline_size_mobile":17},"elements":[{"id":"26dfc4d6","settings":{"image":{"url":"https:\/\/wpmet.com\/plugin\/shopengine\/demos\/wp-content\/uploads\/sites\/2\/2022\/05\/client_img_2.png","id":4048,"alt":"","source":"library"},"align":"left","ekit_all_conditions_list":[{"_id":"fee9660"}],"ekit_adv_tooltip_content":"Tooltip Content."},"elements":[],"isInner":false,"widgetType":"image","elType":"widget"}],"isInner":true,"elType":"column"},{"id":"53dcd069","settings":{"_column_size":50,"_inline_size":83.4980000000000046611603465862572193145751953125,"ekit_all_conditions_list":[{"_id":"6b77656"}],"_inline_size_tablet":78,"_inline_size_mobile":83},"elements":[{"id":"16b23002","settings":{"align":"left","primary_color":"#FFA928","size":{"unit":"px","size":12,"sizes":[]},"_margin":{"unit":"px","top":"2","right":"4","bottom":"-2","left":"0","isLinked":false},"_element_width":"auto","ekit_all_conditions_list":[{"_id":"35e04aa"}],"ekit_adv_tooltip_content":"Tooltip Content."},"elements":[],"isInner":false,"widgetType":"icon","elType":"widget"},{"id":"63d2b2d","settings":{"align":"left","primary_color":"#FFA928","size":{"unit":"px","size":12,"sizes":[]},"_margin":{"unit":"px","top":"2","right":"4","bottom":"-2","left":"0","isLinked":false},"_element_width":"auto","ekit_all_conditions_list":[{"_id":"35e04aa"}],"ekit_adv_tooltip_content":"Tooltip Content."},"elements":[],"isInner":false,"widgetType":"icon","elType":"widget"},{"id":"120f689d","settings":{"align":"left","primary_color":"#FFA928","size":{"unit":"px","size":12,"sizes":[]},"_margin":{"unit":"px","top":"2","right":"4","bottom":"-2","left":"0","isLinked":false},"_element_width":"auto","ekit_all_conditions_list":[{"_id":"35e04aa"}],"ekit_adv_tooltip_content":"Tooltip Content."},"elements":[],"isInner":false,"widgetType":"icon","elType":"widget"},{"id":"1b7dc368","settings":{"align":"left","primary_color":"#FFA928","size":{"unit":"px","size":12,"sizes":[]},"_margin":{"unit":"px","top":"2","right":"4","bottom":"-2","left":"0","isLinked":false},"_element_width":"auto","ekit_all_conditions_list":[{"_id":"35e04aa"}],"ekit_adv_tooltip_content":"Tooltip Content."},"elements":[],"isInner":false,"widgetType":"icon","elType":"widget"},{"id":"27f27148","settings":{"align":"left","primary_color":"#FFA928","size":{"unit":"px","size":12,"sizes":[]},"_margin":{"unit":"px","top":"2","right":"4","bottom":"-2","left":"0","isLinked":false},"_element_width":"auto","ekit_all_conditions_list":[{"_id":"35e04aa"}],"ekit_adv_tooltip_content":"Tooltip Content."},"elements":[],"isInner":false,"widgetType":"icon","elType":"widget"},{"id":"7c5acfc1","settings":{"editor":"<p>The wireless hotpot amongst boot the monty happy days william cuppa blow off butty pardon you twit porkies.<\/p>","text_color":"#586377","typography_typography":"custom","typography_font_family":"Inter","typography_font_size":{"unit":"px","size":15,"sizes":[]},"typography_font_weight":"400","typography_line_height":{"unit":"px","size":24,"sizes":[]},"ekit_all_conditions_list":[{"_id":"722f193"}],"ekit_adv_tooltip_content":"Tooltip Content.","_margin":{"unit":"px","top":"4","right":"0","bottom":"0","left":"0","isLinked":false}},"elements":[],"isInner":false,"widgetType":"text-editor","elType":"widget"},{"id":"50ba827a","settings":{"selected_icon":{"value":"","library":""},"title_text":"Guy Hawkins","description_text":"Web Developer","text_align":"left","title_bottom_space":{"unit":"px","size":0,"sizes":[]},"title_color":"#161C2D","title_typography_typography":"custom","title_typography_font_family":"Inter","title_typography_font_size":{"unit":"px","size":14,"sizes":[]},"title_typography_font_weight":"600","title_typography_line_height":{"unit":"px","size":24,"sizes":[]},"description_color":"#586377","description_typography_typography":"custom","description_typography_font_family":"Inter","description_typography_font_size":{"unit":"px","size":14,"sizes":[]},"description_typography_font_weight":"400","_margin":{"unit":"px","top":"-17","right":"0","bottom":"0","left":"0","isLinked":false},"ekit_all_conditions_list":[{"_id":"078c25b"}],"ekit_adv_tooltip_content":"Tooltip Content."},"elements":[],"isInner":false,"widgetType":"icon-box","elType":"widget"},{"id":"1d01899d","settings":{"text":"Divider","color":"#E7E7E7","gap":{"unit":"px","size":8,"sizes":[]},"_margin":{"unit":"px","top":"0","right":"0","bottom":"0","left":"0","isLinked":false},"_padding":{"unit":"px","top":"0","right":"0","bottom":"0","left":"0","isLinked":false},"ekit_all_conditions_list":[{"_id":"06c1b10"}],"ekit_adv_tooltip_content":"Tooltip Content."},"elements":[],"isInner":false,"widgetType":"divider","elType":"widget"}],"isInner":true,"elType":"column"}],"isInner":true,"elType":"section"},{"id":"7effe11f","settings":{"layout":"full_width","gap":"no","structure":"20","margin":{"unit":"px","top":"22","right":0,"bottom":"0","left":0,"isLinked":false},"ekit_all_conditions_list":[{"_id":"4dc5621"}],"ekit_section_parallax_multi_items":[],"shopengine_multistep_next_button_text":"Next","shopengine_multistep_previous_button_text":"Previous"},"elements":[{"id":"296692df","settings":{"_column_size":50,"_inline_size":16.5,"ekit_all_conditions_list":[{"_id":"9438ecd"}],"_inline_size_tablet":22,"_inline_size_mobile":17},"elements":[{"id":"7f0a41bd","settings":{"image":{"url":"https:\/\/wpmet.com\/plugin\/shopengine\/demos\/wp-content\/uploads\/sites\/2\/2022\/05\/client_img_3.png","id":4049,"alt":"","source":"library"},"align":"left","ekit_all_conditions_list":[{"_id":"fee9660"}],"ekit_adv_tooltip_content":"Tooltip Content."},"elements":[],"isInner":false,"widgetType":"image","elType":"widget"}],"isInner":true,"elType":"column"},{"id":"6ae6e09","settings":{"_column_size":50,"_inline_size":83.4980000000000046611603465862572193145751953125,"ekit_all_conditions_list":[{"_id":"6b77656"}],"_inline_size_tablet":78,"_inline_size_mobile":83},"elements":[{"id":"6ff1797f","settings":{"align":"left","primary_color":"#FFA928","size":{"unit":"px","size":12,"sizes":[]},"_margin":{"unit":"px","top":"2","right":"4","bottom":"-2","left":"0","isLinked":false},"_element_width":"auto","ekit_all_conditions_list":[{"_id":"35e04aa"}],"ekit_adv_tooltip_content":"Tooltip Content."},"elements":[],"isInner":false,"widgetType":"icon","elType":"widget"},{"id":"fc91571","settings":{"align":"left","primary_color":"#FFA928","size":{"unit":"px","size":12,"sizes":[]},"_margin":{"unit":"px","top":"2","right":"4","bottom":"-2","left":"0","isLinked":false},"_element_width":"auto","ekit_all_conditions_list":[{"_id":"35e04aa"}],"ekit_adv_tooltip_content":"Tooltip Content."},"elements":[],"isInner":false,"widgetType":"icon","elType":"widget"},{"id":"33de42b1","settings":{"align":"left","primary_color":"#FFA928","size":{"unit":"px","size":12,"sizes":[]},"_margin":{"unit":"px","top":"2","right":"4","bottom":"-2","left":"0","isLinked":false},"_element_width":"auto","ekit_all_conditions_list":[{"_id":"35e04aa"}],"ekit_adv_tooltip_content":"Tooltip Content."},"elements":[],"isInner":false,"widgetType":"icon","elType":"widget"},{"id":"726808e4","settings":{"align":"left","primary_color":"#FFA928","size":{"unit":"px","size":12,"sizes":[]},"_margin":{"unit":"px","top":"2","right":"4","bottom":"-2","left":"0","isLinked":false},"_element_width":"auto","ekit_all_conditions_list":[{"_id":"35e04aa"}],"ekit_adv_tooltip_content":"Tooltip Content."},"elements":[],"isInner":false,"widgetType":"icon","elType":"widget"},{"id":"768117e4","settings":{"align":"left","primary_color":"#FFA928","size":{"unit":"px","size":12,"sizes":[]},"_margin":{"unit":"px","top":"2","right":"4","bottom":"-2","left":"0","isLinked":false},"_element_width":"auto","ekit_all_conditions_list":[{"_id":"35e04aa"}],"ekit_adv_tooltip_content":"Tooltip Content."},"elements":[],"isInner":false,"widgetType":"icon","elType":"widget"},{"id":"46d72ff2","settings":{"editor":"<p>The wireless hotpot amongst boot the monty happy days william cuppa blow off butty pardon you twit porkies.<\/p>","text_color":"#586377","typography_typography":"custom","typography_font_family":"Inter","typography_font_size":{"unit":"px","size":15,"sizes":[]},"typography_font_weight":"400","typography_line_height":{"unit":"px","size":24,"sizes":[]},"ekit_all_conditions_list":[{"_id":"722f193"}],"ekit_adv_tooltip_content":"Tooltip Content.","_margin":{"unit":"px","top":"4","right":"0","bottom":"0","left":"0","isLinked":false}},"elements":[],"isInner":false,"widgetType":"text-editor","elType":"widget"},{"id":"a6aeb24","settings":{"selected_icon":{"value":"","library":""},"title_text":"Albert Flores","description_text":"UI Design","text_align":"left","title_bottom_space":{"unit":"px","size":0,"sizes":[]},"title_color":"#161C2D","title_typography_typography":"custom","title_typography_font_family":"Inter","title_typography_font_size":{"unit":"px","size":14,"sizes":[]},"title_typography_font_weight":"600","title_typography_line_height":{"unit":"px","size":24,"sizes":[]},"description_color":"#586377","description_typography_typography":"custom","description_typography_font_family":"Inter","description_typography_font_size":{"unit":"px","size":14,"sizes":[]},"description_typography_font_weight":"400","_margin":{"unit":"px","top":"-17","right":"0","bottom":"0","left":"0","isLinked":false},"ekit_all_conditions_list":[{"_id":"078c25b"}],"ekit_adv_tooltip_content":"Tooltip Content."},"elements":[],"isInner":false,"widgetType":"icon-box","elType":"widget"}],"isInner":true,"elType":"column"}],"isInner":true,"elType":"section"}],"isInner":true,"elType":"column"}],"isInner":true,"elType":"section"}],"isInner":false,"elType":"column"}],"isInner":false,"elType":"section"}],"page_settings":[],"version":"0.4","title":"Checkout design 5","type":"page"}