{"content":[{"id":"3f5f4423","settings":{"content_width":{"unit":"px","size":1230,"sizes":[]},"shopengine_multistep_next_button_text":"Next","shopengine_multistep_previous_button_text":"Previous","background_background":"classic","padding":{"unit":"px","top":"80","right":"0","bottom":"140","left":"0","isLinked":false},"ekit_all_conditions_list":[{"_id":"fc545c9"}],"ekit_section_parallax_multi_items":[],"padding_mobile":{"unit":"px","top":"80","right":"0","bottom":"100","left":"0","isLinked":false}},"elements":[{"id":"6cb7918d","settings":{"_column_size":100,"_inline_size":null,"space_between_widgets":0,"padding":{"unit":"px","top":"0","right":"15","bottom":"0","left":"15","isLinked":false},"ekit_all_conditions_list":[{"_id":"09c8a88"}]},"elements":[{"id":"60f9c54f","settings":{"layout":"full_width","shopengine_multistep_next_button_text":"Next","shopengine_multistep_previous_button_text":"Previous","structure":"20","background_background":"classic","background_color":"#FFFFFF","box_shadow_box_shadow_type":"yes","box_shadow_box_shadow":{"horizontal":0,"vertical":1,"blur":3,"spread":0,"color":"rgba(22, 28.000000000000004, 45, 0.2)"},"padding":{"unit":"px","top":"0","right":"5","bottom":"0","left":"25","isLinked":false},"ekit_all_conditions_list":[{"_id":"5ed2da3"}],"ekit_section_parallax_multi_items":[],"margin":{"unit":"px","top":"0","right":0,"bottom":"6","left":0,"isLinked":false},"padding_mobile":{"unit":"px","top":"0","right":"0","bottom":"0","left":"0","isLinked":false},"border_border":"solid","border_width":{"unit":"px","top":"1","right":"1","bottom":"1","left":"1","isLinked":true},"border_color":"#EAEAEA"},"elements":[{"id":"6c49fce3","settings":{"_column_size":50,"_inline_size":58.3299999999999982946974341757595539093017578125,"space_between_widgets":0,"padding":{"unit":"px","top":"45","right":"50","bottom":"55","left":"25","isLinked":false},"ekit_all_conditions_list":[{"_id":"1b4b3c2"}],"padding_tablet":{"unit":"px","top":"45","right":"15","bottom":"45","left":"0","isLinked":false},"padding_mobile":{"unit":"px","top":"45","right":"15","bottom":"45","left":"15","isLinked":false}},"elements":[{"id":"6b9a4188","settings":{"title":"Shipping Information","title_color":"#161C2D","typography_typography":"custom","typography_font_family":"Inter","typography_font_size":{"unit":"px","size":26,"sizes":[]},"typography_font_weight":"600","typography_line_height":{"unit":"px","size":31,"sizes":[]},"_margin":{"unit":"px","top":"0","right":"0","bottom":"28","left":"0","isLinked":false},"ekit_all_conditions_list":[{"_id":"06806eb"}],"ekit_adv_tooltip_content":"Tooltip Content."},"elements":[],"isInner":false,"widgetType":"heading","elType":"widget"},{"id":"585f520f","settings":{"shopengine_title_font_size":{"unit":"px","size":18,"sizes":[]},"shopengine_title_margin":{"unit":"px","top":"0","right":"0","bottom":"30","left":"0","isLinked":false},"shopengine_form_container_padding":{"unit":"px","top":"","right":"","bottom":"","left":"","isLinked":true},"shopengine_label_font_size":{"unit":"px","size":14,"sizes":[]},"shopengine_input_label_margin":{"unit":"px","top":"0","right":"0","bottom":"3","left":"0","isLinked":false},"shopengine_typography_primary_font_family":"Inter","shopengine_typography_primary_font_weight":"500","shopengine_typography_seconday_font_family":"Inter","ekit_all_conditions_list":[{"_id":"11ae93a"}],"ekit_adv_tooltip_content":"Tooltip Content.","_background_background":"classic","shopengine_layout_heading_status":"","shopengine_hide_billing_company_field":"yes","shopengine_hide_billing_address_2_field":"yes","shopengine_form_container_background":"","shopengine_input_label_color":"#161C2D","shopengine_input_required_indicator_color":"#CA0436","shopengine_input_color":"#7E8084","shopengine_input_background":"#FCFCFC","shopengine_input_border_width":{"unit":"px","top":"2","right":"2","bottom":"2","left":"2","isLinked":true},"shopengine_input_border_color":"#EAEAEA","shopengine_input_border_focus_border":"solid","shopengine_input_border_focus_width":{"unit":"px","top":"2","right":"2","bottom":"2","left":"2","isLinked":true},"shopengine_input_border_focus_color":"#D9D9D9","shopengine_input_padding":{"unit":"px","top":"14","right":"24","bottom":"15","left":"24","isLinked":false},"shopengine_input_color_placeholder":"#7E8084","shopengine_typography_primary_text_transform":"capitalize","shopengine_checkout_form_billing_input_border_radius":{"unit":"px","top":"6","right":"6","bottom":"6","left":"6","isLinked":true}},"elements":[],"isInner":false,"widgetType":"shopengine-checkout-form-billing","elType":"widget"},{"id":"62fa9388","settings":{"ekit_all_conditions_list":[{"_id":"417eb64"}],"ekit_adv_tooltip_content":"Tooltip Content.","shopengine_form_container_background":"#FFFFFF","shopengine_label_font_sizx":{"unit":"px","size":14,"sizes":[]},"shopengine_typography_primary_font_family":"Inter","shopengine_typography_primary_font_weight":"600","shopengine_typography_seconday_font_family":"Inter","shopengine_form_container_padding":{"unit":"px","top":"0","right":"0","bottom":"0","left":"0","isLinked":false},"shopengine_title_font_size":{"unit":"px","size":14,"sizes":[]},"shopengine_input_color":"#7E8084","shopengine_input_background":"#FCFCFC","shopengine_input_border_width":{"unit":"px","top":"2","right":"2","bottom":"2","left":"2","isLinked":true},"shopengine_input_border_color":"#EAEAEA","shopengine_title_margin":{"unit":"px","top":"7","right":"0","bottom":"30","left":"0","isLinked":false},"shopengine_input_label_color":"#161C2D","shopengine_input_required_indicator_color":"#CA0436","shopengine_input_border_focus_border":"solid","shopengine_input_border_focus_width":{"unit":"px","top":"2","right":"2","bottom":"2","left":"2","isLinked":true},"shopengine_input_border_focus_color":"#D9D9D9","shopengine_input_font_sizx":{"unit":"px","size":14,"sizes":[]},"shopengine_input_padding":{"unit":"px","top":"12","right":"16","bottom":"12","left":"16","isLinked":false},"shopengine_title_color":"#575C65","shopengine_input_label_margin":{"unit":"px","top":"0","right":"0","bottom":"3","left":"0","isLinked":false},"shopengine_hide_shipping_first_name_field":"yes","shopengine_hide_shipping_last_name_field":"yes","shopengine_hide_shipping_company_field":"yes","shopengine_hide_shipping_country_field":"yes","shopengine_hide_shipping_address_1_field":"yes","shopengine_hide_shipping_address_2_field":"yes","shopengine_hide_shipping_city_field":"yes","shopengine_hide_shipping_state_field":"yes","shopengine_hide_shipping_postcode_field":"yes"},"elements":[],"isInner":false,"widgetType":"shopengine-checkout-form-shipping","elType":"widget"},{"id":"220d2b22","settings":{"shopengine_checkout_form_additional_heading":"","shopengine_orders_body_text_typography_font_weight":"500","shopengine_checkout_form_additional_label_line_height":{"unit":"px","size":5,"sizes":[]},"shopengine_checkout_form_additional_textarea_color":"#7E8084","shopengine_checkout_form_additional_textarea_placeholder_color":"#7E8084","shopengine_checkout_form_additional_textarea_typography_font_size":{"unit":"px","size":14,"sizes":[]},"shopengine_checkout_form_additional_textarea_typography_line_height":{"unit":"px","size":16,"sizes":[]},"shopengine_checkout_form_additional_textarea_height":{"unit":"px","size":125,"sizes":[]},"shopengine_checkout_form_additional_textarea_margin":{"unit":"px","top":"17","right":"20","bottom":"0","left":"24","isLinked":false},"shopengine_checkout_form_additional_border_color":"#EAEAEA","shopengine_checkout_form_additional_font_family":"Inter","ekit_all_conditions_list":[{"_id":"e94e393"}],"ekit_adv_tooltip_content":"Tooltip Content.","_background_background":"classic","shopengine_checkout_form_additional_textarea_bg_color":"#FCFCFC","shopengine_checkout_form_additional_border_width":{"unit":"px","top":"2","right":"2","bottom":"2","left":"2","isLinked":true},"shopengine_checkout_form_additional_label_color":"#161C2D","shopengine_orders_body_text_typography_font_size":{"unit":"px","size":14,"sizes":[]},"shopengine_checkout_form_additional_border_radius":{"unit":"px","top":"6","right":"6","bottom":"6","left":"6","isLinked":true}},"elements":[],"isInner":false,"widgetType":"shopengine-checkout-form-additional","elType":"widget"},{"id":"508617ea","settings":{"title":"Shipping Method","title_color":"#161C2D","typography_typography":"custom","typography_font_family":"Inter","typography_font_size":{"unit":"px","size":26,"sizes":[]},"typography_font_weight":"600","typography_line_height":{"unit":"px","size":31,"sizes":[]},"_margin":{"unit":"px","top":"45","right":"0","bottom":"10","left":"0","isLinked":false},"ekit_all_conditions_list":[{"_id":"298f0ae"}],"ekit_adv_tooltip_content":"Tooltip Content."},"elements":[],"isInner":false,"widgetType":"heading","elType":"widget"},{"id":"775f6276","settings":{"shopengine_title_color":"#161C2D","shopengine_title_typography_font_size":{"unit":"px","size":0,"sizes":[]},"shopengine_payment_label_text_color":"#586377","shopengine_payment_label_typography_font_weight":"400","ekit_all_conditions_list":[{"_id":"87e7fde"}],"ekit_adv_tooltip_content":"Tooltip Content.","shopengine_title_typography_font_weight":"600","shopengine_table_titl_margin_bottom":{"unit":"px","size":18,"sizes":[],"size_units":"px"},"shopengine_payment_label_typography_font_family":"Inter","shopengine_payment_label_gap":{"unit":"px","size":9,"sizes":[],"size_units":"px"},"shopengine_checkout_shipping_methods_font_family":"Inter","shopengine_payment_input_color":"#2851F3"},"elements":[],"isInner":false,"widgetType":"shopengine-checkout-shipping-methods","elType":"widget"},{"id":"1f1fc9a4","settings":{"title":"Your Products","title_color":"#161C2D","typography_typography":"custom","typography_font_family":"Inter","typography_font_size":{"unit":"px","size":26,"sizes":[]},"typography_font_weight":"600","typography_line_height":{"unit":"px","size":31,"sizes":[]},"_margin":{"unit":"px","top":"38","right":"0","bottom":"27","left":"0","isLinked":false},"ekit_all_conditions_list":[{"_id":"298f0ae"}],"ekit_adv_tooltip_content":"Tooltip Content."},"elements":[],"isInner":false,"widgetType":"heading","elType":"widget"},{"id":"23e22594","settings":{"shopengine_orders_header_color":"#161C2D","shopengine_table_header_padding":{"unit":"px","top":"0","right":"0","bottom":"5","left":"0","isLinked":false},"shopengine_table_body_text_color":"#575C65","shopengine_orders_body_background":"#FFFFFF","shopengine_table_body_price_color":"#161C2D","shopengine_orders_body_price_typography_font_weight":"400","shopengine_orders_body_text_typography_font_size":{"unit":"px","size":15,"sizes":[]},"shopengine_orders_body_text_typography_line_height":{"unit":"px","size":"","sizes":[]},"shopengine_footer_text_color":"#161C2D","shopengine_footer_price_color":"#2851F3","shopengine_orders_footer_border_color":"#EAEAEA","shopengine_footer_color_typography_font_size":{"unit":"px","size":14,"sizes":[]},"shopengine_footer_color_typography_font_weight":"500","shopengine_table_footer_data_padding":{"unit":"px","top":"15","right":"0","bottom":"15","left":"0","isLinked":false},"shopengine_checkout_review_order_font_family":"Inter","ekit_all_conditions_list":[{"_id":"9a45b02"}],"ekit_adv_tooltip_content":"Tooltip Content.","shopengine_orders_header_text_typography_font_size":{"unit":"px","size":14,"sizes":[]},"shopengine_orders_header_text_typography_font_weight":"500","shopengine_table_body_image_size":{"unit":"px","size":0,"sizes":[]},"shopengine_table_body_data_padding":{"unit":"px","top":"14","right":"0","bottom":"14","left":"0","isLinked":false},"shopengine_orders_header_border_color":"#EAEAEA","shopengine_orders_items_border_color":"#EAEAEA"},"elements":[],"isInner":false,"widgetType":"shopengine-checkout-review-order","elType":"widget"},{"id":"1256cb8d","settings":{"shopengine_checkout_coupon_form_info_color":"#575C65","shopengine_checkout_coupon_form_info_link_color":"#2851F3","shopengine_checkout_coupon_form_info_link_hover_color":"","shopengine_checkout_coupon_form_info_bg_color":"","shopengine_checkout_coupon_form_info_padding":{"unit":"px","top":"10","right":"0","bottom":"15","left":"0","isLinked":false},"shopengine_coupon_form_button_background_color":"#2851F3","shopengine_coupon_form_border_color":"#00000000","_margin":{"unit":"px","top":"30","right":"0","bottom":"0","left":"0","isLinked":false},"ekit_all_conditions_list":[{"_id":"a680590"}],"ekit_adv_tooltip_content":"Tooltip Content.","shopengine_checkout_coupon_form_info_typography_font_size":{"unit":"px","size":16,"sizes":[]},"shopengine_checkout_coupon_form_info_typography_font_weight":"400","shopengine_checkout_coupon_form_info_typography_line_height":{"unit":"px","size":19,"sizes":[]},"shopengine_checkout_coupon_form_info_border_border":"","shopengine_checkout_coupon_form_info_border_width":{"unit":"px","top":"1","right":"1","bottom":"1","left":"1","isLinked":true},"shopengine_checkout_coupon_form_info_border_color":"#EAEAEA","shopengine_checkout_coupon_form_description_color":"#586377","shopengine_checkout_coupon_form_description_typography_font_size":{"unit":"px","size":14,"sizes":[]},"shopengine_checkout_coupon_form_label_color":"#7E8084","shopengine_checkout_coupon_form_label_typography_line_height":{"unit":"px","size":17,"sizes":[]},"shopengine_checkout_coupon_form_label_border_width":{"unit":"px","top":"2","right":"2","bottom":"2","left":"2","isLinked":true},"shopengine_checkout_coupon_form_label_border_color":"#EAEAEA","shopengine_checkout_coupon_form_label_radius":{"unit":"px","top":"6","right":"6","bottom":"6","left":"6","isLinked":true},"shopengine_checkout_coupon_form_label_padding":{"unit":"px","top":"16","right":"26","bottom":"15","left":"26","isLinked":false},"shopengine_section_checkout_coupon_form_button_typography_text_transform":"capitalize","shopengine_section_checkout_coupon_form_button_typography_line_height":{"unit":"px","size":19,"sizes":[]},"shopengine_coupon_form_button_background_hover_color":"#161C2D","shopengine_coupon_form_border_width":{"unit":"px","top":"2","right":"2","bottom":"2","left":"2","isLinked":true},"shopengine_coupon_form_border_radius":{"unit":"px","top":"6","right":"6","bottom":"6","left":"6","isLinked":true},"shopengine_coupon_form_button_padding":{"unit":"px","top":"14","right":"30","bottom":"13","left":"30","isLinked":false},"shopengine_coupon_form_font_family":"Inter","_padding":{"unit":"px","top":"9","right":"0","bottom":"6","left":"30","isLinked":false},"_border_border":"dashed","_border_width":{"unit":"px","top":"1","right":"1","bottom":"1","left":"1","isLinked":true},"_border_color":"#D9D9D9"},"elements":[],"isInner":false,"widgetType":"shopengine-checkout-coupon-form","elType":"widget"},{"id":"79dcec07","settings":{"title":"Payment Information","title_color":"#161C2D","typography_typography":"custom","typography_font_family":"Inter","typography_font_size":{"unit":"px","size":26,"sizes":[]},"typography_font_weight":"600","typography_line_height":{"unit":"px","size":31,"sizes":[]},"_margin":{"unit":"px","top":"38","right":"0","bottom":"10","left":"0","isLinked":false},"ekit_all_conditions_list":[{"_id":"298f0ae"}],"ekit_adv_tooltip_content":"Tooltip Content."},"elements":[],"isInner":false,"widgetType":"heading","elType":"widget"},{"id":"3a3d1b50","settings":{"editor":"<p>All transactions are secure and encrypted. Credit card information is never stored on our servers.<\/p>","text_color":"#575C65","typography_typography":"custom","typography_font_family":"Inter","typography_font_size":{"unit":"px","size":16,"sizes":[]},"typography_font_weight":"400","typography_line_height":{"unit":"px","size":24,"sizes":[]},"_margin":{"unit":"px","top":"0","right":"0","bottom":"30","left":"0","isLinked":false},"ekit_all_conditions_list":[{"_id":"2d5e2d4"}],"ekit_adv_tooltip_content":"Tooltip Content."},"elements":[],"isInner":false,"widgetType":"text-editor","elType":"widget"},{"id":"262b6644","settings":{"shopengine_payment_label_text_color":"#161C2D","shopengine_payment_description_text_color":"#575C65","shopengine_payment_order_button_radius":{"unit":"px","top":"6","right":"6","bottom":"6","left":"6","isLinked":true},"shopengine_payment_order_button_typography_font_size":{"unit":"px","size":16,"sizes":[]},"shopengine_payment_order_button_tabs_normal_bg":"#161C2D","_padding":{"unit":"px","top":"21","right":"24","bottom":"30","left":"24","isLinked":false},"ekit_all_conditions_list":[{"_id":"596e139"}],"ekit_adv_tooltip_content":"Tooltip Content.","_border_border":"solid","_border_width":{"unit":"px","top":"1","right":"1","bottom":"1","left":"1","isLinked":true},"_border_color":"#EAEAEA","_border_radius":{"unit":"px","top":"6","right":"6","bottom":"6","left":"6","isLinked":true},"shopengine_payment_label_typography_font_weight":"500","shopengine_payment_content_typography_font_size":{"unit":"px","size":14,"sizes":[]},"shopengine_archive_products_font_family":"Inter","shopengine_payment_content_typography_line_height":{"unit":"px","size":18,"sizes":[]},"shopengine_payment_order_button_padding":{"unit":"px","top":"16","right":"21","bottom":"15","left":"21","isLinked":false},"shopengine_payment_order_button_typography_line_height":{"unit":"px","size":19,"sizes":[]},"shopengine_payment_order_button_typography_text_transform":"capitalize","shopengine_payment_order_button_tabs_hover_bg":"#2851F3","shopengine_payment_method_radio_input_color":"#007AFF"},"elements":[],"isInner":false,"widgetType":"shopengine-checkout-payment","elType":"widget"}],"isInner":true,"elType":"column"},{"id":"38f33c70","settings":{"_column_size":50,"_inline_size":41.6700000000000017053025658242404460906982421875,"space_between_widgets":0,"border_border":"solid","border_width":{"unit":"px","top":"0","right":"0","bottom":"0","left":"1","isLinked":false},"border_color":"#EAEAEA","padding":{"unit":"px","top":"45","right":"25","bottom":"55","left":"30","isLinked":false},"ekit_all_conditions_list":[{"_id":"49e1c62"}],"padding_tablet":{"unit":"px","top":"45","right":"15","bottom":"0","left":"15","isLinked":false}},"elements":[{"id":"26e32668","settings":{"title":"Why buy from us","title_color":"#161C2D","typography_typography":"custom","typography_font_family":"Inter","typography_font_size":{"unit":"px","size":26,"sizes":[]},"typography_font_weight":"700","typography_line_height":{"unit":"px","size":31,"sizes":[]},"_margin":{"unit":"px","top":"0","right":"0","bottom":"28","left":"0","isLinked":false},"ekit_all_conditions_list":[{"_id":"06806eb"}],"ekit_adv_tooltip_content":"Tooltip Content."},"elements":[],"isInner":false,"widgetType":"heading","elType":"widget"},{"id":"3b912d11","settings":{"selected_icon":{"value":{"url":"https:\/\/wpmet.com\/plugin\/shopengine\/demos\/wp-content\/uploads\/sites\/2\/2022\/05\/icon_plus.svg","id":3729},"library":"svg"},"title_text":"100% Safe and Secure Shopping","description_text":"All the information that you submit here is 100% encrypted. This is 120 bit SSL encrypted payment.","position":"left","primary_color":"#00000000","icon_space":{"unit":"px","size":10,"sizes":[]},"icon_size":{"unit":"px","size":24,"sizes":[]},"text_align":"left","title_bottom_space":{"unit":"px","size":15,"sizes":[]},"title_color":"#161C2D","title_typography_typography":"custom","title_typography_font_family":"Inter","title_typography_font_size":{"unit":"px","size":16,"sizes":[]},"title_typography_font_weight":"600","title_typography_line_height":{"unit":"px","size":9,"sizes":[]},"title_typography_line_height_tablet":{"unit":"px","size":22,"sizes":[]},"title_typography_line_height_mobile":{"unit":"px","size":22,"sizes":[]},"description_color":"#575C65","description_typography_typography":"custom","description_typography_font_family":"Inter","description_typography_font_size":{"unit":"px","size":14,"sizes":[]},"description_typography_font_weight":"400","description_typography_line_height":{"unit":"px","size":22,"sizes":[]},"_margin":{"unit":"px","top":"0","right":"20","bottom":"45","left":"0","isLinked":false},"ekit_all_conditions_list":[{"_id":"95c8318"}],"ekit_adv_tooltip_content":"Tooltip Content.","position_mobile":"left","_margin_tablet":{"unit":"px","top":"0","right":"0","bottom":"45","left":"0","isLinked":false}},"elements":[],"isInner":false,"widgetType":"icon-box","elType":"widget"},{"id":"7dc2ab6c","settings":{"selected_icon":{"value":{"url":"https:\/\/wpmet.com\/plugin\/shopengine\/demos\/wp-content\/uploads\/sites\/2\/2022\/05\/icon_plus.svg","id":3729},"library":"svg"},"title_text":"Best Prices","description_text":"We ensure product quality at highly competitve prices, We have 95% customer satisfaction rate.","position":"left","primary_color":"#00000000","icon_space":{"unit":"px","size":10,"sizes":[]},"icon_size":{"unit":"px","size":24,"sizes":[]},"text_align":"left","title_bottom_space":{"unit":"px","size":15,"sizes":[]},"title_color":"#161C2D","title_typography_typography":"custom","title_typography_font_family":"Inter","title_typography_font_size":{"unit":"px","size":16,"sizes":[]},"title_typography_font_weight":"600","title_typography_line_height":{"unit":"px","size":9,"sizes":[]},"title_typography_line_height_tablet":{"unit":"px","size":22,"sizes":[]},"title_typography_line_height_mobile":{"unit":"px","size":22,"sizes":[]},"description_color":"#575C65","description_typography_typography":"custom","description_typography_font_family":"Inter","description_typography_font_size":{"unit":"px","size":14,"sizes":[]},"description_typography_font_weight":"400","description_typography_line_height":{"unit":"px","size":22,"sizes":[]},"_margin":{"unit":"px","top":"0","right":"20","bottom":"45","left":"0","isLinked":false},"ekit_all_conditions_list":[{"_id":"95c8318"}],"ekit_adv_tooltip_content":"Tooltip Content.","position_mobile":"left","_margin_tablet":{"unit":"px","top":"0","right":"0","bottom":"45","left":"0","isLinked":false}},"elements":[],"isInner":false,"widgetType":"icon-box","elType":"widget"},{"id":"604f6ba2","settings":{"selected_icon":{"value":{"url":"https:\/\/wpmet.com\/plugin\/shopengine\/demos\/wp-content\/uploads\/sites\/2\/2022\/05\/icon_plus.svg","id":3729},"library":"svg"},"title_text":"Fast Shipping","description_text":"We work hard to ensure that you get on time delievery. And adhere to our estimated shipping dates.","position":"left","primary_color":"#00000000","icon_space":{"unit":"px","size":10,"sizes":[]},"icon_size":{"unit":"px","size":24,"sizes":[]},"text_align":"left","title_bottom_space":{"unit":"px","size":15,"sizes":[]},"title_color":"#161C2D","title_typography_typography":"custom","title_typography_font_family":"Inter","title_typography_font_size":{"unit":"px","size":16,"sizes":[]},"title_typography_font_weight":"600","title_typography_line_height":{"unit":"px","size":9,"sizes":[]},"title_typography_line_height_tablet":{"unit":"px","size":22,"sizes":[]},"title_typography_line_height_mobile":{"unit":"px","size":22,"sizes":[]},"description_color":"#575C65","description_typography_typography":"custom","description_typography_font_family":"Inter","description_typography_font_size":{"unit":"px","size":14,"sizes":[]},"description_typography_font_weight":"400","description_typography_line_height":{"unit":"px","size":22,"sizes":[]},"_margin":{"unit":"px","top":"0","right":"20","bottom":"45","left":"0","isLinked":false},"ekit_all_conditions_list":[{"_id":"95c8318"}],"ekit_adv_tooltip_content":"Tooltip Content.","position_mobile":"left","_margin_tablet":{"unit":"px","top":"0","right":"0","bottom":"45","left":"0","isLinked":false}},"elements":[],"isInner":false,"widgetType":"icon-box","elType":"widget"},{"id":"43073f99","settings":{"selected_icon":{"value":{"url":"https:\/\/wpmet.com\/plugin\/shopengine\/demos\/wp-content\/uploads\/sites\/2\/2022\/05\/icon_plus.svg","id":3729},"library":"svg"},"title_text":"Quick Order Processing and Tracking","description_text":"As soon as you place the order, you will receive email for order confirmation & we shall begin processing your order right. You will  receive tracking for your order after shipping.","position":"left","primary_color":"#00000000","icon_space":{"unit":"px","size":10,"sizes":[]},"icon_size":{"unit":"px","size":24,"sizes":[]},"text_align":"left","title_bottom_space":{"unit":"px","size":15,"sizes":[]},"title_color":"#161C2D","title_typography_typography":"custom","title_typography_font_family":"Inter","title_typography_font_size":{"unit":"px","size":16,"sizes":[]},"title_typography_font_weight":"600","title_typography_line_height":{"unit":"px","size":9,"sizes":[]},"title_typography_line_height_tablet":{"unit":"px","size":22,"sizes":[]},"title_typography_line_height_mobile":{"unit":"px","size":22,"sizes":[]},"description_color":"#575C65","description_typography_typography":"custom","description_typography_font_family":"Inter","description_typography_font_size":{"unit":"px","size":14,"sizes":[]},"description_typography_font_weight":"400","description_typography_line_height":{"unit":"px","size":22,"sizes":[]},"_margin":{"unit":"px","top":"0","right":"60","bottom":"57","left":"0","isLinked":false},"ekit_all_conditions_list":[{"_id":"95c8318"}],"ekit_adv_tooltip_content":"Tooltip Content.","position_mobile":"left","_margin_tablet":{"unit":"px","top":"0","right":"0","bottom":"57","left":"0","isLinked":false}},"elements":[],"isInner":false,"widgetType":"icon-box","elType":"widget"},{"id":"8e5de2f","settings":{"selected_icon":{"value":{"url":"https:\/\/wpmet.com\/plugin\/shopengine\/demos\/wp-content\/uploads\/sites\/2\/2021\/10\/protect_red_1.svg","id":1692},"library":"svg"},"title_text":"We Protect<br>Your Privacy","description_text":"","icon_size":{"unit":"px","size":39,"sizes":[]},"text_align":"left","content_vertical_alignment":"middle","title_bottom_space":{"unit":"px","size":0,"sizes":[]},"title_color":"#161C2D","title_typography_typography":"custom","title_typography_font_family":"Inter","title_typography_font_size":{"unit":"px","size":14,"sizes":[]},"title_typography_font_weight":"500","title_typography_line_height":{"unit":"px","size":20,"sizes":[]},"_padding":{"unit":"px","top":"0","right":"30","bottom":"0","left":"0","isLinked":false},"ekit_all_conditions_list":[{"_id":"57d5263"}],"ekit_adv_tooltip_content":"Tooltip Content.","_background_color":"#FFFFFF","_border_radius":{"unit":"px","top":"6","right":"6","bottom":"6","left":"6","isLinked":true},"_box_shadow_box_shadow":{"horizontal":0,"vertical":1,"blur":3,"spread":0,"color":"rgba(22, 28.000000000000004, 45, 0.14)"},"_element_width":"auto","primary_color":"#2851F3","position_tablet":"top","_element_width_tablet":"auto","_element_vertical_align_tablet":"center","position":"top","_element_width_mobile":"auto"},"elements":[],"isInner":false,"widgetType":"icon-box","elType":"widget"},{"id":"165ec868","settings":{"selected_icon":{"value":{"url":"https:\/\/wpmet.com\/plugin\/shopengine\/demos\/wp-content\/uploads\/sites\/2\/2021\/10\/satisfaction_red_2.svg","id":1693},"library":"svg"},"title_text":"100% <br>Satisfaction","description_text":"","icon_size":{"unit":"px","size":39,"sizes":[]},"text_align":"left","content_vertical_alignment":"middle","title_bottom_space":{"unit":"px","size":0,"sizes":[]},"title_color":"#161C2D","title_typography_typography":"custom","title_typography_font_family":"Inter","title_typography_font_size":{"unit":"px","size":14,"sizes":[]},"title_typography_font_weight":"500","title_typography_line_height":{"unit":"px","size":20,"sizes":[]},"_padding":{"unit":"px","top":"0","right":"30","bottom":"0","left":"30","isLinked":false},"ekit_all_conditions_list":[{"_id":"57d5263"}],"ekit_adv_tooltip_content":"Tooltip Content.","_background_color":"#FFFFFF","_box_shadow_box_shadow":{"horizontal":0,"vertical":1,"blur":3,"spread":0,"color":"rgba(22, 28.000000000000004, 45, 0.14)"},"_element_width":"auto","primary_color":"#2851F3","_element_width_tablet":"auto","_border_border":"solid","_border_width":{"unit":"px","top":"0","right":"1","bottom":"0","left":"1","isLinked":false},"_border_color":"#E7E7E7","_element_width_mobile":"auto"},"elements":[],"isInner":false,"widgetType":"icon-box","elType":"widget"},{"id":"1217c910","settings":{"selected_icon":{"value":{"url":"https:\/\/wpmet.com\/plugin\/shopengine\/demos\/wp-content\/uploads\/sites\/2\/2021\/10\/lock_red_1.svg","id":1694},"library":"svg"},"title_text":"Your Data is<br>Safe With Us","description_text":"","icon_size":{"unit":"px","size":39,"sizes":[]},"text_align":"left","content_vertical_alignment":"middle","title_bottom_space":{"unit":"px","size":0,"sizes":[]},"title_color":"#161C2D","title_typography_typography":"custom","title_typography_font_family":"Inter","title_typography_font_size":{"unit":"px","size":14,"sizes":[]},"title_typography_font_weight":"500","title_typography_line_height":{"unit":"px","size":20,"sizes":[]},"_padding":{"unit":"px","top":"0","right":"0","bottom":"0","left":"30","isLinked":false},"ekit_all_conditions_list":[{"_id":"57d5263"}],"ekit_adv_tooltip_content":"Tooltip Content.","_background_color":"#FFFFFF","_border_radius":{"unit":"px","top":"6","right":"6","bottom":"6","left":"6","isLinked":true},"_box_shadow_box_shadow":{"horizontal":0,"vertical":1,"blur":3,"spread":0,"color":"rgba(22, 28.000000000000004, 45, 0.14)"},"_element_width":"auto","primary_color":"#2851F3","_element_width_tablet":"auto","_margin_tablet":{"unit":"px","top":"20","right":"0","bottom":"0","left":"0","isLinked":false},"_margin_mobile":{"unit":"px","top":"20","right":"0","bottom":"0","left":"0","isLinked":false},"_padding_tablet":{"unit":"px","top":"0","right":"0","bottom":"0","left":"0","isLinked":false},"_element_width_mobile":"auto"},"elements":[],"isInner":false,"widgetType":"icon-box","elType":"widget"},{"id":"605c0839","settings":{"title":"30 Days Refund Policy","title_color":"#161C2D","typography_typography":"custom","typography_font_family":"Inter","typography_font_size":{"unit":"px","size":26,"sizes":[]},"typography_font_weight":"600","typography_line_height":{"unit":"px","size":30,"sizes":[]},"_margin":{"unit":"px","top":"45","right":"0","bottom":"10","left":"0","isLinked":false},"ekit_all_conditions_list":[{"_id":"631ddf1"}],"ekit_adv_tooltip_content":"Tooltip Content."},"elements":[],"isInner":false,"widgetType":"heading","elType":"widget"},{"id":"45cac8e9","settings":{"editor":"You have to take enough risks in life, this shouldn't be one of them. Try this out for 30 days on me and if you aren\u2019t happy just sent me an email and I'll refund your entire purchase - on questions asked.","text_color":"#575C65","typography_typography":"custom","typography_font_family":"Inter","typography_font_size":{"unit":"px","size":14,"sizes":[]},"typography_font_weight":"400","typography_line_height":{"unit":"px","size":22,"sizes":[]},"_margin":{"unit":"px","top":"0","right":"40","bottom":"40","left":"0","isLinked":false},"ekit_all_conditions_list":[{"_id":"380e0d7"}],"ekit_adv_tooltip_content":"Tooltip Content."},"elements":[],"isInner":false,"widgetType":"text-editor","elType":"widget"},{"id":"72e0a683","settings":{"title":"Privacy","title_color":"#161C2D","typography_typography":"custom","typography_font_family":"Inter","typography_font_size":{"unit":"px","size":26,"sizes":[]},"typography_font_weight":"600","typography_line_height":{"unit":"px","size":30,"sizes":[]},"_margin":{"unit":"px","top":"0","right":"0","bottom":"17","left":"0","isLinked":false},"ekit_all_conditions_list":[{"_id":"631ddf1"}],"ekit_adv_tooltip_content":"Tooltip Content."},"elements":[],"isInner":false,"widgetType":"heading","elType":"widget"},{"id":"720847d8","settings":{"editor":"We will not share or trade online information that you provide us (Including email addresses).","text_color":"#575C65","typography_typography":"custom","typography_font_family":"Inter","typography_font_size":{"unit":"px","size":14,"sizes":[]},"typography_font_weight":"400","typography_line_height":{"unit":"px","size":22,"sizes":[]},"_margin":{"unit":"px","top":"0","right":"40","bottom":"57","left":"0","isLinked":false},"ekit_all_conditions_list":[{"_id":"380e0d7"}],"ekit_adv_tooltip_content":"Tooltip Content."},"elements":[],"isInner":false,"widgetType":"text-editor","elType":"widget"},{"id":"22b32ee","settings":{"title":"Customer Support","title_color":"#161C2D","typography_typography":"custom","typography_font_family":"Inter","typography_font_size":{"unit":"px","size":26,"sizes":[]},"typography_font_weight":"600","typography_line_height":{"unit":"px","size":30,"sizes":[]},"_margin":{"unit":"px","top":"0","right":"0","bottom":"13","left":"0","isLinked":false},"ekit_all_conditions_list":[{"_id":"631ddf1"}],"ekit_adv_tooltip_content":"Tooltip Content."},"elements":[],"isInner":false,"widgetType":"heading","elType":"widget"},{"id":"60fefc46","settings":{"editor":"Our Award-Winning Customer Support is Here for You","text_color":"#586377","typography_typography":"custom","typography_font_family":"Inter","typography_font_size":{"unit":"px","size":18,"sizes":[]},"typography_font_weight":"400","typography_line_height":{"unit":"px","size":26,"sizes":[]},"_margin":{"unit":"px","top":"0","right":"40","bottom":"23","left":"0","isLinked":false},"ekit_all_conditions_list":[{"_id":"380e0d7"}],"ekit_adv_tooltip_content":"Tooltip Content.","_margin_tablet":{"unit":"px","top":"0","right":"0","bottom":"23","left":"0","isLinked":false}},"elements":[],"isInner":false,"widgetType":"text-editor","elType":"widget"},{"id":"32d6b595","settings":{"image":{"url":"https:\/\/wpmet.com\/plugin\/shopengine\/demos\/wp-content\/uploads\/sites\/2\/2022\/05\/Checkout_client_1.png","id":4193,"alt":"","source":"library"},"title_text":"Guy Hawkins","description_text":"Customer Happiness Manager","position":"left","title_size":"h5","image_space":{"unit":"px","size":10,"sizes":[]},"image_size":{"unit":"%","size":19,"sizes":[]},"title_bottom_space":{"unit":"px","size":0,"sizes":[]},"title_color":"#161C2D","title_typography_typography":"custom","title_typography_font_family":"Inter","title_typography_font_size":{"unit":"px","size":14,"sizes":[]},"title_typography_font_weight":"600","title_typography_line_height":{"unit":"px","size":24,"sizes":[]},"description_color":"#586377","description_typography_typography":"custom","description_typography_font_family":"Inter","description_typography_font_size":{"unit":"px","size":14,"sizes":[]},"description_typography_font_weight":"400","description_typography_line_height":{"unit":"px","size":17,"sizes":[]},"_margin":{"unit":"px","top":"0","right":"0","bottom":"40","left":"0","isLinked":false},"_padding":{"unit":"px","top":"20","right":"30","bottom":"18","left":"30","isLinked":false},"ekit_all_conditions_list":[{"_id":"faec55a"}],"ekit_adv_tooltip_content":"Tooltip Content.","_background_background":"classic","_background_color":"#FCFCFC","_border_border":"solid","_border_width":{"unit":"px","top":"1","right":"1","bottom":"1","left":"1","isLinked":true},"_border_color":"#EAEAEA","_border_radius":{"unit":"px","top":"6","right":"6","bottom":"6","left":"6","isLinked":true}},"elements":[],"isInner":false,"widgetType":"image-box","elType":"widget"},{"id":"34507cd7","settings":{"selected_icon":{"value":{"url":"https:\/\/wpmet.com\/plugin\/shopengine\/demos\/wp-content\/uploads\/sites\/2\/2022\/05\/icon_checkout_email-1.svg","id":4230},"library":"svg"},"title_text":"Email","description_text":"support@shopengine.com","position":"left","icon_space":{"unit":"px","size":13,"sizes":[]},"icon_size":{"unit":"px","size":24,"sizes":[]},"title_bottom_space":{"unit":"px","size":7,"sizes":[]},"title_color":"#161C2D","title_typography_typography":"custom","title_typography_font_family":"Inter","title_typography_font_size":{"unit":"px","size":16,"sizes":[]},"title_typography_font_weight":"500","title_typography_line_height":{"unit":"px","size":7,"sizes":[]},"description_color":"#575C65","description_typography_typography":"custom","description_typography_font_family":"Inter","description_typography_font_size":{"unit":"px","size":15,"sizes":[]},"description_typography_font_weight":"400","description_typography_line_height":{"unit":"px","size":22,"sizes":[]},"_margin":{"unit":"px","top":"0","right":"0","bottom":"30","left":"0","isLinked":false},"ekit_all_conditions_list":[{"_id":"9d5b10e"}],"ekit_adv_tooltip_content":"Tooltip Content."},"elements":[],"isInner":false,"widgetType":"icon-box","elType":"widget"},{"id":"4017fefb","settings":{"selected_icon":{"value":{"url":"https:\/\/wpmet.com\/plugin\/shopengine\/demos\/wp-content\/uploads\/sites\/2\/2022\/05\/icon_checkout_phone_1.svg","id":4245},"library":"svg"},"title_text":"Call Us","description_text":"+(624) 762 338 55","position":"left","icon_space":{"unit":"px","size":13,"sizes":[]},"icon_size":{"unit":"px","size":24,"sizes":[]},"title_bottom_space":{"unit":"px","size":7,"sizes":[]},"title_color":"#161C2D","title_typography_typography":"custom","title_typography_font_family":"Inter","title_typography_font_size":{"unit":"px","size":16,"sizes":[]},"title_typography_font_weight":"500","title_typography_line_height":{"unit":"px","size":7,"sizes":[]},"description_color":"#575C65","description_typography_typography":"custom","description_typography_font_family":"Inter","description_typography_font_size":{"unit":"px","size":15,"sizes":[]},"description_typography_font_weight":"400","description_typography_line_height":{"unit":"px","size":22,"sizes":[]},"_margin":{"unit":"px","top":"0","right":"0","bottom":"30","left":"0","isLinked":false},"ekit_all_conditions_list":[{"_id":"9d5b10e"}],"ekit_adv_tooltip_content":"Tooltip Content."},"elements":[],"isInner":false,"widgetType":"icon-box","elType":"widget"},{"id":"5de00332","settings":{"selected_icon":{"value":{"url":"https:\/\/wpmet.com\/plugin\/shopengine\/demos\/wp-content\/uploads\/sites\/2\/2022\/05\/icon_checkout_chat_1.svg","id":4246},"library":"svg"},"title_text":"Chat with us","description_text":"Monday - Friday, 10:30am - 7:30pm <br>\n(Pacific Time)","position":"left","icon_space":{"unit":"px","size":13,"sizes":[]},"icon_size":{"unit":"px","size":24,"sizes":[]},"title_bottom_space":{"unit":"px","size":7,"sizes":[]},"title_color":"#161C2D","title_typography_typography":"custom","title_typography_font_family":"Inter","title_typography_font_size":{"unit":"px","size":16,"sizes":[]},"title_typography_font_weight":"500","title_typography_line_height":{"unit":"px","size":7,"sizes":[]},"description_color":"#575C65","description_typography_typography":"custom","description_typography_font_family":"Inter","description_typography_font_size":{"unit":"px","size":15,"sizes":[]},"description_typography_font_weight":"400","description_typography_line_height":{"unit":"px","size":22,"sizes":[]},"_margin":{"unit":"px","top":"0","right":"0","bottom":"30","left":"0","isLinked":false},"ekit_all_conditions_list":[{"_id":"9d5b10e"}],"ekit_adv_tooltip_content":"Tooltip Content."},"elements":[],"isInner":false,"widgetType":"icon-box","elType":"widget"}],"isInner":true,"elType":"column"}],"isInner":true,"elType":"section"},{"id":"bafa15","settings":{"layout":"full_width","shopengine_multistep_next_button_text":"Next","shopengine_multistep_previous_button_text":"Previous","structure":"30","background_background":"classic","background_color":"#FFFFFF","box_shadow_box_shadow_type":"yes","box_shadow_box_shadow":{"horizontal":0,"vertical":1,"blur":3,"spread":0,"color":"rgba(22, 28.000000000000004, 45, 0.2)"},"padding":{"unit":"px","top":"50","right":"0","bottom":"58","left":"0","isLinked":false},"ekit_all_conditions_list":[{"_id":"83ca857"}],"ekit_section_parallax_multi_items":[],"border_border":"solid","border_width":{"unit":"px","top":"1","right":"1","bottom":"1","left":"1","isLinked":true},"border_color":"#EAEAEA"},"elements":[{"id":"3e99fbab","settings":{"_column_size":33,"_inline_size":null,"space_between_widgets":0,"padding":{"unit":"px","top":"0","right":"15","bottom":"0","left":"60","isLinked":false},"ekit_all_conditions_list":[{"_id":"4b13d9a"}],"padding_tablet":{"unit":"px","top":"0","right":"15","bottom":"0","left":"15","isLinked":false}},"elements":[{"id":"132af460","settings":{"layout":"full_width","gap":"no","structure":"20","margin":{"unit":"px","top":"","right":0,"bottom":"","left":0,"isLinked":true},"ekit_all_conditions_list":[{"_id":"4dc5621"}],"ekit_section_parallax_multi_items":[],"shopengine_multistep_next_button_text":"Next","shopengine_multistep_previous_button_text":"Previous","border_width":{"unit":"px","top":"0","right":"1","bottom":"0","left":"0","isLinked":false},"border_color":"#E7E7E7","background_background":"classic","margin_mobile":{"unit":"px","top":"0","right":0,"bottom":"30","left":0,"isLinked":false}},"elements":[{"id":"7972190f","settings":{"_column_size":50,"_inline_size":16.5,"ekit_all_conditions_list":[{"_id":"9438ecd"}],"space_between_widgets":0,"padding":{"unit":"px","top":"0","right":"0","bottom":"0","left":"0","isLinked":false},"_inline_size_tablet":16},"elements":[{"id":"6b99c72e","settings":{"image":{"url":"https:\/\/wpmet.com\/plugin\/shopengine\/demos\/wp-content\/uploads\/sites\/2\/2021\/10\/review_1.png","id":1592,"alt":"","source":"library"},"align":"left","ekit_all_conditions_list":[{"_id":"fee9660"}],"ekit_adv_tooltip_content":"Tooltip Content."},"elements":[],"isInner":false,"widgetType":"image","elType":"widget"}],"isInner":true,"elType":"column"},{"id":"3fc7c498","settings":{"_column_size":50,"_inline_size":83.4980000000000046611603465862572193145751953125,"ekit_all_conditions_list":[{"_id":"6b77656"}],"space_between_widgets":0,"padding_tablet":{"unit":"px","top":"0","right":"0","bottom":"0","left":"10","isLinked":false}},"elements":[{"id":"7f8b8a42","settings":{"align":"left","primary_color":"#FFA928","size":{"unit":"px","size":12,"sizes":[]},"_margin":{"unit":"px","top":"2","right":"4","bottom":"-2","left":"0","isLinked":false},"_element_width":"auto","ekit_all_conditions_list":[{"_id":"35e04aa"}],"ekit_adv_tooltip_content":"Tooltip Content."},"elements":[],"isInner":false,"widgetType":"icon","elType":"widget"},{"id":"1e56f613","settings":{"align":"left","primary_color":"#FFA928","size":{"unit":"px","size":12,"sizes":[]},"_margin":{"unit":"px","top":"2","right":"4","bottom":"-2","left":"0","isLinked":false},"_element_width":"auto","ekit_all_conditions_list":[{"_id":"35e04aa"}],"ekit_adv_tooltip_content":"Tooltip Content."},"elements":[],"isInner":false,"widgetType":"icon","elType":"widget"},{"id":"1cca345a","settings":{"align":"left","primary_color":"#FFA928","size":{"unit":"px","size":12,"sizes":[]},"_margin":{"unit":"px","top":"2","right":"4","bottom":"-2","left":"0","isLinked":false},"_element_width":"auto","ekit_all_conditions_list":[{"_id":"35e04aa"}],"ekit_adv_tooltip_content":"Tooltip Content."},"elements":[],"isInner":false,"widgetType":"icon","elType":"widget"},{"id":"542239af","settings":{"align":"left","primary_color":"#FFA928","size":{"unit":"px","size":12,"sizes":[]},"_margin":{"unit":"px","top":"2","right":"4","bottom":"-2","left":"0","isLinked":false},"_element_width":"auto","ekit_all_conditions_list":[{"_id":"35e04aa"}],"ekit_adv_tooltip_content":"Tooltip Content."},"elements":[],"isInner":false,"widgetType":"icon","elType":"widget"},{"id":"f79dccd","settings":{"align":"left","primary_color":"#FFA928","size":{"unit":"px","size":12,"sizes":[]},"_margin":{"unit":"px","top":"2","right":"4","bottom":"-2","left":"0","isLinked":false},"_element_width":"auto","ekit_all_conditions_list":[{"_id":"35e04aa"}],"ekit_adv_tooltip_content":"Tooltip Content."},"elements":[],"isInner":false,"widgetType":"icon","elType":"widget"},{"id":"4bebc6a0","settings":{"editor":"<p>The wireless hotpot amongst boot the monty happy day william cupa blow butty pardon.<\/p>","text_color":"#586377","typography_typography":"custom","typography_font_family":"Inter","typography_font_size":{"unit":"px","size":15,"sizes":[]},"typography_font_weight":"400","typography_line_height":{"unit":"px","size":24,"sizes":[]},"ekit_all_conditions_list":[{"_id":"722f193"}],"ekit_adv_tooltip_content":"Tooltip Content.","_margin":{"unit":"px","top":"3","right":"0","bottom":"16","left":"0","isLinked":false}},"elements":[],"isInner":false,"widgetType":"text-editor","elType":"widget"},{"id":"5685cd3a","settings":{"title":"Samuel Serif","title_color":"#007AFF","typography_typography":"custom","typography_font_family":"Inter","typography_font_size":{"unit":"px","size":14,"sizes":[]},"typography_font_weight":"600","typography_line_height":{"unit":"px","size":17,"sizes":[]},"_element_width":"auto","ekit_all_conditions_list":[{"_id":"ba21870"}],"ekit_adv_tooltip_content":"Tooltip Content."},"elements":[],"isInner":false,"widgetType":"heading","elType":"widget"},{"id":"5da41d62","settings":{"view":"inline","icon_list":[{"text":"","selected_icon":{"value":"fas fa-circle","library":"fa-solid"},"_id":"13d42b8"}],"icon_align":"center","icon_color":"#586377","icon_size":{"unit":"px","size":5,"sizes":[]},"_margin":{"unit":"px","top":"4","right":"4","bottom":"0","left":"8","isLinked":false},"_element_width":"auto","_element_vertical_align":"center","ekit_all_conditions_list":[{"_id":"9228d4d"}],"ekit_adv_tooltip_content":"Tooltip Content."},"elements":[],"isInner":false,"widgetType":"icon-list","elType":"widget"},{"id":"70a36b4f","settings":{"title":"April 10, 2021","title_color":"#586377","typography_typography":"custom","typography_font_family":"Inter","typography_font_size":{"unit":"px","size":14,"sizes":[]},"typography_font_weight":"400","typography_line_height":{"unit":"px","size":17,"sizes":[]},"_element_width":"auto","ekit_all_conditions_list":[{"_id":"ba21870"}],"ekit_adv_tooltip_content":"Tooltip Content."},"elements":[],"isInner":false,"widgetType":"heading","elType":"widget"}],"isInner":true,"elType":"column"}],"isInner":true,"elType":"section"}],"isInner":true,"elType":"column"},{"id":"1624a53f","settings":{"_column_size":33,"_inline_size":null,"space_between_widgets":0,"padding":{"unit":"px","top":"0","right":"15","bottom":"0","left":"15","isLinked":false},"ekit_all_conditions_list":[{"_id":"4b13d9a"}],"padding_tablet":{"unit":"px","top":"0","right":"15","bottom":"0","left":"0","isLinked":false}},"elements":[{"id":"569ac20f","settings":{"layout":"full_width","gap":"no","structure":"20","margin":{"unit":"px","top":"","right":0,"bottom":"","left":0,"isLinked":true},"ekit_all_conditions_list":[{"_id":"4dc5621"}],"ekit_section_parallax_multi_items":[],"shopengine_multistep_next_button_text":"Next","shopengine_multistep_previous_button_text":"Previous","border_border":"solid","border_width":{"unit":"px","top":"0","right":"1","bottom":"0","left":"1","isLinked":false},"border_color":"#E7E7E7","padding":{"unit":"px","top":"0","right":"35","bottom":"0","left":"35","isLinked":false},"padding_tablet":{"unit":"px","top":"0","right":"0","bottom":"0","left":"15","isLinked":false},"margin_mobile":{"unit":"px","top":"0","right":0,"bottom":"30","left":0,"isLinked":false}},"elements":[{"id":"719bbee4","settings":{"_column_size":50,"_inline_size":18,"ekit_all_conditions_list":[{"_id":"9438ecd"}],"space_between_widgets":0,"_inline_size_tablet":16},"elements":[{"id":"4c753eba","settings":{"image":{"url":"https:\/\/wpmet.com\/plugin\/shopengine\/demos\/wp-content\/uploads\/sites\/2\/2021\/10\/review_2.png","id":1593,"alt":"","source":"library"},"align":"left","ekit_all_conditions_list":[{"_id":"fee9660"}],"ekit_adv_tooltip_content":"Tooltip Content."},"elements":[],"isInner":false,"widgetType":"image","elType":"widget"}],"isInner":true,"elType":"column"},{"id":"37df5a7c","settings":{"_column_size":50,"_inline_size":81.9980000000000046611603465862572193145751953125,"ekit_all_conditions_list":[{"_id":"6b77656"}],"space_between_widgets":0,"padding_tablet":{"unit":"px","top":"0","right":"0","bottom":"0","left":"10","isLinked":false}},"elements":[{"id":"d7f5e9f","settings":{"align":"left","primary_color":"#FFA928","size":{"unit":"px","size":12,"sizes":[]},"_margin":{"unit":"px","top":"2","right":"4","bottom":"-2","left":"0","isLinked":false},"_element_width":"auto","ekit_all_conditions_list":[{"_id":"35e04aa"}],"ekit_adv_tooltip_content":"Tooltip Content."},"elements":[],"isInner":false,"widgetType":"icon","elType":"widget"},{"id":"14bfcc4c","settings":{"align":"left","primary_color":"#FFA928","size":{"unit":"px","size":12,"sizes":[]},"_margin":{"unit":"px","top":"2","right":"4","bottom":"-2","left":"0","isLinked":false},"_element_width":"auto","ekit_all_conditions_list":[{"_id":"35e04aa"}],"ekit_adv_tooltip_content":"Tooltip Content."},"elements":[],"isInner":false,"widgetType":"icon","elType":"widget"},{"id":"49e23303","settings":{"align":"left","primary_color":"#FFA928","size":{"unit":"px","size":12,"sizes":[]},"_margin":{"unit":"px","top":"2","right":"4","bottom":"-2","left":"0","isLinked":false},"_element_width":"auto","ekit_all_conditions_list":[{"_id":"35e04aa"}],"ekit_adv_tooltip_content":"Tooltip Content."},"elements":[],"isInner":false,"widgetType":"icon","elType":"widget"},{"id":"b9aaa2b","settings":{"align":"left","primary_color":"#FFA928","size":{"unit":"px","size":12,"sizes":[]},"_margin":{"unit":"px","top":"2","right":"4","bottom":"-2","left":"0","isLinked":false},"_element_width":"auto","ekit_all_conditions_list":[{"_id":"35e04aa"}],"ekit_adv_tooltip_content":"Tooltip Content."},"elements":[],"isInner":false,"widgetType":"icon","elType":"widget"},{"id":"c97833","settings":{"align":"left","primary_color":"#FFA928","size":{"unit":"px","size":12,"sizes":[]},"_margin":{"unit":"px","top":"2","right":"4","bottom":"-2","left":"0","isLinked":false},"_element_width":"auto","ekit_all_conditions_list":[{"_id":"35e04aa"}],"ekit_adv_tooltip_content":"Tooltip Content."},"elements":[],"isInner":false,"widgetType":"icon","elType":"widget"},{"id":"46be07d3","settings":{"editor":"<p>The wireless hotpot amongst boot the monty happy day william cupa blow butty pardon.<\/p>","text_color":"#586377","typography_typography":"custom","typography_font_family":"Inter","typography_font_size":{"unit":"px","size":15,"sizes":[]},"typography_font_weight":"400","typography_line_height":{"unit":"px","size":24,"sizes":[]},"ekit_all_conditions_list":[{"_id":"722f193"}],"ekit_adv_tooltip_content":"Tooltip Content.","_margin":{"unit":"px","top":"3","right":"0","bottom":"16","left":"0","isLinked":false}},"elements":[],"isInner":false,"widgetType":"text-editor","elType":"widget"},{"id":"34262b79","settings":{"title":"Jim S\u00e9chen","title_color":"#007AFF","typography_typography":"custom","typography_font_family":"Inter","typography_font_size":{"unit":"px","size":14,"sizes":[]},"typography_font_weight":"600","typography_line_height":{"unit":"px","size":17,"sizes":[]},"_element_width":"auto","ekit_all_conditions_list":[{"_id":"ba21870"}],"ekit_adv_tooltip_content":"Tooltip Content."},"elements":[],"isInner":false,"widgetType":"heading","elType":"widget"},{"id":"6098b8a1","settings":{"view":"inline","icon_list":[{"text":"","selected_icon":{"value":"fas fa-circle","library":"fa-solid"},"_id":"13d42b8"}],"icon_align":"center","icon_color":"#586377","icon_size":{"unit":"px","size":5,"sizes":[]},"_margin":{"unit":"px","top":"4","right":"4","bottom":"0","left":"8","isLinked":false},"_element_width":"auto","_element_vertical_align":"center","ekit_all_conditions_list":[{"_id":"9228d4d"}],"ekit_adv_tooltip_content":"Tooltip Content."},"elements":[],"isInner":false,"widgetType":"icon-list","elType":"widget"},{"id":"5ea3c015","settings":{"title":"October 4, 2021","title_color":"#586377","typography_typography":"custom","typography_font_family":"Inter","typography_font_size":{"unit":"px","size":14,"sizes":[]},"typography_font_weight":"400","typography_line_height":{"unit":"px","size":17,"sizes":[]},"_element_width":"auto","ekit_all_conditions_list":[{"_id":"ba21870"}],"ekit_adv_tooltip_content":"Tooltip Content."},"elements":[],"isInner":false,"widgetType":"heading","elType":"widget"}],"isInner":true,"elType":"column"}],"isInner":true,"elType":"section"}],"isInner":true,"elType":"column"},{"id":"59fa71f5","settings":{"_column_size":33,"_inline_size":null,"space_between_widgets":0,"padding":{"unit":"px","top":"0","right":"65","bottom":"0","left":"17","isLinked":false},"ekit_all_conditions_list":[{"_id":"4b13d9a"}],"padding_tablet":{"unit":"px","top":"0","right":"15","bottom":"0","left":"15","isLinked":false}},"elements":[{"id":"341d9cdc","settings":{"layout":"full_width","gap":"no","structure":"20","margin":{"unit":"px","top":"","right":0,"bottom":"","left":0,"isLinked":true},"ekit_all_conditions_list":[{"_id":"4dc5621"}],"ekit_section_parallax_multi_items":[],"shopengine_multistep_next_button_text":"Next","shopengine_multistep_previous_button_text":"Previous","margin_mobile":{"unit":"px","top":"0","right":0,"bottom":"30","left":0,"isLinked":false}},"elements":[{"id":"6b6a62b","settings":{"_column_size":50,"_inline_size":16.5,"ekit_all_conditions_list":[{"_id":"9438ecd"}],"space_between_widgets":0,"_inline_size_tablet":16},"elements":[{"id":"4291f9d6","settings":{"image":{"url":"https:\/\/wpmet.com\/plugin\/shopengine\/demos\/wp-content\/uploads\/sites\/2\/2022\/05\/review_3.png","id":3947,"alt":"","source":"library"},"align":"left","ekit_all_conditions_list":[{"_id":"fee9660"}],"ekit_adv_tooltip_content":"Tooltip Content."},"elements":[],"isInner":false,"widgetType":"image","elType":"widget"}],"isInner":true,"elType":"column"},{"id":"2633d7d4","settings":{"_column_size":50,"_inline_size":83.4980000000000046611603465862572193145751953125,"ekit_all_conditions_list":[{"_id":"6b77656"}],"space_between_widgets":0,"padding_tablet":{"unit":"px","top":"0","right":"0","bottom":"0","left":"10","isLinked":false}},"elements":[{"id":"2f93a2e9","settings":{"align":"left","primary_color":"#FFA928","size":{"unit":"px","size":12,"sizes":[]},"_margin":{"unit":"px","top":"2","right":"4","bottom":"-2","left":"0","isLinked":false},"_element_width":"auto","ekit_all_conditions_list":[{"_id":"35e04aa"}],"ekit_adv_tooltip_content":"Tooltip Content."},"elements":[],"isInner":false,"widgetType":"icon","elType":"widget"},{"id":"38fedc97","settings":{"align":"left","primary_color":"#FFA928","size":{"unit":"px","size":12,"sizes":[]},"_margin":{"unit":"px","top":"2","right":"4","bottom":"-2","left":"0","isLinked":false},"_element_width":"auto","ekit_all_conditions_list":[{"_id":"35e04aa"}],"ekit_adv_tooltip_content":"Tooltip Content."},"elements":[],"isInner":false,"widgetType":"icon","elType":"widget"},{"id":"ad91838","settings":{"align":"left","primary_color":"#FFA928","size":{"unit":"px","size":12,"sizes":[]},"_margin":{"unit":"px","top":"2","right":"4","bottom":"-2","left":"0","isLinked":false},"_element_width":"auto","ekit_all_conditions_list":[{"_id":"35e04aa"}],"ekit_adv_tooltip_content":"Tooltip Content."},"elements":[],"isInner":false,"widgetType":"icon","elType":"widget"},{"id":"70b346a7","settings":{"align":"left","primary_color":"#FFA928","size":{"unit":"px","size":12,"sizes":[]},"_margin":{"unit":"px","top":"2","right":"4","bottom":"-2","left":"0","isLinked":false},"_element_width":"auto","ekit_all_conditions_list":[{"_id":"35e04aa"}],"ekit_adv_tooltip_content":"Tooltip Content."},"elements":[],"isInner":false,"widgetType":"icon","elType":"widget"},{"id":"44ec1a97","settings":{"align":"left","primary_color":"#FFA928","size":{"unit":"px","size":12,"sizes":[]},"_margin":{"unit":"px","top":"2","right":"4","bottom":"-2","left":"0","isLinked":false},"_element_width":"auto","ekit_all_conditions_list":[{"_id":"35e04aa"}],"ekit_adv_tooltip_content":"Tooltip Content."},"elements":[],"isInner":false,"widgetType":"icon","elType":"widget"},{"id":"79051898","settings":{"editor":"<p>The wireless hotpot amongst boot the monty happy day william cupa blow butty pardon.<\/p>","text_color":"#586377","typography_typography":"custom","typography_font_family":"Inter","typography_font_size":{"unit":"px","size":15,"sizes":[]},"typography_font_weight":"400","typography_line_height":{"unit":"px","size":24,"sizes":[]},"ekit_all_conditions_list":[{"_id":"722f193"}],"ekit_adv_tooltip_content":"Tooltip Content.","_margin":{"unit":"px","top":"3","right":"0","bottom":"16","left":"0","isLinked":false}},"elements":[],"isInner":false,"widgetType":"text-editor","elType":"widget"},{"id":"1f5a5eae","settings":{"title":"Cody Fisher","title_color":"#007AFF","typography_typography":"custom","typography_font_family":"Inter","typography_font_size":{"unit":"px","size":14,"sizes":[]},"typography_font_weight":"600","typography_line_height":{"unit":"px","size":17,"sizes":[]},"_element_width":"auto","ekit_all_conditions_list":[{"_id":"ba21870"}],"ekit_adv_tooltip_content":"Tooltip Content."},"elements":[],"isInner":false,"widgetType":"heading","elType":"widget"},{"id":"68f991f9","settings":{"view":"inline","icon_list":[{"text":"","selected_icon":{"value":"fas fa-circle","library":"fa-solid"},"_id":"13d42b8"}],"icon_align":"center","icon_color":"#586377","icon_size":{"unit":"px","size":5,"sizes":[]},"_margin":{"unit":"px","top":"4","right":"4","bottom":"0","left":"8","isLinked":false},"_element_width":"auto","_element_vertical_align":"center","ekit_all_conditions_list":[{"_id":"9228d4d"}],"ekit_adv_tooltip_content":"Tooltip Content."},"elements":[],"isInner":false,"widgetType":"icon-list","elType":"widget"},{"id":"5543a0f7","settings":{"title":" March 13, 2021","title_color":"#586377","typography_typography":"custom","typography_font_family":"Inter","typography_font_size":{"unit":"px","size":14,"sizes":[]},"typography_font_weight":"400","typography_line_height":{"unit":"px","size":17,"sizes":[]},"_element_width":"auto","ekit_all_conditions_list":[{"_id":"ba21870"}],"ekit_adv_tooltip_content":"Tooltip Content."},"elements":[],"isInner":false,"widgetType":"heading","elType":"widget"}],"isInner":true,"elType":"column"}],"isInner":true,"elType":"section"}],"isInner":true,"elType":"column"}],"isInner":true,"elType":"section"}],"isInner":false,"elType":"column"}],"isInner":false,"elType":"section"}],"page_settings":[],"version":"0.4","title":"Checkout 4","type":"page"}