{"content":[{"id":"3e90fb54","settings":{"content_width":{"unit":"px","size":1230,"sizes":[]},"background_background":"classic","background_image":{"url":"https:\/\/wpmet.com\/plugin\/shopengine\/demos\/wp-content\/uploads\/sites\/2\/2021\/10\/shop_bg_09.jpg","id":5602,"alt":"","source":"library"},"background_repeat":"no-repeat","background_size":"cover","background_overlay_background":"classic","background_overlay_image":{"url":"","id":"","alt":"","source":"library"},"background_overlay_position":"center center","background_overlay_repeat":"no-repeat","background_overlay_opacity":{"unit":"px","size":0.59999999999999997779553950749686919152736663818359375,"sizes":[]},"padding":{"unit":"px","top":"75","right":"0","bottom":"83","left":"0","isLinked":false},"ekit_all_conditions_list":[{"_id":"fd3d54b"}],"ekit_section_parallax_multi_items":[],"background_overlay_ypos":{"unit":"px","size":-76,"sizes":[]},"background_overlay_size":"cover","background_attachment":"scroll","background_overlay_color":"#161C2D","background_position":"initial","background_ypos":{"unit":"px","size":-107,"sizes":[]},"shopengine_multistep_next_button_text":"Next","shopengine_multistep_previous_button_text":"Previous"},"elements":[{"id":"32d81af1","settings":{"_column_size":100,"_inline_size":null,"space_between_widgets":0,"padding":{"unit":"px","top":"0","right":"15","bottom":"0","left":"15","isLinked":false},"ekit_all_conditions_list":[{"_id":"08903e0"}]},"elements":[{"id":"1205a83a","settings":{"layout":"full_width","ekit_all_conditions_list":[{"_id":"99bb715"}],"ekit_section_parallax_multi_items":[],"shopengine_multistep_next_button_text":"Next","shopengine_multistep_previous_button_text":"Previous"},"elements":[{"id":"75da2d5c","settings":{"_column_size":100,"_inline_size":null,"space_between_widgets":0,"padding":{"unit":"px","top":"0","right":"0","bottom":"0","left":"0","isLinked":true},"ekit_all_conditions_list":[{"_id":"960d583"}],"align_tablet":"center"},"elements":[{"id":"239e8b33","settings":{"title":"Checkout","align":"left","title_color":"#FFFFFF","typography_typography":"custom","typography_font_family":"Inter","typography_font_size":{"unit":"px","size":60,"sizes":[]},"typography_font_weight":"700","typography_line_height":{"unit":"px","size":73,"sizes":[]},"ekit_all_conditions_list":[{"_id":"f7b94a0"}],"ekit_adv_tooltip_content":"Tooltip Content.","typography_font_size_mobile":{"unit":"px","size":45,"sizes":[]}},"elements":[],"isInner":false,"widgetType":"heading","elType":"widget"},{"id":"5372b054","settings":{"view":"inline","icon_list":[{"text":"Home","selected_icon":{"value":"","library":""},"_id":"62f6f27","link":{"url":"https:\/\/wpmet.com\/plugin\/shopengine\/","is_external":"","nofollow":"","custom_attributes":""}},{"_id":"db998f8","text":"Shopping","selected_icon":{"value":"fas fa-circle","library":"fa-solid"},"link":{"url":"#","is_external":"","nofollow":"","custom_attributes":""}},{"text":"Checkout","selected_icon":{"value":"fas fa-circle","library":"fa-solid"},"_id":"73eacaa"}],"space_between":{"unit":"px","size":10,"sizes":[]},"icon_align":"left","icon_color":"#FFFFFF","icon_size":{"unit":"px","size":4,"sizes":[]},"icon_self_align":"center","text_color":"#FFFFFF","text_indent":{"unit":"px","size":10,"sizes":[]},"icon_typography_typography":"custom","icon_typography_font_family":"Inter","icon_typography_font_size":{"unit":"px","size":14,"sizes":[]},"icon_typography_font_weight":"500","icon_typography_line_height":{"unit":"px","size":17,"sizes":[]},"_margin":{"unit":"px","top":"2","right":"0","bottom":"0","left":"0","isLinked":false},"ekit_all_conditions_list":[{"_id":"0ad817e"}],"ekit_adv_tooltip_content":"Tooltip Content."},"elements":[],"isInner":false,"widgetType":"icon-list","elType":"widget"}],"isInner":true,"elType":"column"}],"isInner":true,"elType":"section"}],"isInner":false,"elType":"column"}],"isInner":false,"elType":"section"},{"id":"212964f3","settings":{"shopengine_multistep_next_button_text":"Next","shopengine_multistep_previous_button_text":"Previous","ekit_all_conditions_list":[{"_id":"7961c26"}],"ekit_section_parallax_multi_items":[],"content_width":{"unit":"px","size":1230,"sizes":[]}},"elements":[{"id":"7f609518","settings":{"_column_size":100,"_inline_size":null,"ekit_all_conditions_list":[{"_id":"4129aad"}],"space_between_widgets":0,"padding":{"unit":"px","top":"0","right":"15","bottom":"0","left":"15","isLinked":false}},"elements":[{"id":"22e9f8da","settings":{"ekit_all_conditions_list":[{"_id":"25206a1"}],"ekit_adv_tooltip_content":"Tooltip Content.","_margin":{"unit":"px","top":"0","right":"0","bottom":"-32","left":"0","isLinked":false}},"elements":[],"isInner":false,"widgetType":"shopengine-notice","elType":"widget"}],"isInner":false,"elType":"column"}],"isInner":false,"elType":"section"},{"id":"1772a5a8","settings":{"shopengine_multistep_checkout_enable":"enabled","shopengine_multistep_next_button_text":"Next","shopengine_multistep_previous_button_text":"Previous","background_background":"classic","__globals__":{"background_color":""},"shopengine_multistep_nav_padding":{"unit":"px","top":"","right":"","bottom":"","left":"","isLinked":true},"shopengine_multistep_nav_hover_bg_color":"#DA1A1A","shopengine_multistep_nav_active_bg_color":"#101010","shopengine_multistep_nav_before_color":"#6EC1E4","padding":{"unit":"px","top":"119","right":"0","bottom":"120","left":"0","isLinked":false},"ekit_all_conditions_list":[{"_id":"aac00cd"}],"ekit_section_parallax_multi_items":[],"shopengine_multistep_nav_direction_tablet":"column","shopengine_multistep_next_previous_button_alignment":"space-between"},"elements":[{"id":"2748ca16","settings":{"_column_size":100,"_inline_size":null,"background_background":"classic","__globals__":{"background_color":""},"ekit_all_conditions_list":[{"_id":"4e87329"}]},"elements":[{"id":"768a9136","settings":{"shopengine_multistep_next_button_text":"Next","shopengine_multistep_previous_button_text":"Previous","shopengine_multistep_checkout_tab_title":"Login","shopengine__multistep_checkout_tab_icon":{"value":"fas fa-sign-in-alt","library":"fa-solid"},"ekit_all_conditions_list":[{"_id":"f3d4888"}],"ekit_section_parallax_multi_items":[]},"elements":[{"id":"4dcb1c4","settings":{"_column_size":100,"_inline_size":null,"ekit_all_conditions_list":[{"_id":"c43392f"}]},"elements":[{"id":"9e6bd0c","settings":{"ekit_all_conditions_list":[{"_id":"73d2cbe"}],"ekit_adv_tooltip_content":"Tooltip Content."},"elements":[],"isInner":false,"widgetType":"shopengine-checkout-form-login","elType":"widget"}],"isInner":true,"elType":"column"}],"isInner":true,"elType":"section"},{"id":"4c4d7693","settings":{"shopengine_multistep_next_button_text":"Next","shopengine_multistep_previous_button_text":"Previous","shopengine_multistep_checkout_tab_title":"Billing","shopengine__multistep_checkout_tab_icon":{"value":"far fa-address-card","library":"fa-regular"},"ekit_all_conditions_list":[{"_id":"3600a32"}],"ekit_section_parallax_multi_items":[]},"elements":[{"id":"4dc4d780","settings":{"_column_size":100,"_inline_size":null,"ekit_all_conditions_list":[{"_id":"57b14cc"}]},"elements":[{"id":"4497714d","settings":{"shopengine_checkout_coupon_form_info_link_color":"#3A3A3A","shopengine_checkout_coupon_form_info_link_hover_color":"#645F5F","shopengine_checkout_coupon_form_info_bg_color":"#FFFFFF","shopengine_checkout_coupon_form_info_typography_font_size":{"unit":"px","size":14,"sizes":[]},"shopengine_checkout_coupon_form_info_typography_font_weight":"600","shopengine_checkout_coupon_form_info_padding":{"unit":"px","top":"15","right":"20","bottom":"15","left":"0","isLinked":false},"shopengine_checkout_coupon_form_description_typography_font_size":{"unit":"px","size":14,"sizes":[]},"shopengine_checkout_coupon_form_description_typography_line_height":{"unit":"px","size":"","sizes":[]},"shopengine_checkout_coupon_form_label_color":"#7E8084","shopengine_checkout_coupon_form_label_border_color":"#F2F3F6","shopengine_checkout_coupon_form_label_radius":{"unit":"px","top":"6","right":"6","bottom":"6","left":"6","isLinked":true},"shopengine_checkout_coupon_form_label_padding":{"unit":"px","top":"05","right":"15","bottom":"05","left":"20","isLinked":false},"shopengine_coupon_form_button_background_color":"#101010","shopengine_coupon_form_border_width":{"unit":"px","top":"0","right":"0","bottom":"0","left":"0","isLinked":true},"shopengine_coupon_form_border_radius":{"unit":"px","top":"6","right":"6","bottom":"6","left":"6","isLinked":true},"shopengine_coupon_form_button_padding":{"unit":"px","top":"05","right":"055","bottom":"07","left":"055","isLinked":false},"shopengine_coupon_form_font_family":"Inter","ekit_all_conditions_list":[{"_id":"6b86118"}],"ekit_adv_tooltip_content":"Tooltip Content."},"elements":[],"isInner":false,"widgetType":"shopengine-checkout-coupon-form","elType":"widget"},{"id":"2fb57502","settings":{"shopengine_title_font_size":{"unit":"px","size":26,"sizes":[]},"shopengine_title_margin":{"unit":"px","top":"0","right":"0","bottom":"033","left":"0","isLinked":false},"shopengine_form_container_background":"#FFFFFF","shopengine_input_padding":{"unit":"px","top":"15","right":"14","bottom":"15","left":"14","isLinked":false},"shopengine_typography_primary_font_family":"Inter","shopengine_typography_primary_font_weight":"600","shopengine_typography_seconday_font_family":"Inter","ekit_all_conditions_list":[{"_id":"5479f3b"}],"ekit_adv_tooltip_content":"Tooltip Content.","shopengine_form_container_padding":{"unit":"px","top":"0","right":"0","bottom":"0","left":"0","isLinked":false},"shopengine_input_required_indicator_color":"#FA6566","shopengine_input_background":"#F2F3F6","shopengine_input_border_width":{"unit":"px","top":"0","right":"0","bottom":"0","left":"0","isLinked":true},"shopengine_input_border_focus_border":"solid","shopengine_input_border_focus_width":{"unit":"px","top":"2","right":"2","bottom":"2","left":"2","isLinked":true},"shopengine_input_border_focus_color":"#E9EBF1","_margin":{"unit":"px","top":"015","right":"0","bottom":"0","left":"0","isLinked":false},"shopengine_label_font_size":{"unit":"px","size":14,"sizes":[]},"shopengine_input_font_size":{"unit":"px","size":14,"sizes":[]},"shopengine_input_border_color":"#7E8084"},"elements":[],"isInner":false,"widgetType":"shopengine-checkout-form-billing","elType":"widget"},{"id":"518a85ca","settings":{"shopengine_checkout_form_additional_heading":"","shopengine_checkout_form_additional_label_color":"#161C2D","shopengine_orders_body_text_typography_font_size":{"unit":"px","size":14,"sizes":[]},"shopengine_orders_body_text_typography_font_weight":"600","shopengine_checkout_form_additional_textarea_placeholder_color":"#7E8084","shopengine_checkout_form_additional_textarea_height":{"unit":"px","size":200,"sizes":[]},"shopengine_checkout_form_additional_border_radius":{"unit":"px","top":"6","right":"6","bottom":"6","left":"6","isLinked":true},"shopengine_checkout_form_additional_font_family":"Inter","ekit_all_conditions_list":[{"_id":"6571bb2"}],"ekit_adv_tooltip_content":"Tooltip Content.","shopengine_checkout_form_additional_textarea_color":"#7E8084"},"elements":[],"isInner":false,"widgetType":"shopengine-checkout-form-additional","elType":"widget"}],"isInner":true,"elType":"column"}],"isInner":true,"elType":"section"},{"id":"9d72738","settings":{"shopengine_multistep_next_button_text":"Next","shopengine_multistep_previous_button_text":"Previous","shopengine_multistep_checkout_tab_title":"Order Review","shopengine__multistep_checkout_tab_icon":{"value":"fas fa-check-circle","library":"fa-solid"},"ekit_all_conditions_list":[{"_id":"dcc57a3"}],"ekit_section_parallax_multi_items":[]},"elements":[{"id":"51b48035","settings":{"_column_size":100,"_inline_size":null,"ekit_all_conditions_list":[{"_id":"f709ff2"}]},"elements":[{"id":"1e2bb34d","settings":{"shopengine_orders_header_color":"#161C2D","shopengine_orders_header_border_color":"#E9EBF1","shopengine_table_header_padding":{"unit":"px","top":"0","right":"15","bottom":"17","left":"0","isLinked":false},"shopengine_table_body_text_color":"#575C65","shopengine_table_body_price_color":"#161C2D","shopengine_orders_body_price_typography_font_weight":"400","shopengine_orders_body_text_typography_font_size":{"unit":"px","size":14,"sizes":[]},"shopengine_table_body_spacing":{"unit":"px","size":-6,"sizes":[]},"shopengine_footer_text_color":"#161C2D","shopengine_footer_price_color":"#FA6566","shopengine_orders_footer_border_color":"#E9EBF1","shopengine_footer_color_typography_font_size":{"unit":"px","size":15,"sizes":[]},"shopengine_footer_color_typography_font_weight":"600","shopengine_table_footer_data_padding":{"unit":"px","top":"15","right":"15","bottom":"15","left":"0","isLinked":false},"shopengine_checkout_review_order_font_family":"Inter","ekit_all_conditions_list":[{"_id":"2175d49"}],"ekit_adv_tooltip_content":"Tooltip Content.","shopengine_table_body_data_padding":{"unit":"px","top":"10","right":"20","bottom":"10","left":"0","isLinked":false}},"elements":[],"isInner":false,"widgetType":"shopengine-checkout-review-order","elType":"widget"}],"isInner":true,"elType":"column"}],"isInner":true,"elType":"section"},{"id":"3cb7705c","settings":{"shopengine_multistep_next_button_text":"Next","shopengine_multistep_previous_button_text":"Previous","shopengine_multistep_checkout_tab_title":"Shipping Methods","shopengine__multistep_checkout_tab_icon":{"value":"fas fa-shipping-fast","library":"fa-solid"},"ekit_all_conditions_list":[{"_id":"4027019"}],"ekit_section_parallax_multi_items":[]},"elements":[{"id":"1100eab9","settings":{"_column_size":100,"_inline_size":null,"ekit_all_conditions_list":[{"_id":"520028f"}]},"elements":[{"id":"691260c6","settings":{"ekit_all_conditions_list":[{"_id":"31f64f0"}],"ekit_adv_tooltip_content":"Tooltip Content.","shopengine_title_typography_font_weight":"600","shopengine_payment_label_typography_font_weight":"400","shopengine_checkout_shipping_methods_font_family":"Inter"},"elements":[],"isInner":false,"widgetType":"shopengine-checkout-shipping-methods","elType":"widget"}],"isInner":true,"elType":"column"}],"isInner":true,"elType":"section"},{"id":"f8b7923","settings":{"shopengine_multistep_next_button_text":"Next","shopengine_multistep_previous_button_text":"Previous","shopengine_multistep_checkout_tab_title":"Payment Method","shopengine__multistep_checkout_tab_icon":{"value":"fas fa-money-check","library":"fa-solid"},"ekit_all_conditions_list":[{"_id":"8b1c5c8"}],"ekit_section_parallax_multi_items":[]},"elements":[{"id":"2386dcc6","settings":{"_column_size":100,"_inline_size":null,"ekit_all_conditions_list":[{"_id":"8e6f373"}]},"elements":[{"id":"2ee41dfb","settings":{"shopengine_payment_url_clr":"#F4505C","shopengine_payment_methods_list_padding":{"unit":"px","top":"7","right":"0","bottom":"7","left":"0","isLinked":false},"shopengine_payment_methods_description_padding":{"unit":"px","top":"8","right":"0","bottom":"0","left":"0","isLinked":false},"shopengine_payment_order_button_space_between":{"unit":"px","size":10,"sizes":[]},"shopengine_payment_order_button_tabs_normal_bg":"#101010","shopengine_payment_order_button_tabs_hover_clr":"#FFFFFF","shopengine_payment_order_button_tabs_hover_bg":"#645F5F","shopengine_archive_products_font_family":"Inter","_margin":{"unit":"px","top":"0","right":"0","bottom":"0","left":"0","isLinked":false},"ekit_all_conditions_list":[{"_id":"9dc504d"}],"ekit_adv_tooltip_content":"Tooltip Content.","shopengine_payment_label_text_color":"#161C2D","shopengine_payment_description_text_color":"#575C65","shopengine_payment_label_typography_line_height":{"unit":"px","size":17,"sizes":[]},"shopengine_payment_content_typography_font_size":{"unit":"px","size":14,"sizes":[]},"shopengine_payment_content_typography_line_height":{"unit":"px","size":20,"sizes":[]},"shopengine_payment_order_button_typography_font_size":{"unit":"px","size":16,"sizes":[]},"shopengine_payment_order_button_typography_font_weight":"600","shopengine_payment_order_button_typography_text_transform":"capitalize"},"elements":[],"isInner":false,"widgetType":"shopengine-checkout-payment","elType":"widget"}],"isInner":true,"elType":"column"}],"isInner":true,"elType":"section"}],"isInner":false,"elType":"column"}],"isInner":false,"elType":"section"}],"page_settings":[],"version":"0.4","title":"Checkout design 14","type":"page"}