{"content":[{"id":"74a9d01b","settings":{"ekit_all_conditions_list":[{"_id":"ca87791"}],"ekit_section_parallax_multi_items":[],"margin":{"unit":"px","top":"0","right":0,"bottom":"0","left":0,"isLinked":false},"margin_tablet":{"unit":"px","top":"","right":0,"bottom":"","left":0,"isLinked":true},"padding":{"unit":"px","top":"75","right":"0","bottom":"83","left":"0","isLinked":false},"background_background":"classic","shopengine_multistep_next_button_text":"Next","shopengine_multistep_previous_button_text":"Previous","content_width":{"unit":"px","size":1230,"sizes":[]},"background_image":{"url":"https:\/\/wpmet.com\/plugin\/shopengine\/demos\/wp-content\/uploads\/sites\/2\/2021\/10\/checkout_bg_04.jpg","id":5613,"alt":"","source":"library"},"background_position":"initial","background_ypos":{"unit":"px","size":-75,"sizes":[]},"background_repeat":"no-repeat","background_size":"cover","background_overlay_background":"classic","background_overlay_color":"#161C2D","background_overlay_opacity":{"unit":"px","size":0.59999999999999997779553950749686919152736663818359375,"sizes":[]}},"elements":[{"id":"7f848027","settings":{"_column_size":100,"_inline_size":null,"ekit_all_conditions_list":[{"_id":"b3af7a1"}],"space_between_widgets":0,"padding":{"unit":"px","top":"0","right":"15","bottom":"0","left":"15","isLinked":false}},"elements":[{"id":"2c0b2469","settings":{"title":"Checkout","align":"center","title_color":"#FFFFFF","typography_typography":"custom","typography_font_family":"Inter","typography_font_size":{"unit":"px","size":60,"sizes":[]},"typography_font_weight":"700","typography_line_height":{"unit":"px","size":73,"sizes":[]},"ekit_all_conditions_list":[{"_id":"f7b94a0"}],"ekit_adv_tooltip_content":"Tooltip Content.","typography_font_size_mobile":{"unit":"px","size":45,"sizes":[]}},"elements":[],"isInner":false,"widgetType":"heading","elType":"widget"},{"id":"390741c5","settings":{"view":"inline","icon_list":[{"text":"Home","selected_icon":{"value":"","library":""},"_id":"62f6f27","link":{"url":"https:\/\/wpmet.com\/plugin\/shopengine\/","is_external":"","nofollow":"","custom_attributes":""}},{"_id":"db998f8","text":"Shopping","selected_icon":{"value":"fas fa-circle","library":"fa-solid"},"link":{"url":"#","is_external":"","nofollow":"","custom_attributes":""}},{"text":"Checkout","selected_icon":{"value":"fas fa-circle","library":"fa-solid"},"_id":"73eacaa"}],"space_between":{"unit":"px","size":10,"sizes":[]},"icon_align":"center","icon_color":"#FFFFFF","icon_size":{"unit":"px","size":4,"sizes":[]},"icon_self_align":"center","text_color":"#FFFFFF","text_indent":{"unit":"px","size":10,"sizes":[]},"icon_typography_typography":"custom","icon_typography_font_family":"Inter","icon_typography_font_size":{"unit":"px","size":14,"sizes":[]},"icon_typography_font_weight":"500","icon_typography_line_height":{"unit":"px","size":17,"sizes":[]},"_margin":{"unit":"px","top":"2","right":"0","bottom":"0","left":"0","isLinked":false},"ekit_all_conditions_list":[{"_id":"0ad817e"}],"ekit_adv_tooltip_content":"Tooltip Content."},"elements":[],"isInner":false,"widgetType":"icon-list","elType":"widget"}],"isInner":false,"elType":"column"}],"isInner":false,"elType":"section"},{"id":"357e410a","settings":{"shopengine_multistep_next_button_text":"Next","shopengine_multistep_previous_button_text":"Previous","ekit_all_conditions_list":[{"_id":"7961c26"}],"ekit_section_parallax_multi_items":[],"content_width":{"unit":"px","size":1230,"sizes":[]}},"elements":[{"id":"6ad8508f","settings":{"_column_size":100,"_inline_size":null,"ekit_all_conditions_list":[{"_id":"4129aad"}],"space_between_widgets":0,"padding":{"unit":"px","top":"0","right":"15","bottom":"0","left":"15","isLinked":false}},"elements":[{"id":"57255e7d","settings":{"ekit_all_conditions_list":[{"_id":"25206a1"}],"ekit_adv_tooltip_content":"Tooltip Content.","_margin":{"unit":"px","top":"0","right":"0","bottom":"-31","left":"0","isLinked":false}},"elements":[],"isInner":false,"widgetType":"shopengine-notice","elType":"widget"}],"isInner":false,"elType":"column"}],"isInner":false,"elType":"section"},{"id":"30a8243a","settings":{"gap":"wide","structure":"20","margin":{"unit":"px","top":"93","right":0,"bottom":"120","left":0,"isLinked":false},"ekit_all_conditions_list":[{"_id":"3ed81ea"}],"ekit_section_parallax_multi_items":[],"shopengine_multistep_next_button_text":"Next","shopengine_multistep_previous_button_text":"Previous"},"elements":[{"id":"3ed4f031","settings":{"_column_size":50,"_inline_size":59.8370000000000032969182939268648624420166015625,"ekit_all_conditions_list":[{"_id":"39c9b6e"}]},"elements":[{"id":"5fc3f82c","settings":{"shopengine_checkout_coupon_form_info_link_color":"#FA6566","shopengine_checkout_coupon_form_info_link_hover_color":"#FA6566","shopengine_checkout_coupon_form_info_bg_color":"#FFFFFF","shopengine_checkout_coupon_form_info_typography_font_size":{"unit":"px","size":14,"sizes":[]},"shopengine_checkout_coupon_form_info_typography_font_weight":"600","shopengine_checkout_coupon_form_info_padding":{"unit":"px","top":"15","right":"20","bottom":"15","left":"0","isLinked":false},"shopengine_checkout_coupon_form_description_typography_font_size":{"unit":"px","size":14,"sizes":[]},"shopengine_checkout_coupon_form_description_typography_line_height":{"unit":"px","size":"","sizes":[]},"shopengine_checkout_coupon_form_label_color":"#7E8084","shopengine_checkout_coupon_form_label_border_color":"#F2F3F6","shopengine_checkout_coupon_form_label_radius":{"unit":"px","top":"6","right":"6","bottom":"6","left":"6","isLinked":true},"shopengine_checkout_coupon_form_label_padding":{"unit":"px","top":"05","right":"15","bottom":"05","left":"20","isLinked":false},"shopengine_coupon_form_button_background_color":"#FA6566","shopengine_coupon_form_border_width":{"unit":"px","top":"0","right":"0","bottom":"0","left":"0","isLinked":true},"shopengine_coupon_form_border_radius":{"unit":"px","top":"6","right":"6","bottom":"6","left":"6","isLinked":true},"shopengine_coupon_form_button_padding":{"unit":"px","top":"05","right":"055","bottom":"07","left":"055","isLinked":false},"shopengine_coupon_form_font_family":"Inter","_margin":{"unit":"px","top":"-15","right":"0","bottom":"0","left":"0","isLinked":false},"ekit_all_conditions_list":[{"_id":"6b86118"}],"ekit_adv_tooltip_content":"Tooltip Content."},"elements":[],"isInner":false,"widgetType":"shopengine-checkout-coupon-form","elType":"widget"},{"id":"5e14317c","settings":{"shopengine_title_font_size":{"unit":"px","size":26,"sizes":[]},"shopengine_title_margin":{"unit":"px","top":"0","right":"0","bottom":"033","left":"0","isLinked":false},"shopengine_form_container_background":"#FFFFFF","shopengine_input_padding":{"unit":"px","top":"14","right":"14","bottom":"13","left":"14","isLinked":false},"shopengine_typography_primary_font_family":"Inter","shopengine_typography_primary_font_weight":"600","shopengine_typography_seconday_font_family":"Inter","ekit_all_conditions_list":[{"_id":"5479f3b"}],"ekit_adv_tooltip_content":"Tooltip Content.","shopengine_form_container_padding":{"unit":"px","top":"0","right":"0","bottom":"0","left":"0","isLinked":false},"shopengine_input_required_indicator_color":"#FA6566","shopengine_input_background":"#F2F3F6","shopengine_input_border_width":{"unit":"px","top":"2","right":"2","bottom":"2","left":"2","isLinked":true},"shopengine_input_border_focus_border":"solid","shopengine_input_border_focus_width":{"unit":"px","top":"2","right":"2","bottom":"2","left":"2","isLinked":true},"shopengine_input_border_focus_color":"#E9EBF1","_margin":{"unit":"px","top":"015","right":"0","bottom":"0","left":"0","isLinked":false},"shopengine_label_font_size":{"unit":"px","size":14,"sizes":[]},"shopengine_input_font_size":{"unit":"px","size":14,"sizes":[]},"shopengine_input_border_color":"#00000000","shopengine_checkout_form_billing_input_border_radius":{"unit":"px","top":"6","right":"6","bottom":"6","left":"6","isLinked":true}},"elements":[],"isInner":false,"widgetType":"shopengine-checkout-form-billing","elType":"widget"},{"id":"23f6cd0d","settings":{"shopengine_checkout_form_additional_heading":"","shopengine_checkout_form_additional_label_color":"#161C2D","shopengine_orders_body_text_typography_font_size":{"unit":"px","size":14,"sizes":[]},"shopengine_orders_body_text_typography_font_weight":"600","shopengine_checkout_form_additional_textarea_placeholder_color":"#7E8084","shopengine_checkout_form_additional_textarea_height":{"unit":"px","size":200,"sizes":[]},"shopengine_checkout_form_additional_border_radius":{"unit":"px","top":"6","right":"6","bottom":"6","left":"6","isLinked":true},"shopengine_checkout_form_additional_font_family":"Inter","ekit_all_conditions_list":[{"_id":"6571bb2"}],"ekit_adv_tooltip_content":"Tooltip Content.","shopengine_checkout_form_additional_textarea_color":"#7E8084","shopengine_checkout_form_additional_border_width":{"unit":"px","top":"2","right":"2","bottom":"2","left":"2","isLinked":true},"shopengine_checkout_form_additional_border_color":"#F2F3F6","shopengine_checkout_form_additional_textarea_focus_color":"#E9EBF1"},"elements":[],"isInner":false,"widgetType":"shopengine-checkout-form-additional","elType":"widget"}],"isInner":false,"elType":"column"},{"id":"24c3385e","settings":{"_column_size":50,"_inline_size":40.04099999999999681676854379475116729736328125,"ekit_all_conditions_list":[{"_id":"0547a98"}],"padding":{"unit":"px","top":"132","right":"20","bottom":"20","left":"20","isLinked":false},"padding_mobile":{"unit":"px","top":"50","right":"20","bottom":"20","left":"20","isLinked":false}},"elements":[{"id":"34ddb5f0","settings":{"title":"Your Order","title_color":"#161C2D","typography_typography":"custom","typography_font_family":"Inter","typography_font_size":{"unit":"px","size":26,"sizes":[]},"typography_font_weight":"600","ekit_all_conditions_list":[{"_id":"c96ae69"}],"ekit_adv_tooltip_content":"Tooltip Content.","_margin":{"unit":"px","top":"0","right":"0","bottom":"017","left":"0","isLinked":false}},"elements":[],"isInner":false,"widgetType":"heading","elType":"widget"},{"id":"377ea002","settings":{"shopengine_orders_header_color":"#161C2D","shopengine_orders_header_border_color":"#E9EBF1","shopengine_table_header_padding":{"unit":"px","top":"0","right":"15","bottom":"17","left":"0","isLinked":false},"shopengine_table_body_text_color":"#575C65","shopengine_table_body_price_color":"#161C2D","shopengine_orders_body_price_typography_font_weight":"400","shopengine_orders_body_text_typography_font_size":{"unit":"px","size":14,"sizes":[]},"shopengine_table_body_spacing":{"unit":"px","size":-6,"sizes":[]},"shopengine_footer_text_color":"#161C2D","shopengine_footer_price_color":"#FA6566","shopengine_orders_footer_border_color":"#E9EBF1","shopengine_footer_color_typography_font_size":{"unit":"px","size":15,"sizes":[]},"shopengine_footer_color_typography_font_weight":"600","shopengine_table_footer_data_padding":{"unit":"px","top":"15","right":"15","bottom":"15","left":"0","isLinked":false},"shopengine_checkout_review_order_font_family":"Inter","ekit_all_conditions_list":[{"_id":"2175d49"}],"ekit_adv_tooltip_content":"Tooltip Content."},"elements":[],"isInner":false,"widgetType":"shopengine-checkout-review-order","elType":"widget"},{"id":"50112b3b","settings":{"ekit_all_conditions_list":[{"_id":"31f64f0"}],"ekit_adv_tooltip_content":"Tooltip Content.","shopengine_title_typography_font_weight":"600","shopengine_payment_label_typography_font_weight":"400","shopengine_checkout_shipping_methods_font_family":"Inter","shopengine_payment_label_gap":{"unit":"px","size":8,"sizes":[],"size_units":"px"},"shopengine_payment_input_color":"#F95E61","_padding":{"unit":"px","top":"25","right":"0","bottom":"23","left":"0","isLinked":false},"_border_border":"solid","_border_width":{"unit":"px","top":"1","right":"0","bottom":"1","left":"0","isLinked":false},"_border_color":"#E9EBF1"},"elements":[],"isInner":false,"widgetType":"shopengine-checkout-shipping-methods","elType":"widget"},{"id":"436e9ce3","settings":{"shopengine_payment_url_clr":"#F4505C","shopengine_payment_methods_list_padding":{"unit":"px","top":"7","right":"0","bottom":"7","left":"0","isLinked":false},"shopengine_payment_methods_description_padding":{"unit":"px","top":"8","right":"0","bottom":"0","left":"0","isLinked":false},"shopengine_payment_order_button_space_between":{"unit":"px","size":10,"sizes":[]},"shopengine_payment_order_button_tabs_normal_bg":"#FA6566","shopengine_payment_order_button_tabs_hover_clr":"#FFFFFF","shopengine_payment_order_button_tabs_hover_bg":"#F4505C","shopengine_archive_products_font_family":"Inter","_margin":{"unit":"px","top":"0","right":"0","bottom":"0","left":"0","isLinked":false},"ekit_all_conditions_list":[{"_id":"9dc504d"}],"ekit_adv_tooltip_content":"Tooltip Content.","shopengine_payment_label_text_color":"#161C2D","shopengine_payment_description_text_color":"#575C65","shopengine_payment_label_typography_line_height":{"unit":"px","size":17,"sizes":[]},"shopengine_payment_content_typography_font_size":{"unit":"px","size":14,"sizes":[]},"shopengine_payment_content_typography_line_height":{"unit":"px","size":20,"sizes":[]},"shopengine_payment_order_button_typography_font_size":{"unit":"px","size":16,"sizes":[]},"shopengine_payment_order_button_typography_font_weight":"600","shopengine_payment_order_button_typography_text_transform":"capitalize","shopengine_payment_method_radio_input_color":"#F95E61"},"elements":[],"isInner":false,"widgetType":"shopengine-checkout-payment","elType":"widget"}],"isInner":false,"elType":"column"}],"isInner":false,"elType":"section"},{"id":"7d26eda6","settings":{"margin":{"unit":"px","top":"0","right":0,"bottom":"120","left":0,"isLinked":false},"ekit_all_conditions_list":[{"_id":"dcb8515"}],"ekit_section_parallax_multi_items":[],"shopengine_multistep_next_button_text":"Next","shopengine_multistep_previous_button_text":"Previous"},"elements":[{"id":"629481dc","settings":{"_column_size":100,"_inline_size":null,"background_background":"gradient","background_color":"#47BDFF","background_color_b":"#2851F3","border_radius":{"unit":"px","top":"16","right":"16","bottom":"16","left":"16","isLinked":true},"box_shadow_box_shadow_type":"yes","box_shadow_box_shadow":{"horizontal":0,"vertical":30,"blur":50,"spread":0,"color":"rgba(0, 18.00000000000014, 91, 0.2)"},"ekit_all_conditions_list":[{"_id":"df592a2"}],"margin":{"unit":"px","top":"0","right":"0","bottom":"0","left":"0","isLinked":false}},"elements":[{"id":"47f705b6","settings":{"image":{"url":"https:\/\/wpmet.com\/plugin\/shopengine\/demos\/wp-content\/uploads\/sites\/2\/2021\/10\/money-back-guarantee.png","id":2653,"alt":"","source":"library"},"title_text":"Money Back Guarantee","description_text":"We are here to provide you the whole package, that will make your site<br>lighter, faster, better.","position":"left","image_size":{"unit":"%","size":20,"sizes":[]},"image_size_tablet":{"unit":"%","size":30,"sizes":[]},"image_size_mobile":{"unit":"%","size":50,"sizes":[]},"text_align_mobile":"center","content_vertical_alignment":"middle","title_bottom_space":{"unit":"px","size":10,"sizes":[]},"title_color":"#FFFFFF","title_typography_typography":"custom","title_typography_font_family":"Inter","title_typography_font_size":{"unit":"px","size":40,"sizes":[]},"title_typography_font_weight":"700","description_color":"#FFFFFF","description_typography_typography":"custom","description_typography_font_family":"Inter","description_typography_font_size":{"unit":"px","size":18,"sizes":[]},"description_typography_font_weight":"400","description_typography_line_height":{"unit":"px","size":26,"sizes":[]},"_padding":{"unit":"px","top":"40","right":"100","bottom":"40","left":"100","isLinked":false},"_padding_tablet":{"unit":"px","top":"40","right":"40","bottom":"40","left":"40","isLinked":true},"_padding_mobile":{"unit":"px","top":"20","right":"10","bottom":"20","left":"10","isLinked":false},"ekit_all_conditions_list":[{"_id":"89cceee"}],"ekit_adv_tooltip_content":"Tooltip Content."},"elements":[],"isInner":false,"widgetType":"image-box","elType":"widget"}],"isInner":false,"elType":"column"}],"isInner":false,"elType":"section"}],"page_settings":[],"version":"0.4","title":"Checkout design 12","type":"page"}