{"content":[{"id":"57128eb9","settings":{"structure":"20","padding":{"unit":"px","top":"100","right":"0","bottom":"100","left":"0","isLinked":false},"ekit_all_conditions_list":[{"_id":"3f7fec6"}],"ekit_section_parallax_multi_items":[],"margin_tablet":{"unit":"%","top":"0","right":0,"bottom":"0","left":0,"isLinked":false},"padding_tablet":{"unit":"px","top":"70","right":"0","bottom":"70","left":"0","isLinked":false},"padding_mobile":{"unit":"px","top":"50","right":"0","bottom":"50","left":"0","isLinked":false}},"elements":[{"id":"117f8058","settings":{"_column_size":50,"_inline_size":25,"ekit_all_conditions_list":[{"_id":"0be1e6e"}],"_inline_size_tablet":100,"margin":{"unit":"px","top":"0","right":"0","bottom":"0","left":"0","isLinked":false},"margin_tablet":{"unit":"px","top":"0","right":"0","bottom":"0","left":"0","isLinked":false},"margin_mobile":{"unit":"px","top":"0","right":"0","bottom":"30","left":"0","isLinked":false},"padding":{"unit":"px","top":"0","right":"15","bottom":"0","left":"0","isLinked":false},"padding_tablet":{"unit":"px","top":"0","right":"15","bottom":"0","left":"15","isLinked":false},"padding_mobile":{"unit":"px","top":"0","right":"15","bottom":"0","left":"15","isLinked":false}},"elements":[{"id":"4715e0e7","settings":{"ekit_all_conditions_list":[{"_id":"f6feb63"}],"ekit_adv_tooltip_content":"Tooltip Content."},"elements":[],"isInner":false,"widgetType":"shopengine-account-navigation","elType":"widget"}],"isInner":false,"elType":"column"},{"id":"2a983d8b","settings":{"_column_size":50,"_inline_size":75,"ekit_all_conditions_list":[{"_id":"23499c2"}],"margin":{"unit":"px","top":"0","right":"0","bottom":"0","left":"0","isLinked":false},"padding":{"unit":"px","top":"0","right":"0","bottom":"0","left":"15","isLinked":false},"_inline_size_tablet":100,"margin_tablet":{"unit":"px","top":"30","right":"0","bottom":"0","left":"0","isLinked":false},"padding_tablet":{"unit":"px","top":"0","right":"15","bottom":"0","left":"15","isLinked":false}},"elements":[{"id":"6159832c","settings":{"ekit_all_conditions_list":[{"_id":"645d550"}],"ekit_adv_tooltip_content":"Tooltip Content.","shopengine_account_order_address_content_padding":{"unit":"px","top":"0","right":"0","bottom":"0","left":"1","isLinked":false},"shopengine_orders_header_text_typography_line_height":{"unit":"px","size":19,"sizes":[]},"shopengine_orders_body_text_typography_line_height":{"unit":"px","size":19,"sizes":[]},"shopengine_orders_body_cell_padding":{"unit":"px","top":"18","right":"40","bottom":"18","left":"40","isLinked":false},"custom_css":"selector .woocommerce-orders-table__cell {n  border-width: 0;n}nselector .woocommerce-orders-table__header {n    border-width: 0;n}","shopengine_orders_body_cell_padding_tablet":{"unit":"px","top":"10","right":"20","bottom":"10","left":"20","isLinked":false},"shopengine_orders_button_view_typography_text_transform":"capitalize","shopengine_orders_header_text_typography_font_family":"Barlow","shopengine_orders_header_text_typography_font_size":{"unit":"px","size":16,"sizes":[]},"shopengine_orders_header_text_typography_text_transform":"capitalize","shopengine_orders_body_text_typography_font_family":"Barlow","_margin":{"unit":"px","top":"0","right":"30","bottom":"0","left":"0","isLinked":false}},"elements":[],"isInner":false,"widgetType":"shopengine-account-orders","elType":"widget"}],"isInner":false,"elType":"column"}],"isInner":false,"elType":"section"}],"page_settings":[],"version":"0.4","title":"content.json","type":"page"}