{"content":[{"id":"3a86318c","settings":{"content_position":"middle","structure":"30","padding":{"unit":"px","top":"125","right":"0","bottom":"100","left":"0","isLinked":false},"ekit_all_conditions_list":[{"_id":"340c22c"}],"ekit_section_parallax_multi_items":[],"border_border":"solid","border_width":{"unit":"px","top":"1","right":"0","bottom":"0","left":"0","isLinked":false},"border_color":"#F2F2F2","padding_mobile":{"unit":"px","top":"90","right":"0","bottom":"80","left":"0","isLinked":false}},"elements":[{"id":"34dc7d23","settings":{"_column_size":33,"_inline_size":20,"ekit_all_conditions_list":[{"_id":"4a5316c"}]},"elements":[],"isInner":false,"elType":"column"},{"id":"2bb21a40","settings":{"_column_size":33,"_inline_size":59.33200000000000073896444519050419330596923828125,"space_between_widgets":0,"padding":{"unit":"px","top":"0","right":"0","bottom":"0","left":"0","isLinked":true},"ekit_all_conditions_list":[{"_id":"4445d35"}]},"elements":[{"id":"450627f9","settings":{"shopengine_sale_flash_status":"","shopengine_lightbox_icon_border_color":"#FFFFFF","shopengine_lightbox_icon_wrapper_size":{"unit":"px","size":60,"sizes":[]},"ekit_all_conditions_list":[{"_id":"b2aac32"}],"ekit_adv_tooltip_content":"Tooltip Content.","shopengine_thumbs_margin_tablet":{"unit":"px","size":5,"sizes":[]},"shopengine_thumbs_margin_mobile":{"unit":"px","size":5,"sizes":[]}},"elements":[],"isInner":false,"widgetType":"shopengine-single-product-images","elType":"widget"}],"isInner":false,"elType":"column"},{"id":"35077a05","settings":{"_column_size":33,"_inline_size":20,"ekit_all_conditions_list":[{"_id":"abdca83"}]},"elements":[],"isInner":false,"elType":"column"}],"isInner":false,"elType":"section"},{"id":"12819fe7","settings":{"content_position":"middle","padding":{"unit":"px","top":"30","right":"0","bottom":"100","left":"0","isLinked":false},"ekit_all_conditions_list":[{"_id":"340c22c"}],"ekit_section_parallax_multi_items":[],"border_border":"solid","border_width":{"unit":"px","top":"1","right":"0","bottom":"0","left":"0","isLinked":false},"border_color":"#F2F2F2"},"elements":[{"id":"2c64fbb2","settings":{"_column_size":100,"_inline_size":null,"space_between_widgets":0,"padding":{"unit":"px","top":"50","right":"100","bottom":"50","left":"50","isLinked":false},"ekit_all_conditions_list":[{"_id":"8f4c0fa"}],"align":"center","padding_mobile":{"unit":"px","top":"50","right":"15","bottom":"50","left":"15","isLinked":false}},"elements":[{"id":"31050626","settings":{"shopengine_product_title_header_size":"h2","shopengine_product_title_typography_font_family":"Barlow","shopengine_product_title_typography_font_size":{"unit":"px","size":28,"sizes":[]},"shopengine_product_title_typography_line_height":{"unit":"px","size":28,"sizes":[]},"shopengine_product_title_typography_letter_spacing":{"unit":"px","size":-0.1000000000000000055511151231257827021181583404541015625,"sizes":[]},"_z_index":1,"ekit_all_conditions_list":[{"_id":"3bcea54"}],"ekit_adv_tooltip_content":"Tooltip Content.","_element_custom_width":{"unit":"px","size":480,"sizes":[]},"_offset_x":{"size":721,"unit":"px"},"_offset_y":{"size":98,"unit":"px"},"shopengine_product_title_align":"center","_padding":{"unit":"px","top":"0","right":"0","bottom":"25","left":"0","isLinked":false}},"elements":[],"isInner":false,"widgetType":"shopengine-product-title","elType":"widget"},{"id":"5e51cc79","settings":{"shopengine_rating_star_size":{"unit":"px","size":11,"sizes":[]},"_margin":{"unit":"px","top":"0","right":"30","bottom":"0","left":"0","isLinked":false},"ekit_all_conditions_list":[{"_id":"e51cc21"}],"ekit_adv_tooltip_content":"Tooltip Content.","_element_width":"auto"},"elements":[],"isInner":false,"widgetType":"shopengine-product-rating","elType":"widget"},{"id":"a0266f2","settings":{"shopengine_pstock_typography_font_family":"Barlow","ekit_all_conditions_list":[{"_id":"b07ed58"}],"ekit_adv_tooltip_content":"Tooltip Content.","_element_width":"auto"},"elements":[],"isInner":false,"widgetType":"shopengine-product-stock","elType":"widget"},{"id":"62d82d95","settings":{"space":{"unit":"px","size":1,"sizes":[]},"ekit_all_conditions_list":[{"_id":"e7c56cd"}],"ekit_adv_tooltip_content":"Tooltip Content."},"elements":[],"isInner":false,"widgetType":"spacer","elType":"widget"},{"id":"1e4433a0","settings":{"shopengine_excerpt_typography_font_family":"Barlow","shopengine_excerpt_typography_font_size":{"unit":"px","size":15,"sizes":[]},"shopengine_excerpt_typography_line_height":{"unit":"px","size":20,"sizes":[]},"_margin":{"unit":"px","top":"40","right":"0","bottom":"40","left":"0","isLinked":false},"ekit_all_conditions_list":[{"_id":"417dc9f"}],"ekit_adv_tooltip_content":"Tooltip Content.","shopengine_excerpt_align":"center","_element_width":"initial","_element_custom_width":{"unit":"px","size":600,"sizes":[]}},"elements":[],"isInner":false,"widgetType":"shopengine-product-excerpt","elType":"widget"},{"id":"3268a5b4","settings":{"title":"Total Unit Price:","align":"center","title_color":"#A0A0A0","typography_typography":"custom","typography_font_family":"Barlow","typography_font_size":{"unit":"px","size":14,"sizes":[]},"typography_font_weight":"500","typography_text_transform":"uppercase","typography_line_height":{"unit":"px","size":17,"sizes":[]},"_margin":{"unit":"px","top":"0","right":"0","bottom":"5","left":"0","isLinked":false},"ekit_all_conditions_list":[{"_id":"d2d5144"}],"ekit_adv_tooltip_content":"Tooltip Content."},"elements":[],"isInner":false,"widgetType":"heading","elType":"widget"},{"id":"3e90bb1e","settings":{"shopengine_product_price_typography_font_family":"Barlow","shopengine_product_price_typography_font_size":{"unit":"px","size":36,"sizes":[]},"_margin":{"unit":"px","top":"0","right":"0","bottom":"40","left":"0","isLinked":false},"ekit_all_conditions_list":[{"_id":"e64f150"}],"ekit_adv_tooltip_content":"Tooltip Content.","shopengine_product_price_text_align":"center"},"elements":[],"isInner":false,"widgetType":"shopengine-product-price","elType":"widget"},{"id":"624aab0c","settings":{"shopengine_quantity_btn_position":"both","shopengine_add_to_cart_show_stock":"","shopengine_add_cart_button_typography_font_family":"Barlow","shopengine_add_cart_button_typography_line_height":{"unit":"px","size":17,"sizes":[]},"shopengine_add_cart_button_typography_letter_spacing":{"unit":"px","size":-0.40000000000000002220446049250313080847263336181640625,"sizes":[]},"shopengine_quick_checkout_button_typography_font_family":"Barlow","shopengine_quick_checkout_button_typography_line_height":{"unit":"px","size":17,"sizes":[]},"shopengine_quick_checkout_button_typography_letter_spacing":{"unit":"px","size":-0.40000000000000002220446049250313080847263336181640625,"sizes":[]},"_margin":{"unit":"px","top":"0","right":"0","bottom":"60","left":"0","isLinked":false},"ekit_all_conditions_list":[{"_id":"7a56524"}],"ekit_adv_tooltip_content":"Tooltip Content.","shopengine_add_cart_button_text_color_hover":"#101010","shopengine_add_cart_button_bg_color_hover":"#FFFFFF","shopengine_add_cart_button_border_color_hover":"#101010","shopengine_add_cart_button_border_width":{"unit":"px","top":"2","right":"2","bottom":"2","left":"2","isLinked":true},"shopengine_quick_checkout_button_text_color_hover":"#101010","shopengine_quick_checkout_button_bg_color_hover":"#FFFFFF","shopengine_quick_checkout_button_border_color_hover":"#101010","shopengine_quick_checkout_button_border_width":{"unit":"px","top":"2","right":"2","bottom":"2","left":"2","isLinked":true},"shopengine_quantity_button_padding":{"unit":"px","top":"4","right":"12","bottom":"4","left":"12","isLinked":false},"_element_width":"auto","shopengine_add_to_cart_data_ordering_list":[{"list_title":"Quantitly","list_key":"quantity","_id":"aba42fa"},{"list_title":"Add to Cart","list_key":"add_to_cart","_id":"95eba24"},{"list_title":"Buy Now\/Quick Checkout","list_key":"quick_checkout","_id":"6e51b2a"},{"list_title":"Wishlist","list_key":"wishlist","_id":"151a17d"},{"list_title":"Comparison","list_key":"comparison","_id":"8d1237e"},{"list_title":"Partial Payment","list_key":"partial_payment","_id":"de36fa8"}]},"elements":[],"isInner":false,"widgetType":"shopengine-add-to-cart","elType":"widget"},{"id":"bd36f7e","settings":{"shopengine_product_meta_typography_font_family":"Barlow","_margin":{"unit":"px","top":"0","right":"0","bottom":"40","left":"0","isLinked":false},"ekit_all_conditions_list":[{"_id":"e5645c9"}],"ekit_adv_tooltip_content":"Tooltip Content.","shopengine_meta_align":"center"},"elements":[],"isInner":false,"widgetType":"shopengine-product-meta","elType":"widget"},{"id":"52604eb","settings":{"_element_width":"auto","ekit_all_conditions_list":[{"_id":"c088f30"}],"ekit_adv_tooltip_content":"Tooltip Content."},"elements":[],"isInner":false,"widgetType":"shopengine-product-share","elType":"widget"}],"isInner":false,"elType":"column"}],"isInner":false,"elType":"section"},{"id":"cb60a74","settings":{"ekit_all_conditions_list":[{"_id":"91032ca"}],"ekit_section_parallax_multi_items":[],"padding":{"unit":"px","top":"0","right":"0","bottom":"95","left":"0","isLinked":false}},"elements":[{"id":"70dbd3c9","settings":{"_column_size":100,"_inline_size":null,"space_between_widgets":0,"padding":{"unit":"px","top":"0","right":"15","bottom":"0","left":"15","isLinked":false},"ekit_all_conditions_list":[{"_id":"1cb4c06"}]},"elements":[{"id":"4cdddd5b","settings":{"shopengine_product_nav_indicator_border":{"unit":"px","top":"3","right":0,"bottom":"3","left":0,"isLinked":false},"shopengine_tab_nav_box_shadow_box_shadow":{"horizontal":0,"vertical":7,"blur":30,"spread":0,"color":"rgba(0, 0, 0, 0.05)"},"shopengine_nav_line_width":{"unit":"px","top":"1","right":0,"bottom":"1","left":0,"isLinked":true},"shopengine_product_tab_content_title_hide":"yes","shopengine_product_tab_content_wrap_padding":{"unit":"px","top":"78","right":"0","bottom":"25","left":"0","isLinked":false},"shopengine_download_button_box_shadow_box_shadow_type":"yes","ekit_all_conditions_list":[{"_id":"d7d5b08"}],"ekit_adv_tooltip_content":"Tooltip Content.","shopengine_product_nav_typography_text_transform":"uppercase","shopengine_tab_nav_padding_mobile":{"unit":"px","top":"10","right":"0","bottom":"10","left":"0","isLinked":false},"shopengine_product_tab_content_wrap_padding_tablet":{"unit":"px","top":"25","right":"0","bottom":"25","left":"0","isLinked":false},"shopengine_nav_menu_spacing":{"unit":"px","size":50,"sizes":[]},"custom_css":"selector .single-product .shopengine-product-tabs p {\r\n    font-size: 18px;\r\n    line-height: 25px;\r\n    color: #101010;\r\n    font-family: 'Rubik', sans-serif;\r\n}\r\n\r\n\/* \r\nproduct details additional info - rakibul css - start \r\n*\/\r\nselector .shopengine-product-tabs .woocommerce-Tabs-panel--additional_information table th,\r\nselector .shopengine-product-tabs .woocommerce-Tabs-panel--additional_information table td {\r\n\tbackground-color: transparent;\r\n\tborder: none !important;\r\n\tpadding: 0px !important;\r\n\tpadding-bottom: 12px !important;\r\n\tposition: relative;\r\n\tline-height: 1;\r\n}\r\nselector .woocommerce-Tabs-panel--additional_information table td {\r\n\tline-height: 1;\r\n\tbackground-color: transparent;\r\n\tpadding-right: 30px !important;\r\n\tpadding-left: 30px !important;\r\n}\r\nselector .shopengine-widget .shopengine-product-tabs .woocommerce-Tabs-panel--additional_information table tr:not(:last-child) {\r\n\tborder: none;\r\n}\r\nselector .woocommerce-Tabs-panel--additional_information table th:before {\r\n\tposition: absolute;\r\n\ttop: 0;\r\n\tright: 0px;\r\n\tcolor: #101010;\r\n\tcontent: ':';\r\n}\r\n\r\nselector .single-product .woocommerce-Reviews .comment-reply-title {\r\n\ttext-transform: uppercase;\r\n}\r\nselector #review_form #respond p {\r\n\tmargin: 0 0 25px;\r\n}\r\nselector .comment-form .comment-notes {\r\n\tcolor: #444444;\r\n}\r\nselector .shopengine-widget .shopengine-product-tabs #review_form_wrapper .comment-form input:not(#wp-comment-cookies-consent) {\r\n\tmin-height: 44px;\r\n\tpadding: 0px 20px;\r\n}\r\nselector .woocommerce-Reviews .comment-form p textarea {\r\n\tmin-height: 140px;\r\n}\r\nselector .shopengine-product-tabs .form-submit .submit {\r\n\twidth: 100%;\r\n\tdisplay: block;\r\n}\r\nselector .shopengine-product-tabs .woocommerce-Tabs-panel--additional_information table th, selector .shopengine-product-tabs .woocommerce-Tabs-panel--additional_information table td {\r\n    line-height: 26px !important;\r\n}\r\nselector .shopengine-product-tabs .woocommerce-Tabs-panel--additional_information table td {\r\n    padding-left: 30px !important;\r\n}\r\nselector .shopengine .commentlist .review .comment-text p {\r\n    margin-bottom: 15px !important;\r\n}\r\nselector .shopengine-product-tabs .description p {\r\n    color: #444 !important;\r\n}\r\nselector .woocommerce-Reviews .commentlist {\r\n    background-color: transparent;\r\n     border-bottom: #EFEFEF;\r\n     border-radius: 0px;\r\n}\r\nselector .single-product .shopengine .commentlist .review {\r\n    padding: 55px 0 40px!important;\r\n}\r\n.single-product .shopengine .commentlist .review:last-child {\r\n        border-bottom-width:  0 !important;\r\n}\r\n","shopengine_product_tab_label_clr":"#50525580","shopengine_review_form_label_input_typography_line_height":{"unit":"px","size":19,"sizes":[]},"shopengine_download_button_padding":{"unit":"px","top":"13","right":"20","bottom":"13","left":"20","isLinked":false},"shopengine_download_button_padding_radius":{"unit":"px","top":"0","right":"0","bottom":"0","left":"0","isLinked":true},"shopengine_download_button_padding_typography_font_family":"Barlow","shopengine_download_button_padding_typography_font_size":{"unit":"px","size":16,"sizes":[]},"shopengine_download_button_padding_typography_font_weight":"600","shopengine_product_nav_typography_font_size_mobile":{"unit":"px","size":20,"sizes":[]},"shopengine_product_tab_content_title_padding":{"unit":"px","top":"0","right":"0","bottom":"30","left":"0","isLinked":false},"shopengine_product_tabs_font_family":"Barlow","shopengine_nav_menu_spacing_tablet":{"unit":"px","size":20,"sizes":[]},"shopengine_tab_nav_padding":{"unit":"px","top":"28","right":"0","bottom":"28","left":"0","isLinked":false},"shopengine_tab_nav_padding_tablet":{"unit":"px","top":"20","right":"0","bottom":"20","left":"0","isLinked":false},"shopengine_product_tab_ainfo_typography_font_size":{"unit":"px","size":16,"sizes":[]},"shopengine_product_nav_typography_line_height":{"unit":"px","size":22,"sizes":[]},"shopengine_product_tab_submit_button_border_radius":{"unit":"px","top":"0","right":"0","bottom":"0","left":"0","isLinked":true},"shopengine_product_tab_ainfo_typography_font_style":"normal","shopengine_product_tab_ainfo_tcell_padding":{"unit":"px","top":"12","right":"35","bottom":"12","left":"35","isLinked":false},"shopengine_nav_menu_spacing_mobile":{"unit":"px","size":10,"sizes":[]},"shopengine_product_nav_typography_letter_spacing":{"unit":"px","size":-0.200000000000000011102230246251565404236316680908203125,"sizes":[]},"shopengine_product_tab_content_title_show":"","shopengine_product_tab_ainfo_typography_font_weight":"500","shopengine_product_tab_ainfo_typography_line_height":{"unit":"px","size":18,"sizes":[]},"shopengine_product_nav_active_color":"#101010","shopengine_product_nav_indicator_color":"#101010"},"elements":[],"isInner":false,"widgetType":"shopengine-product-tabs","elType":"widget"}],"isInner":false,"elType":"column"}],"isInner":false,"elType":"section"}],"page_settings":[],"version":"0.4","title":"single 6","type":"page"}