{"content":[{"id":"4cdbb67e","settings":{"structure":"20","padding":{"unit":"px","top":"100","right":"0","bottom":"100","left":"0","isLinked":false},"ekit_all_conditions_list":[{"_id":"3f7fec6"}],"ekit_section_parallax_multi_items":[],"margin_tablet":{"unit":"%","top":"0","right":0,"bottom":"0","left":0,"isLinked":false},"padding_tablet":{"unit":"px","top":"70","right":"0","bottom":"70","left":"0","isLinked":false},"padding_mobile":{"unit":"px","top":"50","right":"0","bottom":"50","left":"0","isLinked":false},"background_background":"classic","background_color":"#F0F1F4"},"elements":[{"id":"40be6d47","settings":{"_column_size":50,"_inline_size":25,"ekit_all_conditions_list":[{"_id":"0be1e6e"}],"_inline_size_tablet":100,"margin":{"unit":"px","top":"0","right":"0","bottom":"0","left":"0","isLinked":false},"margin_tablet":{"unit":"px","top":"0","right":"0","bottom":"0","left":"0","isLinked":false},"margin_mobile":{"unit":"px","top":"0","right":"0","bottom":"30","left":"0","isLinked":false},"padding":{"unit":"px","top":"0","right":"12","bottom":"0","left":"12","isLinked":false},"padding_tablet":{"unit":"px","top":"0","right":"15","bottom":"0","left":"15","isLinked":false},"padding_mobile":{"unit":"px","top":"0","right":"15","bottom":"0","left":"15","isLinked":false},"space_between_widgets":0},"elements":[{"id":"740ebc0d","settings":{"layout":"full_width","background_background":"classic","background_color":"#FFFFFF","padding":{"unit":"px","top":"0","right":"0","bottom":"0","left":"0","isLinked":false},"ekit_all_conditions_list":[{"_id":"4b96179"}],"ekit_section_parallax_multi_items":[]},"elements":[{"id":"220223c6","settings":{"_column_size":100,"_inline_size":null,"content_position":"center","align":"center","space_between_widgets":0,"padding":{"unit":"px","top":"0","right":"0","bottom":"0","left":"0","isLinked":true},"ekit_all_conditions_list":[{"_id":"afa4ccc"}]},"elements":[{"id":"460fc13e","settings":{"ekit_all_conditions_list":[{"_id":"f6feb63"}],"ekit_adv_tooltip_content":"Tooltip Content.","shopengine_account_navigation_list_color":"#161C2D","shopengine_account_navigation_list_hover_color":"#2851F3","shopengine_account_navigation_list_active_bg":"#2851F30F","shopengine_account_navigation_list_Typography_font_size":{"unit":"px","size":14,"sizes":[]},"shopengine_account_navigation_list_Typography_font_weight":"500","shopengine_account_navigation_list_Typography_line_height":{"unit":"px","size":51,"sizes":[]},"shopengine_account_navigation_container_border_color":"#00000000","shopengine_account_navigation_container_padding":{"unit":"px","top":"12","right":"40","bottom":"12","left":"40","isLinked":false},"_padding":{"unit":"px","top":"0","right":"0","bottom":"0","left":"0","isLinked":false}},"elements":[],"isInner":false,"widgetType":"shopengine-account-navigation","elType":"widget"}],"isInner":true,"elType":"column"}],"isInner":true,"elType":"section"}],"isInner":false,"elType":"column"},{"id":"7734059","settings":{"_column_size":50,"_inline_size":75,"ekit_all_conditions_list":[{"_id":"23499c2"}],"margin":{"unit":"px","top":"0","right":"0","bottom":"0","left":"0","isLinked":false},"padding":{"unit":"px","top":"0","right":"12","bottom":"0","left":"12","isLinked":false},"_inline_size_tablet":100,"margin_tablet":{"unit":"px","top":"30","right":"0","bottom":"0","left":"0","isLinked":false},"padding_tablet":{"unit":"px","top":"0","right":"15","bottom":"0","left":"15","isLinked":false},"space_between_widgets":0},"elements":[{"id":"1f741c84","settings":{"layout":"full_width","background_background":"classic","background_color":"#FFFFFF","box_shadow_box_shadow_type":"yes","box_shadow_box_shadow":{"horizontal":0,"vertical":20,"blur":40,"spread":0,"color":"rgba(22, 28.000000000000004, 45, 0.06)"},"padding":{"unit":"px","top":"10","right":"10","bottom":"10","left":"10","isLinked":true},"ekit_all_conditions_list":[{"_id":"1a0fb20"}],"ekit_section_parallax_multi_items":[]},"elements":[{"id":"677cb285","settings":{"_column_size":100,"_inline_size":null,"space_between_widgets":0,"padding":{"unit":"px","top":"0","right":"0","bottom":"0","left":"0","isLinked":true},"ekit_all_conditions_list":[{"_id":"a7b3e15"}]},"elements":[{"id":"1f5cc26f","settings":{"ekit_all_conditions_list":[{"_id":"645d550"}],"ekit_adv_tooltip_content":"Tooltip Content.","shopengine_account_order_address_content_padding":{"unit":"px","top":"0","right":"0","bottom":"0","left":"1","isLinked":false},"shopengine_orders_header_text_typography_line_height":{"unit":"px","size":24,"sizes":[]},"shopengine_orders_body_text_typography_line_height":{"unit":"px","size":12,"sizes":[]},"shopengine_orders_body_cell_padding":{"unit":"px","top":"13","right":"40","bottom":"13","left":"40","isLinked":false},"custom_css":"selector .woocommerce-orders-table__cell {n  border-width: 0;n}nselector .woocommerce-orders-table__header {n    border-width: 0;n}","shopengine_orders_body_cell_padding_tablet":{"unit":"px","top":"10","right":"20","bottom":"10","left":"20","isLinked":false},"shopengine_orders_button_view_typography_text_transform":"capitalize","shopengine_orders_header_text_typography_font_family":"Inter","shopengine_orders_header_text_typography_font_size":{"unit":"px","size":16,"sizes":[]},"shopengine_orders_header_text_typography_text_transform":"capitalize","shopengine_orders_body_text_typography_font_family":"Inter","shopengine_orders_header_color":"#161C2D","shopengine_orders_header_background":"#F3F4F8","shopengine_orders_header_text_typography_font_weight":"500","shopengine_orders_body_color":"#515968","shopengine_orders_body_link_color":"#161C2D","shopengine_orders_body_link_hover_color":"#2851F3","shopengine_orders_body_text_typography_font_size":{"unit":"px","size":14,"sizes":[]},"shopengine_orders_body_row_border_width":{"unit":"px","top":0,"right":0,"bottom":"1","left":0,"isLinked":true},"shopengine_orders_body_row_border_color":"#E8E9ED","shopengine_orders_action_button_padding":{"unit":"px","top":"9","right":"21","bottom":"8","left":"21","isLinked":false},"shopengine_orders_button_action_border_radius":{"unit":"px","top":"0","right":"0","bottom":"0","left":"0","isLinked":true},"shopengine_orders_button_view_typography_font_family":"Inter","shopengine_orders_button_view_typography_font_size":{"unit":"px","size":14,"sizes":[]},"shopengine_orders_button_view_color_normal":"#161C2D","shopengine_orders_button_view_background_normal":"#F3F4F8","shopengine_orders_button_view_background_hover":"#2851F3"},"elements":[],"isInner":false,"widgetType":"shopengine-account-orders","elType":"widget"}],"isInner":true,"elType":"column"}],"isInner":true,"elType":"section"}],"isInner":false,"elType":"column"}],"isInner":false,"elType":"section"}],"page_settings":{"eael_ext_toc_title":"Table of Contents"},"version":"0.4","title":"account order","type":"page"}