{"content":[{"id":"2aa13ad","settings":{"content_width":{"unit":"px","size":1230,"sizes":[]},"background_background":"classic","background_image":{"url":"https:\/\/wpmet.com\/plugin\/shopengine\/demos\/wp-content\/uploads\/sites\/2\/2021\/09\/archive_bg_06.jpg","id":5682,"alt":"","source":"library"},"background_position":"center center","background_repeat":"no-repeat","background_size":"cover","background_overlay_background":"classic","background_overlay_image":{"url":"","id":"","alt":"","source":"library"},"background_overlay_position":"initial","background_overlay_repeat":"no-repeat","background_overlay_opacity":{"unit":"px","size":0.59999999999999997779553950749686919152736663818359375,"sizes":[]},"padding":{"unit":"px","top":"137","right":"0","bottom":"30","left":"0","isLinked":false},"ekit_all_conditions_list":[{"_id":"fd3d54b"}],"ekit_section_parallax_multi_items":[],"background_overlay_ypos":{"unit":"px","size":-76,"sizes":[]},"background_attachment":"scroll","background_overlay_color":"#024083","ekit_section_parallax_bg":"yes"},"elements":[{"id":"1184853c","settings":{"_column_size":100,"_inline_size":null,"space_between_widgets":0,"padding":{"unit":"px","top":"0","right":"15","bottom":"0","left":"15","isLinked":false},"ekit_all_conditions_list":[{"_id":"08903e0"}]},"elements":[{"id":"46f6f829","settings":{"layout":"full_width","ekit_all_conditions_list":[{"_id":"99bb715"}],"ekit_section_parallax_multi_items":[]},"elements":[{"id":"6d56f82d","settings":{"_column_size":100,"_inline_size":null,"space_between_widgets":0,"padding":{"unit":"px","top":"0","right":"0","bottom":"0","left":"0","isLinked":true},"ekit_all_conditions_list":[{"_id":"960d583"}],"align_tablet":"center"},"elements":[{"id":"2e9989a9","settings":{"title":"Shop Grid","align":"center","title_color":"#FFFFFF","typography_typography":"custom","typography_font_family":"Inter","typography_font_size":{"unit":"px","size":60,"sizes":[]},"typography_font_weight":"700","typography_line_height":{"unit":"px","size":73,"sizes":[]},"ekit_all_conditions_list":[{"_id":"7b6b2e8"}],"ekit_adv_tooltip_content":"Tooltip Content."},"elements":[],"isInner":false,"widgetType":"heading","elType":"widget"},{"id":"262b5a27","settings":{"view":"inline","icon_list":[{"text":"Home","selected_icon":{"value":"","library":""},"_id":"62f6f27","link":{"url":"https:\/\/wpmet.com\/plugin\/shopengine\/","is_external":"","nofollow":"","custom_attributes":""}},{"_id":"db998f8","text":"Shop Grid","selected_icon":{"value":"fas fa-circle","library":"fa-solid"}}],"space_between":{"unit":"px","size":10,"sizes":[]},"icon_align":"center","icon_color":"#FFFFFF","icon_size":{"unit":"px","size":4,"sizes":[]},"icon_self_align":"center","text_color":"#FFFFFF","text_indent":{"unit":"px","size":10,"sizes":[]},"icon_typography_typography":"custom","icon_typography_font_family":"Inter","icon_typography_font_size":{"unit":"px","size":14,"sizes":[]},"icon_typography_font_weight":"500","icon_typography_line_height":{"unit":"px","size":17,"sizes":[]},"_margin":{"unit":"px","top":"6","right":"0","bottom":"57","left":"0","isLinked":false},"ekit_all_conditions_list":[{"_id":"0ad817e"}],"ekit_adv_tooltip_content":"Tooltip Content."},"elements":[],"isInner":false,"widgetType":"icon-list","elType":"widget"}],"isInner":true,"elType":"column"}],"isInner":true,"elType":"section"}],"isInner":false,"elType":"column"}],"isInner":false,"elType":"section"},{"id":"10f38179","settings":{"ekit_all_conditions_list":[{"_id":"57a83d8"}],"ekit_section_parallax_multi_items":[],"content_position":"middle","padding":{"unit":"px","top":"80","right":"0","bottom":"0","left":"0","isLinked":false},"background_background":"classic","margin":{"unit":"px","top":"0","right":0,"bottom":"0","left":0,"isLinked":false}},"elements":[{"id":"41f0a7cd","settings":{"_column_size":100,"_inline_size":null,"ekit_all_conditions_list":[{"_id":"14942ff"}],"_inline_size_mobile":99,"align":"space-between","background_background":"classic","background_color":"#F7F9FB","margin":{"unit":"px","top":"0","right":"10","bottom":"30","left":"10","isLinked":false},"padding":{"unit":"px","top":"25","right":"30","bottom":"25","left":"30","isLinked":false},"content_position":"center","space_between_widgets":0,"margin_mobile":{"unit":"px","top":"0","right":"10","bottom":"30","left":"10","isLinked":false}},"elements":[{"id":"425cdbb","settings":{"content_position":"middle","structure":"30","ekit_all_conditions_list":[{"_id":"c8b754e"}],"ekit_section_parallax_multi_items":[]},"elements":[{"id":"3175ace7","settings":{"_column_size":33,"_inline_size":null,"padding":{"unit":"px","top":"0","right":"0","bottom":"0","left":"0","isLinked":true},"ekit_all_conditions_list":[{"_id":"899393b"}]},"elements":[{"id":"7f0afda2","settings":{"ekit_all_conditions_list":[{"_id":"54deeb2"}],"ekit_adv_tooltip_content":"Tooltip Content.","shopengine_result_count_align_mobile":"right","shopengine_result_count_color":"#3A3A3A","shopengine_result_count_font_font_family":"Barlow","shopengine_result_count_font_font_weight":"500","shopengine_result_count_font_line_height":{"unit":"px","size":19,"sizes":[]},"_margin_mobile":{"unit":"px","top":"0","right":"0","bottom":"20","left":"0","isLinked":false},"_padding_mobile":{"unit":"px","top":"0","right":"0","bottom":"0","left":"0","isLinked":false},"shopengine_result_count_font_font_size":{"unit":"px","size":16,"sizes":[]},"shopengine_result_count_align":"right"},"elements":[],"isInner":false,"widgetType":"shopengine-archive-result-count","elType":"widget"}],"isInner":true,"elType":"column"},{"id":"361794ae","settings":{"_column_size":33,"_inline_size":null,"padding":{"unit":"px","top":"0","right":"0","bottom":"0","left":"0","isLinked":true},"ekit_all_conditions_list":[{"_id":"311d183"}]},"elements":[{"id":"2c24dfa4","settings":{"shopengine_ppp_list":"8, 12, 18, 24","shopengine_ppp_alignment":"center","ekit_all_conditions_list":[{"_id":"7053a8a"}],"ekit_adv_tooltip_content":"Tooltip Content.","shopengine_ppp_font_font_family":"Barlow","shopengine_ppp_font_font_weight":"600","shopengine_ppp_color":"#A7A7A7","shopengine_ppp_active_color":"#3A3A3A","_margin_mobile":{"unit":"px","top":"0","right":"0","bottom":"20","left":"0","isLinked":false},"_padding_mobile":{"unit":"px","top":"0","right":"0","bottom":"0","left":"0","isLinked":false},"shopengine_ppp_alignment_mobile":"start","_margin":{"unit":"px","top":"0","right":"0","bottom":"0","left":"0","isLinked":false},"_element_vertical_align_mobile":"center","_offset_orientation_h":"end","_offset_x_end":{"size":179.996000000000009322320693172514438629150390625,"unit":"px"},"_offset_y":{"size":33.98400000000000176214598468504846096038818359375,"unit":"px"},"_offset_x_end_mobile":{"unit":"px","size":0,"sizes":[]},"_offset_y_mobile":{"unit":"px","size":20,"sizes":[]}},"elements":[],"isInner":false,"widgetType":"shopengine-filter-products-per-page","elType":"widget"}],"isInner":true,"elType":"column"},{"id":"64f8f5f0","settings":{"_column_size":33,"_inline_size":null,"padding":{"unit":"px","top":"0","right":"0","bottom":"0","left":"0","isLinked":true},"ekit_all_conditions_list":[{"_id":"8cf9966"}],"align":"flex-end","align_mobile":"flex-start"},"elements":[{"id":"115221ce","settings":{"ekit_all_conditions_list":[{"_id":"1dccd14"}],"ekit_adv_tooltip_content":"Tooltip Content.","_margin_mobile":{"unit":"px","top":"0","right":"0","bottom":"0","left":"0","isLinked":true},"_element_width":"auto"},"elements":[],"isInner":false,"widgetType":"shopengine-filter-orderby","elType":"widget"}],"isInner":true,"elType":"column"}],"isInner":true,"elType":"section"}],"isInner":false,"elType":"column"}],"isInner":false,"elType":"section"},{"id":"21150b1","settings":{"structure":"20","ekit_all_conditions_list":[{"_id":"fe3ee31"}],"ekit_section_parallax_multi_items":[],"padding":{"unit":"px","top":"0","right":"0","bottom":"110","left":"0","isLinked":false},"reverse_order_mobile":"reverse-mobile"},"elements":[{"id":"1e48385e","settings":{"_column_size":50,"_inline_size":75,"ekit_all_conditions_list":[{"_id":"0a7b3ee"}],"_inline_size_tablet":65},"elements":[{"id":"7989b7a3","settings":{"shopengine_use_layout":"yes","shopengine_rows":{"unit":"px","size":2,"sizes":[]},"shopengine_show_sale_flash":"","shopengine_show_regular_price":"","shopengine_group_btns":"yes","shopengine_pagination_prev_text":"Previous","shopengine_pagination_next_text":"Next","shopengine_pagination_loadmore_text":"\\u062a\\u062d\\u0645\\u064a\\u0644 \\u0627\\u0644\\u0645\\u0632\\u064a\\u062f","shopengine_add_to_cart_data_ordering_enable":"","shopengine_background":"#FFFFFF","shopengine__border_width":{"unit":"px","top":"1","right":"1","bottom":"1","left":"1","isLinked":true},"shopengine_margin":{"unit":"px","size":30,"sizes":[]},"shopengine_archive_products_container_row_spacing":{"unit":"px","size":0,"sizes":[]},"shopengine_padding":{"unit":"px","top":"0","right":"0","bottom":"5","left":"0","isLinked":false},"shopengine_image_bg_color":"#F7F9FB","shopengine_cats_spacing":{"unit":"px","top":"18","right":"0","bottom":"10","left":"0","isLinked":false},"shopengine_title_padding":{"unit":"px","top":"0","right":"0","bottom":"10","left":"0","isLinked":false},"shopengine_product_price_typography_line_height":{"unit":"px","size":26,"sizes":[]},"shopengine_price_padding":{"unit":"px","top":"8","right":"20","bottom":"16","left":"20","isLinked":false},"product_price_discount_badge_padding":{"unit":"px","top":"0","right":"5","bottom":"1","left":"5","isLinked":false},"shopengine_archvie_btn_padding":{"unit":"px","top":"0","right":"0","bottom":"0","left":"0","isLinked":false},"shopengine_archvie_btn_radius":{"unit":"px","top":"0","right":"0","bottom":"0","left":"0","isLinked":true},"shopengine_archvie_btn_typography_font_size":{"unit":"px","size":0,"sizes":[]},"shopengine_product_rating_gap":{"unit":"px","size":5,"sizes":[]},"shopengine_product_star_padding":{"unit":"px","top":"0","right":"0","bottom":"5","left":"0","isLinked":false},"shopengine_button_group_btn_padding":{"unit":"px","top":"","right":"","bottom":"","left":"","isLinked":true},"shopengine_pagi_font_typography":"custom","shopengine_pagi_font_font_weight":"600","shopengine_pagi_top_space":{"unit":"px","size":20,"sizes":[]},"shopengine_pagi_n_color":"#505255","shopengine_pagi_n_bd_border":"solid","shopengine_pagi_n_bd_width":{"unit":"px","top":"1","right":"1","bottom":"1","left":"1","isLinked":true},"shopengine_pagi_n_bd_color":"#F2F2F2","shopengine_pagi_h_color":"#EFEFEF","shopengine_pagi_h_bdc":"#3A3A3A","shopengine_pagi_radius":{"unit":"%","size":"","sizes":[]},"ekit_all_conditions_list":[{"_id":"ab87cc3"}],"ekit_adv_tooltip_content":"Tooltip Content.","shopengine_columns_tablet":{"unit":"px","size":2,"sizes":[]},"shopengine_columns_mobile":{"unit":"px","size":1,"sizes":[]},"shopengine_columns":{"unit":"px","size":3,"sizes":[]},"shopengine_container_text_align":"center","shopengine_cats_color":"#FF3F00","shopengine_cats_font_font_size":{"unit":"px","size":12,"sizes":[]},"shopengine_cats_font_font_weight":"500","shopengine_sell_price_color":"#000000","shopengine_product_price_typography_font_size":{"unit":"px","size":18,"sizes":[]},"shopengine_product_price_typography_font_weight":"600","product_price_discount_badge_bg_color":"#FF3F00","__globals__":{"shopengine_title_color_typography_typography":"","shopengine_title_color":""},"shopengine_pagination_style":"load-more","shopengine_pagi_align":"center","shopengine_pagi_h_bgcolor":"#000000","shopengine_pagi_pd":{"unit":"px","top":"20","right":"30","bottom":"20","left":"30","isLinked":false},"shopengine_custom_ordering_list":[{"list_title":"Quick View","list_key":"quick-view","_id":"5c4b09d"},{"list_title":"Wishlist","list_key":"wishlist","_id":"c320a1f"},{"list_title":"Add to Cart","list_key":"add-to-cart","_id":"7bda5bc"},{"list_title":"Comparison","list_key":"comparison","_id":"bba56c0"}],"product_price_discount_badge_margin":{"unit":"px","top":"0","right":"5","bottom":"0","left":"0","isLinked":false},"shopengine_pagi_mg":{"unit":"px","top":"10","right":"0","bottom":"0","left":"0","isLinked":false}},"elements":[],"isInner":false,"widgetType":"shopengine-archive-products","elType":"widget"}],"isInner":false,"elType":"column"},{"id":"63b10643","settings":{"_column_size":50,"_inline_size":25,"ekit_all_conditions_list":[{"_id":"0a7b3ee"}],"_inline_size_tablet":35},"elements":[{"id":"50e2ee64","settings":{"shopengine_filter_price_title":"\\u0646\\u0637\\u0627\\u0642 \\u0627\\u0644\\u0633\\u0639\\u0631","shopengine_filter_rating_title":"\\u062a\\u0635\\u0646\\u064a\\u0641 \\u0627\\u0644\\u0645\\u0646\\u062a\\u062c","shopengine_filter_color_title":"\\u0623\\u0644\\u0648\\u0627\\u0646 \\u0627\\u0644\\u0645\\u0646\\u062a\\u062c","shopengine_filter_category_title":"\\u0641\\u0626\\u0627\\u062a \\u0627\\u0644\\u0645\\u0646\\u062a\\u062c\\u0627\\u062a","shopengine_filter_toggle_button_toggler":"\\u0645\\u0646\\u0642\\u064a","ekit_all_conditions_list":[{"_id":"f7e6abd"}],"ekit_adv_tooltip_content":"Tooltip Content.","__globals__":{"shopengine_filter_heading_color":"","shopengine_section_filters_typography_title_typography":"","shopengine_range_slider_color":"","shopengine_range_slider_active_color":"","shopengine_reset_btn_color":"","shopengine_reset_btn_hover_bg_color":"","shopengine_reset_btn_hover_color":"","shopengine_checkbox_tabs_checked_bg_clr":"","shopengine_product_filters_typography_primary_typography":"","shopengine_range_text_color":"","shopengine_filter_title_color":""},"shopengine_filter_price_max":1000,"shopengine_filter_title_spacing":{"unit":"px","size":"","sizes":[]},"shopengine_filter_color_line_spacing":{"unit":"px","size":15,"sizes":[]},"shopengine_section_filters_typography_title_font_size":{"unit":"px","size":18,"sizes":[]},"shopengine_section_filters_typography_title_line_height":{"unit":"px","size":22,"sizes":[]},"shopengine_section_filters_typography_title_letter_spacing":{"unit":"px","size":0.0200000000000000004163336342344337026588618755340576171875,"sizes":[]},"shopengine_checkbox_tabs_normal_clr":"#BABABA","shopengine_checkbox_tabs_checked_bg_clr":"#CCCCCC","shopengine_checkbox_icon_size":{"unit":"px","size":10,"sizes":[]},"shopengine_checkbox_size":{"unit":"px","size":18,"sizes":[]},"shopengine_checkbox_vertical_position":{"unit":"px","size":1,"sizes":[]},"shopengine_range_slider_color":"#F2F2F2","shopengine_range_slider_active_color":"#7F7F7F","shopengine_reset_btn_color":"#505255","shopengine_reset_btn_hover_color":"#FFFFFF","shopengine_reset_btn_hover_bg_color":"#FF0000","shopengine_star_size":{"unit":"px","size":11,"sizes":[]},"shopengine_section_filters_typography_title_font_family":"Barlow","shopengine_filter_toggle_button":"yes","shopengine_section_filter_content_width_mobile":{"unit":"px","size":300,"sizes":[]},"shopengine_filter_toggler_breakpoint":"mobile","shopengine_section_filter_layout_col_padding":{"unit":"px","top":"0","right":"15","bottom":"30","left":"0","isLinked":false},"shopengine_section_filter_content_padding":{"unit":"px","top":"0","right":"30","bottom":"20","left":"0","isLinked":false},"shopengine_section_filter_content_padding_mobile":{"unit":"px","top":"23","right":"23","bottom":"23","left":"23","isLinked":true},"shopengine_filter_image_title":"Product Images","shopengine_filter_label_title":"\\u0645\\u0644\\u0635\\u0642 \\u0627\\u0644\\u0645\\u0646\\u062a\\u062c","shopengine_filter_shipping_title":"Shipping","shopengine_filter_stock_title":"Stock","shopengine_filter_onsale_title":"On Sale","shopengine_attributes_list":[],"shopengine_filter_except_category":["15"],"shopengine_enable_label":"","shopengine_filter_toggle_button_toggler_alignment_mobile":"right","shopengine_filter_toggler_icon_position":"right","shopengine_filter_category_hide_empty":"yes","shopengine_product_filters_typography_primary_typography":"custom","shopengine_product_filters_typography_primary_font_size":{"unit":"px","size":16,"sizes":[]},"shopengine_product_filters_typography_primary_font_weight":"500","shopengine_product_filters_typography_primary_line_height":{"unit":"px","size":19,"sizes":[]},"shopengine_product_filters_typography_primary_font_family":"Roboto"},"elements":[],"isInner":false,"widgetType":"shopengine-product-filters","elType":"widget"}],"isInner":false,"elType":"column"}],"isInner":false,"elType":"section"}],"page_settings":[],"version":"0.4","title":"Archive design 3","type":"page"}