{"content":[{"id":"797ed3c2","settings":{"structure":"20","padding":{"unit":"px","top":"125","right":"0","bottom":"80","left":"0","isLinked":false},"ekit_all_conditions_list":[{"_id":"6483b49"}],"ekit_section_parallax_multi_items":[]},"elements":[{"id":"5ed722a1","settings":{"_column_size":50,"_inline_size":null,"space_between_widgets":0,"margin_mobile":{"unit":"px","top":"0","right":"0","bottom":"30","left":"0","isLinked":false},"padding":{"unit":"px","top":"0","right":"15","bottom":"0","left":"15","isLinked":false},"ekit_all_conditions_list":[{"_id":"bd1a320"}]},"elements":[{"id":"7e455185","settings":{"shopengine_sale_flash_status":"","shopengine_lightbox_icon_color":"#000000","shopengine_lightbox_icon_border_color":"#000000","shopengine_lightbox_icon_wrapper_size":{"unit":"px","size":40,"sizes":[]},"shopengine_lightbox_icon_radius":{"unit":"px","size":"","sizes":[]},"_padding":{"unit":"px","top":"0","right":"15","bottom":"0","left":"15","isLinked":false},"ekit_all_conditions_list":[{"_id":"e2a5320"}],"ekit_adv_tooltip_content":"Tooltip Content.","shopengine_thumbs_margin_tablet":{"unit":"px","size":5,"sizes":[]}},"elements":[],"isInner":false,"widgetType":"shopengine-single-product-images","elType":"widget"}],"isInner":false,"elType":"column"},{"id":"7a0127ca","settings":{"_column_size":50,"_inline_size":null,"space_between_widgets":0,"padding":{"unit":"px","top":"0","right":"15","bottom":"0","left":"15","isLinked":false},"ekit_all_conditions_list":[{"_id":"f33f8da"}]},"elements":[{"id":"3f5e06b9","settings":{"shopengine_meta_category_hide":"","shopengine_meta_tag_hide":"","shopengine_meta_padding":{"unit":"px","top":"0","right":"0","bottom":"0","left":"0","isLinked":true},"shopengine_meta_label_color":"#000000","shopengine_meta_value_link_hover_color":"#FF0055","_margin":{"unit":"px","top":"0","right":"0","bottom":"13","left":"0","isLinked":false},"ekit_all_conditions_list":[{"_id":"1d29bfb"}],"ekit_adv_tooltip_content":"Tooltip Content."},"elements":[],"isInner":false,"widgetType":"shopengine-product-meta","elType":"widget"},{"id":"3d65bfc","settings":{"shopengine_pstock_typography_font_family":"Barlow","_margin":{"unit":"px","top":"0","right":"0","bottom":"13","left":"0","isLinked":false},"ekit_all_conditions_list":[{"_id":"9ea0d80"}],"ekit_adv_tooltip_content":"Tooltip Content."},"elements":[],"isInner":false,"widgetType":"shopengine-product-stock","elType":"widget"},{"id":"3dbdda13","settings":{"shopengine_rating_star_color":"#000000","shopengine_rating_star_size":{"unit":"px","size":11,"sizes":[]},"shopengine_rating_link_color":"#000000","_margin":{"unit":"px","top":"0","right":"0","bottom":"35","left":"0","isLinked":false},"ekit_all_conditions_list":[{"_id":"7faba66"}],"ekit_adv_tooltip_content":"Tooltip Content."},"elements":[],"isInner":false,"widgetType":"shopengine-product-rating","elType":"widget"},{"id":"1121f0ae","settings":{"shopengine_product_title_header_size":"h2","shopengine_product_title_typography_font_family":"Barlow","shopengine_product_title_typography_font_size":{"unit":"px","size":36,"sizes":[]},"shopengine_product_title_typography_line_height":{"unit":"px","size":30,"sizes":[]},"shopengine_product_title_typography_letter_spacing":{"unit":"px","size":-0.1000000000000000055511151231257827021181583404541015625,"sizes":[]},"_margin":{"unit":"px","top":"0","right":"0","bottom":"30","left":"0","isLinked":false},"ekit_all_conditions_list":[{"_id":"0cbfd30"}],"ekit_adv_tooltip_content":"Tooltip Content."},"elements":[],"isInner":false,"widgetType":"shopengine-product-title","elType":"widget"},{"id":"9e7a838","settings":{"shopengine_excerpt_typography_font_family":"Barlow","shopengine_excerpt_typography_font_size":{"unit":"px","size":15,"sizes":[]},"shopengine_excerpt_typography_line_height":{"unit":"px","size":22,"sizes":[]},"_margin":{"unit":"px","top":"0","right":"0","bottom":"35","left":"0","isLinked":false},"ekit_all_conditions_list":[{"_id":"c8a27e8"}],"ekit_adv_tooltip_content":"Tooltip Content."},"elements":[],"isInner":false,"widgetType":"shopengine-product-excerpt","elType":"widget"},{"id":"2c437ede","settings":{"shopengine_product_price_typography_font_family":"Barlow","shopengine_product_price_typography_font_size":{"unit":"px","size":24,"sizes":[]},"shopengine_product_price_discount_badge_typography_font_weight":"500","shopengine_product_price_discount_badge_typography_line_height":{"unit":"px","size":22,"sizes":[]},"shopengine_product_price_discount_badge_bg_color":"#FF0055","_margin":{"unit":"px","top":"0","right":"0","bottom":"30","left":"0","isLinked":false},"ekit_all_conditions_list":[{"_id":"6fddba2"}],"ekit_adv_tooltip_content":"Tooltip Content."},"elements":[],"isInner":false,"widgetType":"shopengine-product-price","elType":"widget"},{"id":"7a2cb819","settings":{"shopengine_quantity_btn_position":"after","shopengine_add_to_cart_show_stock":"","shopengine_add_cart_button_typography_font_family":"Barlow","shopengine_add_cart_button_typography_line_height":{"unit":"px","size":17,"sizes":[]},"shopengine_add_cart_button_typography_letter_spacing":{"unit":"px","size":-0.40000000000000002220446049250313080847263336181640625,"sizes":[]},"shopengine_add_cart_button_bg_color_hover":"#FF0055","shopengine_add_cart_button_border_color_hover":"#FF0055","shopengine_add_cart_button_border_width":{"unit":"px","top":"2","right":"2","bottom":"2","left":"2","isLinked":true},"shopengine_add_cart_button_border_radius":{"unit":"px","top":"0","right":"0","bottom":"0","left":"0","isLinked":true},"shopengine_add_cart_button_padding":{"unit":"px","top":"14","right":"25","bottom":"14","left":"25","isLinked":false},"shopengine_quick_checkout_button_typography_font_family":"Barlow","shopengine_quick_checkout_button_typography_line_height":{"unit":"px","size":17,"sizes":[]},"shopengine_quick_checkout_button_typography_letter_spacing":{"unit":"px","size":-0.40000000000000002220446049250313080847263336181640625,"sizes":[]},"shopengine_quick_checkout_button_text_color_normal":"#000000","shopengine_quick_checkout_button_bg_color_normal":"","shopengine_quick_checkout_button_bg_color_hover":"#000000","shopengine_quick_checkout_button_border_color_hover":"#000000","shopengine_quick_checkout_button_border_width":{"unit":"px","top":"2","right":"2","bottom":"2","left":"2","isLinked":true},"shopengine_quick_checkout_button_border_color":"#000000","shopengine_quick_checkout_button_border_radius":{"unit":"px","top":"0","right":"0","bottom":"0","left":"0","isLinked":true},"shopengine_quick_checkout_button_padding":{"unit":"px","top":"14","right":"25","bottom":"14","left":"25","isLinked":false},"shopengine_quantity_button_padding":{"unit":"px","top":"4","right":"14","bottom":"4","left":"14","isLinked":false},"shopengine_add_cart_quantity_padding":{"unit":"px","top":"12","right":"0","bottom":"12","left":"0","isLinked":false},"shopengine_add_cart_quantity_border_color":"#000000","shopengine_add_cart_quantity_border_radius":{"unit":"px","top":"0","right":"0","bottom":"0","left":"0","isLinked":true},"shopengine_add_to_cart_variation_dropdown_border_width":{"unit":"px","top":"0","right":"0","bottom":"0","left":"0","isLinked":true},"shopengine_add_to_cart_variation_dropdown_border_color":"#000000","shopengine_add_to_cart_variation_swatch_color_border_radius":{"unit":"px","size":0,"sizes":[]},"shopengine_add_to_cart_variation_swatch_image_border_radius":{"unit":"px","size":0,"sizes":[]},"shopengine_add_to_cart_variation_swatch_label_border_radius":{"unit":"px","size":0,"sizes":[]},"shopengine_add_to_cart_variation_label_border_width":{"unit":"px","top":"0","right":"0","bottom":"0","left":"0","isLinked":true},"shopengine_add_to_cart_variation_label_border_color":"#000000","shopengine_add_to_cart_variation_label_border_selected_color":"","shopengine_add_cart_wishlist_size":{"unit":"px","size":17,"sizes":[]},"shopengine_add_cart_wishlist_button_color":"#000000","shopengine_add_cart_wishlist_button_bg_color":"","shopengine_add_cart_wishlist_border_color":"#000000","shopengine_add_cart_wishlist_border_radius":{"unit":"px","top":"0","right":"0","bottom":"0","left":"0","isLinked":true},"shopengine_add_cart_wishlist_padding":{"unit":"px","top":"14","right":"20","bottom":"14","left":"20","isLinked":false},"shopengine_add_cart_compare_size":{"unit":"px","size":17,"sizes":[]},"shopengine_add_cart_compare_button_color":"#000000","shopengine_add_cart_compare_button_bg_color":"","shopengine_add_cart_compare_button_bg_hover_color":"#000000","shopengine_add_cart_compare_button_border_color_hover":"#000000","shopengine_add_cart_compare_border_color":"#000000","shopengine_add_cart_compare_border_radius":{"unit":"px","top":"0","right":"0","bottom":"0","left":"0","isLinked":true},"shopengine_add_cart_compare_padding":{"unit":"px","top":"14","right":"20","bottom":"14","left":"20","isLinked":false},"_margin":{"unit":"px","top":"0","right":"0","bottom":"55","left":"0","isLinked":false},"ekit_all_conditions_list":[{"_id":"5052101"}],"ekit_adv_tooltip_content":"Tooltip Content.","shopengine_add_to_cart_data_ordering_list":[{"list_title":"Quantitly","list_key":"quantity","_id":"718494d"},{"list_title":"Add to Cart","list_key":"add_to_cart","_id":"6d5961d"},{"list_title":"Buy Now\/Quick Checkout","list_key":"quick_checkout","_id":"18c8da0"},{"list_title":"Wishlist","list_key":"wishlist","_id":"cb9def7"},{"list_title":"Comparison","list_key":"comparison","_id":"578dd50"},{"list_title":"Partial Payment","list_key":"partial_payment","_id":"3677735"}]},"elements":[],"isInner":false,"widgetType":"shopengine-add-to-cart","elType":"widget"},{"id":"b496d2e","settings":{"shopengine_meta_sku_hide":"","shopengine_meta_label_color":"#000000","shopengine_meta_value_link_hover_color":"#000000","shopengine_product_meta_typography_font_family":"Barlow","shopengine_product_meta_typography_text_transform":"uppercase","ekit_all_conditions_list":[{"_id":"91e867c"}],"ekit_adv_tooltip_content":"Tooltip Content."},"elements":[],"isInner":false,"widgetType":"shopengine-product-meta","elType":"widget"}],"isInner":false,"elType":"column"}],"isInner":false,"elType":"section"},{"id":"32ec9a6f","settings":{"padding":{"unit":"px","top":"0","right":"0","bottom":"120","left":"0","isLinked":false},"ekit_all_conditions_list":[{"_id":"0dc463e"}],"ekit_section_parallax_multi_items":[]},"elements":[{"id":"498b1fa8","settings":{"_column_size":100,"_inline_size":null,"space_between_widgets":0,"padding":{"unit":"px","top":"0","right":"15","bottom":"0","left":"15","isLinked":false},"ekit_all_conditions_list":[{"_id":"080c0e0"}]},"elements":[{"id":"1f670bd4","settings":{"shopengine_product_nav_indicator_border":{"unit":"px","top":"","right":0,"bottom":"","left":0,"isLinked":true},"shopengine_tab_nav_box_shadow_box_shadow":{"horizontal":0,"vertical":7,"blur":30,"spread":0,"color":"rgba(0, 0, 0, 0.05)"},"shopengine_nav_line_width":{"unit":"px","top":"1","right":0,"bottom":"1","left":0,"isLinked":true},"shopengine_product_tab_content_title_hide":"yes","shopengine_product_tab_content_wrap_padding":{"unit":"px","top":"40","right":"0","bottom":"0","left":"0","isLinked":false},"shopengine_download_button_box_shadow_box_shadow_type":"yes","ekit_all_conditions_list":[{"_id":"d7d5b08"}],"ekit_adv_tooltip_content":"Tooltip Content.","shopengine_product_nav_active_color":"#101010","shopengine_product_nav_indicator_color":"","shopengine_product_nav_typography_text_transform":"uppercase","shopengine_nav_menu_spacing":{"unit":"px","size":40,"sizes":[]},"custom_css":"selector .single-product .shopengine-product-tabs p {\r\n    font-size: 18px;\r\n    line-height: 25px;\r\n    color: #101010;\r\n    font-family: 'Rubik', sans-serif;\r\n}\r\n\r\n\/* \r\nproduct details additional info - rakibul css - start \r\n*\/\r\nselector .shopengine-product-tabs .woocommerce-Tabs-panel--additional_information table th,\r\nselector .shopengine-product-tabs .woocommerce-Tabs-panel--additional_information table td {\r\n\tbackground-color: transparent;\r\n\tborder: none !important;\r\n\tpadding: 0px !important;\r\n\tpadding-bottom: 12px !important;\r\n\tposition: relative;\r\n\tline-height: 1;\r\n}\r\nselector .woocommerce-Tabs-panel--additional_information table td {\r\n\tline-height: 1;\r\n\tbackground-color: transparent;\r\n\tpadding-right: 30px !important;\r\n\tpadding-left: 30px !important;\r\n}\r\nselector .shopengine-widget .shopengine-product-tabs .woocommerce-Tabs-panel--additional_information table tr:not(:last-child) {\r\n\tborder: none;\r\n}\r\nselector .woocommerce-Tabs-panel--additional_information table th:before {\r\n\tposition: absolute;\r\n\ttop: 0;\r\n\tright: 0px;\r\n\tcolor: #101010;\r\n\tcontent: ':';\r\n}\r\n\r\nselector .single-product .woocommerce-Reviews .comment-reply-title {\r\n\ttext-transform: uppercase;\r\n}\r\nselector #review_form #respond p {\r\n\tmargin: 0 0 25px;\r\n}\r\nselector .comment-form .comment-notes {\r\n\tcolor: #444444;\r\n}\r\nselector .shopengine-widget .shopengine-product-tabs #review_form_wrapper .comment-form input:not(#wp-comment-cookies-consent) {\r\n\tmin-height: 44px;\r\n\tpadding: 0px 20px;\r\n}\r\nselector .woocommerce-Reviews .comment-form p textarea {\r\n\tmin-height: 140px;\r\n}\r\nselector .shopengine-product-tabs .form-submit .submit {\r\n\twidth: 100%;\r\n\tdisplay: block;\r\n}\r\nselector .shopengine-product-tabs .woocommerce-Tabs-panel--additional_information table th, selector .shopengine-product-tabs .woocommerce-Tabs-panel--additional_information table td {\r\n    line-height: 26px !important;\r\n}\r\nselector .shopengine-product-tabs .woocommerce-Tabs-panel--additional_information table td {\r\n    padding-left: 30px !important;\r\n}\r\nselector .shopengine .commentlist .review .comment-text p {\r\n    margin-bottom: 15px !important;\r\n}\r\nselector .shopengine-product-tabs .description p {\r\n    color: #444 !important;\r\n}\r\nselector .woocommerce-Reviews .commentlist {\r\n    background-color: transparent;\r\n     border-bottom: #EFEFEF;\r\n     border-radius: 0px;\r\n}\r\nselector .single-product .shopengine .commentlist .review {\r\n    padding: 55px 0 40px!important;\r\n}\r\n.single-product .shopengine .commentlist .review:last-child {\r\n        border-bottom-width:  0 !important;\r\n}\r\n","shopengine_product_tab_label_clr":"#101010","shopengine_review_form_label_input_typography_line_height":{"unit":"px","size":19,"sizes":[]},"shopengine_download_button_padding":{"unit":"px","top":"13","right":"20","bottom":"13","left":"20","isLinked":false},"shopengine_download_button_padding_radius":{"unit":"px","top":"0","right":"0","bottom":"0","left":"0","isLinked":true},"shopengine_download_button_padding_typography_font_family":"Barlow","shopengine_download_button_padding_typography_font_size":{"unit":"px","size":16,"sizes":[]},"shopengine_download_button_padding_typography_font_weight":"600","shopengine_nav_line_color":"#F2F2F2","shopengine_product_nav_typography_font_size_mobile":{"unit":"px","size":20,"sizes":[]},"shopengine_product_tabs_font_family":"Barlow","shopengine_tab_nav_padding":{"unit":"px","top":"30","right":"0","bottom":"30","left":"0","isLinked":false},"shopengine_product_tab_ainfo_typography_font_size":{"unit":"px","size":16,"sizes":[]},"shopengine_product_nav_typography_line_height":{"unit":"px","size":22,"sizes":[]},"shopengine_product_tab_submit_button_border_radius":{"unit":"px","top":"0","right":"0","bottom":"0","left":"0","isLinked":true},"shopengine_product_tab_ainfo_typography_font_style":"normal","shopengine_nav_menu_spacing_mobile":{"unit":"px","size":10,"sizes":[]},"shopengine_product_tab_ainfo_typography_font_weight":"500","shopengine_product_tab_ainfo_tcell_divider_color":"#F2F2F2","shopengine_product_tab_ainfo_label_color":"#101010","shopengine_product_tab_label_typography_font_weight":"500","shopengine_product_tab_input_clr":"#101010","shopengine_review_label_input_typography_font_weight":"400","shopengine_product_tab_content_title_show":""},"elements":[],"isInner":false,"widgetType":"shopengine-product-tabs","elType":"widget"}],"isInner":false,"elType":"column"}],"isInner":false,"elType":"section"}],"page_settings":[],"version":"0.4","title":"Single design 7","type":"page"}