{"content":[{"id":"68030830","settings":{"content_width":{"unit":"px","size":822,"sizes":[]},"shopengine_multistep_next_button_text":"Next","shopengine_multistep_previous_button_text":"Previous","background_background":"gradient","background_color":"#0058B9","background_color_stop":{"unit":"%","size":16.64999999999999857891452847979962825775146484375,"sizes":[]},"background_color_b":"#F2F3F6","background_color_b_stop":{"unit":"%","size":0,"sizes":[]},"padding":{"unit":"px","top":"80","right":"0","bottom":"140","left":"0","isLinked":false},"ekit_all_conditions_list":[{"_id":"5547cb4"}],"ekit_section_parallax_multi_items":[],"padding_mobile":{"unit":"px","top":"80","right":"0","bottom":"100","left":"0","isLinked":false}},"elements":[{"id":"7596ba68","settings":{"_column_size":100,"_inline_size":null,"space_between_widgets":0,"padding":{"unit":"px","top":"0","right":"15","bottom":"0","left":"15","isLinked":false},"ekit_all_conditions_list":[{"_id":"1495ba9"}]},"elements":[{"id":"4e4ff7b6","settings":{"layout":"full_width","shopengine_multistep_next_button_text":"Next","shopengine_multistep_previous_button_text":"Previous","structure":"20","background_background":"classic","background_color":"#FFFFFF0F","background_overlay_background":"classic","margin":{"unit":"px","top":"0","right":0,"bottom":"80","left":0,"isLinked":false},"padding":{"unit":"px","top":"39","right":"40","bottom":"38","left":"50","isLinked":false},"ekit_all_conditions_list":[{"_id":"d6338e1"}],"ekit_section_parallax_multi_items":[],"padding_mobile":{"unit":"px","top":"39","right":"15","bottom":"370","left":"15","isLinked":false}},"elements":[{"id":"794be56f","settings":{"_column_size":50,"_inline_size":58.3299999999999982946974341757595539093017578125,"padding":{"unit":"%","top":"0","right":"0","bottom":"0","left":"0","isLinked":false},"ekit_all_conditions_list":[{"_id":"9b9ba6a"}],"space_between_widgets":0},"elements":[{"id":"25aa886b","settings":{"text":"25% OFF","align":"left","typography_typography":"custom","typography_font_family":"Roboto","typography_font_size":{"unit":"px","size":15,"sizes":[]},"typography_font_weight":"700","typography_text_transform":"uppercase","typography_line_height":{"unit":"px","size":22,"sizes":[]},"typography_letter_spacing":{"unit":"px","size":0.0200000000000000004163336342344337026588618755340576171875,"sizes":[]},"button_text_color":"#FFFFFF","background_color":"#50669000","border_border":"solid","border_width":{"unit":"px","top":"2","right":"2","bottom":"2","left":"2","isLinked":true},"border_color":"#FFFFFF","border_radius":{"unit":"px","top":"0","right":"0","bottom":"0","left":"0","isLinked":false},"text_padding":{"unit":"px","top":"04","right":"10","bottom":"04","left":"10","isLinked":false},"ekit_all_conditions_list":[{"_id":"da3c644"}],"ekit_adv_tooltip_content":"Tooltip Content.","_margin":{"unit":"px","top":"0","right":"0","bottom":"10","left":"0","isLinked":false}},"elements":[],"isInner":false,"widgetType":"button","elType":"widget"},{"id":"7dd47d","settings":{"title":"Skullcandy Hesh","title_color":"#FFFFFF","typography_typography":"custom","typography_font_family":"Poppins","typography_font_size":{"unit":"px","size":40,"sizes":[]},"typography_font_weight":"400","typography_text_transform":"uppercase","typography_line_height":{"unit":"px","size":36,"sizes":[]},"ekit_all_conditions_list":[{"_id":"31d04b1"}],"ekit_adv_tooltip_content":"Tooltip Content."},"elements":[],"isInner":false,"widgetType":"heading","elType":"widget"},{"id":"2e0199b9","settings":{"title":"Headphone","title_color":"#FFFFFF","typography_typography":"custom","typography_font_family":"Poppins","typography_font_size":{"unit":"px","size":40,"sizes":[]},"typography_font_weight":"800","typography_text_transform":"uppercase","typography_line_height":{"unit":"px","size":36,"sizes":[]},"ekit_all_conditions_list":[{"_id":"31d04b1"}],"ekit_adv_tooltip_content":"Tooltip Content."},"elements":[],"isInner":false,"widgetType":"heading","elType":"widget"},{"id":"edbaf7e","settings":{"title":"Availability: 276 In Stock","header_size":"p","title_color":"#FFFFFF","typography_typography":"custom","typography_font_family":"Roboto","typography_font_size":{"unit":"px","size":14,"sizes":[]},"typography_font_weight":"500","typography_line_height":{"unit":"px","size":16,"sizes":[]},"_margin":{"unit":"px","top":"11","right":"0","bottom":"0","left":"0","isLinked":false},"ekit_all_conditions_list":[{"_id":"31d04b1"}],"ekit_adv_tooltip_content":"Tooltip Content."},"elements":[],"isInner":false,"widgetType":"heading","elType":"widget"}],"isInner":true,"elType":"column"},{"id":"214738ce","settings":{"_column_size":50,"_inline_size":41.6700000000000017053025658242404460906982421875,"align":"flex-end","ekit_all_conditions_list":[{"_id":"9b9ba6a"}],"space_between_widgets":0,"padding":{"unit":"px","top":"0","right":"0","bottom":"0","left":"0","isLinked":false}},"elements":[{"id":"5a274e61","settings":{"image":{"url":"https:\/\/wpmet.com\/plugin\/shopengine\/demos\/wp-content\/uploads\/sites\/2\/2022\/05\/checkout_headphone_1.png","id":3953,"alt":"","source":"library"},"_padding":{"unit":"px","top":"0","right":"0","bottom":"0","left":"0","isLinked":true},"ekit_all_conditions_list":[{"_id":"a021a80"}],"ekit_adv_tooltip_content":"Tooltip Content.","_element_vertical_align":"flex-start","_position":"absolute","_offset_x":{"size":2,"unit":"px"},"_offset_y":{"size":-98,"unit":"px"},"_padding_mobile":{"unit":"px","top":"20","right":"0","bottom":"0","left":"0","isLinked":false},"_offset_y_tablet":{"unit":"px","size":-77,"sizes":[]},"_offset_x_mobile":{"size":0,"unit":"px"},"_offset_y_mobile":{"size":0,"unit":"px"},"_css_classes":"blend--luminosity"},"elements":[],"isInner":false,"widgetType":"image","elType":"widget"}],"isInner":true,"elType":"column"}],"isInner":true,"elType":"section"},{"id":"5510b7b6","settings":{"layout":"full_width","shopengine_multistep_next_button_text":"Next","shopengine_multistep_previous_button_text":"Previous","structure":"20","background_background":"classic","background_color":"#FFFFFF","box_shadow_box_shadow_type":"yes","box_shadow_box_shadow":{"horizontal":0,"vertical":30,"blur":50,"spread":0,"color":"rgba(22, 28.000000000000004, 45, 0.1)"},"padding":{"unit":"px","top":"40","right":"0","bottom":"46","left":"0","isLinked":false},"ekit_all_conditions_list":[{"_id":"83ca857"}],"ekit_section_parallax_multi_items":[],"margin":{"unit":"px","top":"0","right":0,"bottom":"4","left":0,"isLinked":false}},"elements":[{"id":"52dbf77d","settings":{"_column_size":50,"_inline_size":null,"space_between_widgets":0,"padding":{"unit":"px","top":"0","right":"22","bottom":"0","left":"50","isLinked":false},"ekit_all_conditions_list":[{"_id":"4b13d9a"}],"padding_mobile":{"unit":"px","top":"0","right":"15","bottom":"0","left":"15","isLinked":false}},"elements":[{"id":"6237aff2","settings":{"layout":"full_width","gap":"no","structure":"20","margin":{"unit":"px","top":"","right":0,"bottom":"","left":0,"isLinked":true},"ekit_all_conditions_list":[{"_id":"4dc5621"}],"ekit_section_parallax_multi_items":[],"shopengine_multistep_next_button_text":"Next","shopengine_multistep_previous_button_text":"Previous","border_width":{"unit":"px","top":"0","right":"1","bottom":"0","left":"0","isLinked":false},"border_color":"#E7E7E7"},"elements":[{"id":"4221d0cb","settings":{"_column_size":50,"_inline_size":17,"ekit_all_conditions_list":[{"_id":"9438ecd"}],"space_between_widgets":0,"padding":{"unit":"px","top":"0","right":"0","bottom":"0","left":"0","isLinked":false},"_inline_size_mobile":18},"elements":[{"id":"910cd18","settings":{"image":{"url":"https:\/\/wpmet.com\/plugin\/shopengine\/demos\/wp-content\/uploads\/sites\/2\/2021\/10\/review_1.png","id":1592,"alt":"","source":"library"},"align":"left","ekit_all_conditions_list":[{"_id":"fee9660"}],"ekit_adv_tooltip_content":"Tooltip Content."},"elements":[],"isInner":false,"widgetType":"image","elType":"widget"}],"isInner":true,"elType":"column"},{"id":"4883f35d","settings":{"_column_size":50,"_inline_size":82.9980000000000046611603465862572193145751953125,"ekit_all_conditions_list":[{"_id":"6b77656"}],"space_between_widgets":0,"_inline_size_mobile":78},"elements":[{"id":"6b57989c","settings":{"align":"left","primary_color":"#FFA928","size":{"unit":"px","size":12,"sizes":[]},"_margin":{"unit":"px","top":"2","right":"4","bottom":"-2","left":"0","isLinked":false},"_element_width":"auto","ekit_all_conditions_list":[{"_id":"35e04aa"}],"ekit_adv_tooltip_content":"Tooltip Content."},"elements":[],"isInner":false,"widgetType":"icon","elType":"widget"},{"id":"78297ac0","settings":{"align":"left","primary_color":"#FFA928","size":{"unit":"px","size":12,"sizes":[]},"_margin":{"unit":"px","top":"2","right":"4","bottom":"-2","left":"0","isLinked":false},"_element_width":"auto","ekit_all_conditions_list":[{"_id":"35e04aa"}],"ekit_adv_tooltip_content":"Tooltip Content."},"elements":[],"isInner":false,"widgetType":"icon","elType":"widget"},{"id":"2e11415d","settings":{"align":"left","primary_color":"#FFA928","size":{"unit":"px","size":12,"sizes":[]},"_margin":{"unit":"px","top":"2","right":"4","bottom":"-2","left":"0","isLinked":false},"_element_width":"auto","ekit_all_conditions_list":[{"_id":"35e04aa"}],"ekit_adv_tooltip_content":"Tooltip Content."},"elements":[],"isInner":false,"widgetType":"icon","elType":"widget"},{"id":"5ea71973","settings":{"align":"left","primary_color":"#FFA928","size":{"unit":"px","size":12,"sizes":[]},"_margin":{"unit":"px","top":"2","right":"4","bottom":"-2","left":"0","isLinked":false},"_element_width":"auto","ekit_all_conditions_list":[{"_id":"35e04aa"}],"ekit_adv_tooltip_content":"Tooltip Content."},"elements":[],"isInner":false,"widgetType":"icon","elType":"widget"},{"id":"1ef8de35","settings":{"align":"left","primary_color":"#FFA928","size":{"unit":"px","size":12,"sizes":[]},"_margin":{"unit":"px","top":"2","right":"4","bottom":"-2","left":"0","isLinked":false},"_element_width":"auto","ekit_all_conditions_list":[{"_id":"35e04aa"}],"ekit_adv_tooltip_content":"Tooltip Content."},"elements":[],"isInner":false,"widgetType":"icon","elType":"widget"},{"id":"3528520e","settings":{"editor":"<p>The wireless hotpot amongst boot the monty happy day william cupa blow butty pardon.<\/p>","text_color":"#586377","typography_typography":"custom","typography_font_family":"Inter","typography_font_size":{"unit":"px","size":15,"sizes":[]},"typography_font_weight":"400","typography_line_height":{"unit":"px","size":24,"sizes":[]},"ekit_all_conditions_list":[{"_id":"722f193"}],"ekit_adv_tooltip_content":"Tooltip Content.","_margin":{"unit":"px","top":"5","right":"0","bottom":"16","left":"0","isLinked":false}},"elements":[],"isInner":false,"widgetType":"text-editor","elType":"widget"},{"id":"bbb709","settings":{"title":"Samuel Serif","title_color":"#007AFF","typography_typography":"custom","typography_font_family":"Inter","typography_font_size":{"unit":"px","size":14,"sizes":[]},"typography_font_weight":"600","typography_line_height":{"unit":"px","size":17,"sizes":[]},"_element_width":"auto","ekit_all_conditions_list":[{"_id":"ba21870"}],"ekit_adv_tooltip_content":"Tooltip Content."},"elements":[],"isInner":false,"widgetType":"heading","elType":"widget"},{"id":"545110a0","settings":{"view":"inline","icon_list":[{"text":"","selected_icon":{"value":"fas fa-circle","library":"fa-solid"},"_id":"13d42b8"}],"icon_align":"center","icon_color":"#586377","icon_size":{"unit":"px","size":5,"sizes":[]},"_margin":{"unit":"px","top":"4","right":"4","bottom":"0","left":"8","isLinked":false},"_element_width":"auto","_element_vertical_align":"center","ekit_all_conditions_list":[{"_id":"9228d4d"}],"ekit_adv_tooltip_content":"Tooltip Content."},"elements":[],"isInner":false,"widgetType":"icon-list","elType":"widget"},{"id":"67011779","settings":{"title":"April 10, 2021","title_color":"#586377","typography_typography":"custom","typography_font_family":"Inter","typography_font_size":{"unit":"px","size":14,"sizes":[]},"typography_font_weight":"400","typography_line_height":{"unit":"px","size":17,"sizes":[]},"_element_width":"auto","ekit_all_conditions_list":[{"_id":"ba21870"}],"ekit_adv_tooltip_content":"Tooltip Content."},"elements":[],"isInner":false,"widgetType":"heading","elType":"widget"}],"isInner":true,"elType":"column"}],"isInner":true,"elType":"section"}],"isInner":true,"elType":"column"},{"id":"2f05e1bc","settings":{"_column_size":50,"_inline_size":null,"space_between_widgets":0,"padding":{"unit":"px","top":"0","right":"15","bottom":"0","left":"15","isLinked":false},"ekit_all_conditions_list":[{"_id":"4b13d9a"}]},"elements":[{"id":"2fdd5b6a","settings":{"layout":"full_width","gap":"no","structure":"20","margin":{"unit":"px","top":"","right":0,"bottom":"","left":0,"isLinked":true},"ekit_all_conditions_list":[{"_id":"4dc5621"}],"ekit_section_parallax_multi_items":[],"shopengine_multistep_next_button_text":"Next","shopengine_multistep_previous_button_text":"Previous","border_border":"solid","border_width":{"unit":"px","top":"0","right":"0","bottom":"0","left":"1","isLinked":false},"border_color":"#E7E7E7","padding":{"unit":"px","top":"0","right":"33","bottom":"0","left":"35","isLinked":false},"border_width_mobile":{"unit":"px","top":"0","right":"0","bottom":"0","left":"0","isLinked":false},"padding_mobile":{"unit":"px","top":"25","right":"0","bottom":"0","left":"0","isLinked":false}},"elements":[{"id":"23301835","settings":{"_column_size":50,"_inline_size":18,"ekit_all_conditions_list":[{"_id":"9438ecd"}],"space_between_widgets":0,"_inline_size_mobile":18},"elements":[{"id":"3743280","settings":{"image":{"url":"https:\/\/wpmet.com\/plugin\/shopengine\/demos\/wp-content\/uploads\/sites\/2\/2021\/10\/review_2.png","id":1593,"alt":"","source":"library"},"align":"left","ekit_all_conditions_list":[{"_id":"fee9660"}],"ekit_adv_tooltip_content":"Tooltip Content."},"elements":[],"isInner":false,"widgetType":"image","elType":"widget"}],"isInner":true,"elType":"column"},{"id":"1b5095a9","settings":{"_column_size":50,"_inline_size":81.9980000000000046611603465862572193145751953125,"ekit_all_conditions_list":[{"_id":"6b77656"}],"space_between_widgets":0,"_inline_size_mobile":78},"elements":[{"id":"e9c5e66","settings":{"align":"left","primary_color":"#FFA928","size":{"unit":"px","size":12,"sizes":[]},"_margin":{"unit":"px","top":"2","right":"4","bottom":"-2","left":"0","isLinked":false},"_element_width":"auto","ekit_all_conditions_list":[{"_id":"35e04aa"}],"ekit_adv_tooltip_content":"Tooltip Content."},"elements":[],"isInner":false,"widgetType":"icon","elType":"widget"},{"id":"2ff0d242","settings":{"align":"left","primary_color":"#FFA928","size":{"unit":"px","size":12,"sizes":[]},"_margin":{"unit":"px","top":"2","right":"4","bottom":"-2","left":"0","isLinked":false},"_element_width":"auto","ekit_all_conditions_list":[{"_id":"35e04aa"}],"ekit_adv_tooltip_content":"Tooltip Content."},"elements":[],"isInner":false,"widgetType":"icon","elType":"widget"},{"id":"451d583c","settings":{"align":"left","primary_color":"#FFA928","size":{"unit":"px","size":12,"sizes":[]},"_margin":{"unit":"px","top":"2","right":"4","bottom":"-2","left":"0","isLinked":false},"_element_width":"auto","ekit_all_conditions_list":[{"_id":"35e04aa"}],"ekit_adv_tooltip_content":"Tooltip Content."},"elements":[],"isInner":false,"widgetType":"icon","elType":"widget"},{"id":"759a499a","settings":{"align":"left","primary_color":"#FFA928","size":{"unit":"px","size":12,"sizes":[]},"_margin":{"unit":"px","top":"2","right":"4","bottom":"-2","left":"0","isLinked":false},"_element_width":"auto","ekit_all_conditions_list":[{"_id":"35e04aa"}],"ekit_adv_tooltip_content":"Tooltip Content."},"elements":[],"isInner":false,"widgetType":"icon","elType":"widget"},{"id":"7c59c42e","settings":{"align":"left","primary_color":"#FFA928","size":{"unit":"px","size":12,"sizes":[]},"_margin":{"unit":"px","top":"2","right":"4","bottom":"-2","left":"0","isLinked":false},"_element_width":"auto","ekit_all_conditions_list":[{"_id":"35e04aa"}],"ekit_adv_tooltip_content":"Tooltip Content."},"elements":[],"isInner":false,"widgetType":"icon","elType":"widget"},{"id":"52012062","settings":{"editor":"<p>The wireless hotpot amongst boot the monty happy day william cupa blow butty pardon.<\/p>","text_color":"#586377","typography_typography":"custom","typography_font_family":"Inter","typography_font_size":{"unit":"px","size":15,"sizes":[]},"typography_font_weight":"400","typography_line_height":{"unit":"px","size":24,"sizes":[]},"ekit_all_conditions_list":[{"_id":"722f193"}],"ekit_adv_tooltip_content":"Tooltip Content.","_margin":{"unit":"px","top":"5","right":"0","bottom":"16","left":"0","isLinked":false}},"elements":[],"isInner":false,"widgetType":"text-editor","elType":"widget"},{"id":"2edf88b7","settings":{"title":"Jim S\u00e9chen","title_color":"#007AFF","typography_typography":"custom","typography_font_family":"Inter","typography_font_size":{"unit":"px","size":14,"sizes":[]},"typography_font_weight":"600","typography_line_height":{"unit":"px","size":17,"sizes":[]},"_element_width":"auto","ekit_all_conditions_list":[{"_id":"ba21870"}],"ekit_adv_tooltip_content":"Tooltip Content."},"elements":[],"isInner":false,"widgetType":"heading","elType":"widget"},{"id":"243212c0","settings":{"view":"inline","icon_list":[{"text":"","selected_icon":{"value":"fas fa-circle","library":"fa-solid"},"_id":"13d42b8"}],"icon_align":"center","icon_color":"#586377","icon_size":{"unit":"px","size":5,"sizes":[]},"_margin":{"unit":"px","top":"4","right":"4","bottom":"0","left":"8","isLinked":false},"_element_width":"auto","_element_vertical_align":"center","ekit_all_conditions_list":[{"_id":"9228d4d"}],"ekit_adv_tooltip_content":"Tooltip Content."},"elements":[],"isInner":false,"widgetType":"icon-list","elType":"widget"},{"id":"7065a983","settings":{"title":"October 4, 2021","title_color":"#586377","typography_typography":"custom","typography_font_family":"Inter","typography_font_size":{"unit":"px","size":14,"sizes":[]},"typography_font_weight":"400","typography_line_height":{"unit":"px","size":17,"sizes":[]},"_element_width":"auto","ekit_all_conditions_list":[{"_id":"ba21870"}],"ekit_adv_tooltip_content":"Tooltip Content."},"elements":[],"isInner":false,"widgetType":"heading","elType":"widget"}],"isInner":true,"elType":"column"}],"isInner":true,"elType":"section"}],"isInner":true,"elType":"column"}],"isInner":true,"elType":"section"},{"id":"44cbefa5","settings":{"layout":"full_width","shopengine_multistep_next_button_text":"Next","shopengine_multistep_previous_button_text":"Previous","background_background":"classic","background_color":"#FFFFFF","box_shadow_box_shadow_type":"yes","box_shadow_box_shadow":{"horizontal":0,"vertical":30,"blur":50,"spread":0,"color":"rgba(22, 28.000000000000004, 45, 0.1)"},"margin":{"unit":"px","top":"0","right":0,"bottom":"4","left":0,"isLinked":false},"ekit_all_conditions_list":[{"_id":"1733872"}],"ekit_section_parallax_multi_items":[]},"elements":[{"id":"1b84be16","settings":{"_column_size":100,"_inline_size":null,"align":"center","background_background":"classic","box_shadow_box_shadow":{"horizontal":0,"vertical":30,"blur":50,"spread":0,"color":"rgba(22, 28.000000000000004, 45, 0.1)"},"margin":{"unit":"px","top":"0","right":"0","bottom":"0","left":"0","isLinked":false},"padding":{"unit":"px","top":"45","right":"50","bottom":"43","left":"50","isLinked":false},"ekit_all_conditions_list":[{"_id":"9b9ba6a"}],"space_between_widgets":0,"padding_mobile":{"unit":"px","top":"35","right":"15","bottom":"30","left":"15","isLinked":false}},"elements":[{"id":"213f95e0","settings":{"title":"Billing Details","title_color":"#161C2D","typography_typography":"custom","typography_font_family":"Inter","typography_font_size":{"unit":"px","size":26,"sizes":[]},"typography_font_weight":"700","typography_line_height":{"unit":"px","size":31,"sizes":[]},"_margin":{"unit":"px","top":"0","right":"0","bottom":"40","left":"0","isLinked":false},"ekit_all_conditions_list":[{"_id":"35775d1"}],"ekit_adv_tooltip_content":"Tooltip Content."},"elements":[],"isInner":false,"widgetType":"heading","elType":"widget"},{"id":"3076c9f7","settings":{"shopengine_title_color":"#161C2D","shopengine_title_font_size":{"unit":"px","size":26,"sizes":[]},"shopengine_title_margin":{"unit":"px","top":"0","right":"0","bottom":"0","left":"0","isLinked":false},"shopengine_continer_alignment":"left","shopengine_form_container_padding":{"unit":"px","top":"","right":"","bottom":"","left":"","isLinked":true},"shopengine_input_label_color":"#161C2D","shopengine_input_required_indicator_color":"#CA0436","shopengine_label_font_size":{"unit":"px","size":14,"sizes":[]},"shopengine_input_color":"#7E8084","shopengine_input_font_size":{"unit":"px","size":14,"sizes":[]},"shopengine_input_border_width":{"unit":"px","top":"2","right":"2","bottom":"2","left":"2","isLinked":true},"shopengine_input_border_color":"#F2F3F6","shopengine_input_padding":{"unit":"px","top":"14","right":"16","bottom":"13","left":"22","isLinked":false},"shopengine_typography_primary_font_family":"Inter","shopengine_typography_primary_font_weight":"500","ekit_all_conditions_list":[{"_id":"010fd79"}],"ekit_adv_tooltip_content":"Tooltip Content.","shopengine_form_container_background":"#FFFFFF","shopengine_typography_seconday_font_family":"Inter","shopengine_layout_heading_status":"","shopengine_input_background":"#F2F3F6","shopengine_input_border_focus_border":"solid","shopengine_input_border_focus_width":{"unit":"px","top":"2","right":"2","bottom":"2","left":"2","isLinked":true},"shopengine_input_border_focus_color":"#007AFF","shopengine_input_color_placeholder":"#7E8084","shopengine_typography_primary_text_transform":"capitalize","shopengine_checkout_form_billing_input_border_radius":{"unit":"px","top":"0","right":"0","bottom":"0","left":"0","isLinked":true}},"elements":[],"isInner":false,"widgetType":"shopengine-checkout-form-billing","elType":"widget"},{"id":"53baa2b3","settings":{"shopengine_checkout_form_additional_heading":"","shopengine_checkout_form_additional_label_color":"#161C2D","shopengine_orders_body_text_typography_font_size":{"unit":"px","size":14,"sizes":[]},"shopengine_orders_body_text_typography_font_weight":"600","shopengine_checkout_form_additional_textarea_color":"#7E8084","shopengine_checkout_form_additional_textarea_placeholder_color":"#7E8084","shopengine_checkout_form_additional_textarea_height":{"unit":"px","size":120,"sizes":[]},"shopengine_checkout_form_additional_border_radius":{"unit":"px","top":"0","right":"0","bottom":"0","left":"0","isLinked":true},"shopengine_checkout_form_additional_font_family":"Inter","_margin":{"unit":"px","top":"8","right":"0","bottom":"0","left":"0","isLinked":false},"_padding":{"unit":"px","top":"0","right":"0","bottom":"0","left":"0","isLinked":false},"ekit_all_conditions_list":[{"_id":"b8795a3"}],"ekit_adv_tooltip_content":"Tooltip Content.","shopengine_checkout_form_additional_textarea_bg_color":"#F2F3F6","shopengine_checkout_form_additional_border_width":{"unit":"px","top":"2","right":"2","bottom":"2","left":"2","isLinked":true},"shopengine_checkout_form_additional_border_color":"#F2F3F6","shopengine_checkout_form_additional_textarea_focus_color":"#007AFF"},"elements":[],"isInner":false,"widgetType":"shopengine-checkout-form-additional","elType":"widget"},{"id":"2c0d036c","settings":{"title":"Your Order","title_color":"#161C2D","typography_typography":"custom","typography_font_family":"Inter","typography_font_size":{"unit":"px","size":26,"sizes":[]},"typography_font_weight":"700","typography_line_height":{"unit":"px","size":31,"sizes":[]},"_margin":{"unit":"px","top":"44","right":"0","bottom":"40","left":"0","isLinked":false},"ekit_all_conditions_list":[{"_id":"35775d1"}],"ekit_adv_tooltip_content":"Tooltip Content."},"elements":[],"isInner":false,"widgetType":"heading","elType":"widget"},{"id":"5797ee0e","settings":{"shopengine_orders_header_color":"#161C2D","shopengine_table_header_padding":{"unit":"px","top":"0","right":"0","bottom":"17","left":"0","isLinked":false},"shopengine_table_body_text_color":"#575C65","shopengine_orders_body_background":"#FFFFFF","shopengine_table_body_price_color":"#161C2D","shopengine_orders_body_price_typography_font_weight":"400","shopengine_orders_body_text_typography_font_size":{"unit":"px","size":15,"sizes":[]},"shopengine_orders_body_text_typography_line_height":{"unit":"px","size":"","sizes":[]},"shopengine_footer_text_color":"#161C2D","shopengine_footer_price_color":"#007AFF","shopengine_orders_footer_border_color":"#E8EAEE","shopengine_footer_color_typography_font_size":{"unit":"px","size":15,"sizes":[]},"shopengine_footer_color_typography_font_weight":"500","shopengine_table_footer_data_padding":{"unit":"px","top":"15","right":"0","bottom":"15","left":"0","isLinked":false},"shopengine_checkout_review_order_font_family":"Inter","ekit_all_conditions_list":[{"_id":"9a45b02"}],"ekit_adv_tooltip_content":"Tooltip Content.","shopengine_orders_header_border_color":"#E8EAEE","shopengine_table_body_data_padding":{"unit":"px","top":"14","right":"0","bottom":"15","left":"0","isLinked":false},"shopengine_table_body_image_size":{"unit":"px","size":0,"sizes":[]},"_margin":{"unit":"px","top":"0","right":"0","bottom":"01","left":"0","isLinked":false},"_padding":{"unit":"px","top":"0","right":"0","bottom":"0","left":"0","isLinked":false},"shopengine_orders_items_border_color":"#E8EAEE"},"elements":[],"isInner":false,"widgetType":"shopengine-checkout-review-order","elType":"widget"},{"id":"21216f84","settings":{"shopengine_checkout_coupon_form_info_bg_color":"#FFFFFF","shopengine_checkout_coupon_form_info_typography_font_size":{"unit":"px","size":15,"sizes":[]},"shopengine_checkout_coupon_form_info_typography_font_weight":"400","shopengine_checkout_coupon_form_info_padding":{"unit":"px","top":"12","right":"0","bottom":"10","left":"0","isLinked":false},"shopengine_checkout_coupon_form_description_typography_font_size":{"unit":"px","size":14,"sizes":[]},"shopengine_checkout_coupon_form_description_typography_line_height":{"unit":"px","size":"","sizes":[]},"shopengine_checkout_coupon_form_label_color":"#7E8084","shopengine_checkout_coupon_form_label_border_color":"#E7E7E7","shopengine_checkout_coupon_form_label_radius":{"unit":"px","top":"0","right":"0","bottom":"0","left":"0","isLinked":true},"shopengine_checkout_coupon_form_label_padding":{"unit":"px","top":"4","right":"20","bottom":"3","left":"20","isLinked":false},"shopengine_section_checkout_coupon_form_button_typography_line_height":{"unit":"px","size":19,"sizes":[]},"shopengine_coupon_form_button_background_color":"#161C2D","shopengine_coupon_form_border_width":{"unit":"px","top":"0","right":"0","bottom":"0","left":"0","isLinked":true},"shopengine_coupon_form_border_radius":{"unit":"px","top":"0","right":"0","bottom":"0","left":"0","isLinked":true},"shopengine_coupon_form_button_padding":{"unit":"px","top":"15","right":"40","bottom":"14","left":"40","isLinked":false},"shopengine_coupon_form_font_family":"Inter","_margin":{"unit":"px","top":"-2","right":"0","bottom":"20","left":"0","isLinked":false},"ekit_all_conditions_list":[{"_id":"bb4f26b"}],"ekit_adv_tooltip_content":"Tooltip Content.","shopengine_checkout_coupon_form_info_link_hover_color":"","shopengine_coupon_form_button_background_hover_color":"#007AFF","shopengine_section_checkout_coupon_form_button_typography_text_transform":"capitalize","shopengine_coupon_form_button_hover_color":"#FFFFFF","shopengine_coupon_form_border_color":""},"elements":[],"isInner":false,"widgetType":"shopengine-checkout-coupon-form","elType":"widget"},{"id":"2821a2d2","settings":{"shopengine_payment_label_text_color":"#161C2D","shopengine_payment_label_typography_line_height":{"unit":"px","size":17,"sizes":[]},"shopengine_payment_order_button_radius":{"unit":"px","top":"0","right":"0","bottom":"0","left":"0","isLinked":false},"shopengine_payment_order_button_typography_font_size":{"unit":"px","size":16,"sizes":[]},"shopengine_payment_order_button_typography_text_transform":"capitalize","shopengine_payment_order_button_tabs_normal_bg":"#FF4F81","shopengine_archive_products_font_family":"Inter","_margin":{"unit":"px","top":"-5","right":"0","bottom":"10","left":"0","isLinked":false},"ekit_all_conditions_list":[{"_id":"4c5523a"}],"ekit_adv_tooltip_content":"Tooltip Content.","shopengine_payment_url_clr":"","shopengine_input_border_border":"","shopengine_input_border_width":{"unit":"px","top":"","right":"","bottom":"","left":"","isLinked":true},"shopengine_input_border_color":"#00000000","shopengine_payment_order_button_tabs_hover_bg":"#007AFF","shopengine_payment_url_hover_clr":"","shopengine_payment_description_text_color":"#575C65","shopengine_payment_label_typography_font_weight":"500","shopengine_payment_content_typography_font_size":{"unit":"px","size":14,"sizes":[]},"shopengine_payment_content_typography_line_height":{"unit":"px","size":18,"sizes":[]},"shopengine_payment_order_button_padding":{"unit":"px","top":"16","right":"21","bottom":"15","left":"21","isLinked":false},"shopengine_payment_order_button_typography_line_height":{"unit":"px","size":19,"sizes":[]},"shopengine_payment_method_radio_input_color":"#007AFF"},"elements":[],"isInner":false,"widgetType":"shopengine-checkout-payment","elType":"widget"}],"isInner":true,"elType":"column"}],"isInner":true,"elType":"section"},{"id":"4ad1a00","settings":{"layout":"full_width","shopengine_multistep_next_button_text":"Next","shopengine_multistep_previous_button_text":"Previous","background_background":"classic","background_color":"#FFFFFF","background_color_b":"#2851F3","background_overlay_background":"classic","background_overlay_image":{"url":"","id":"","alt":"","source":"library"},"overlay_blend_mode":"luminosity","box_shadow_box_shadow_type":"yes","box_shadow_box_shadow":{"horizontal":0,"vertical":30,"blur":50,"spread":0,"color":"rgba(22, 28.000000000000004, 45, 0.1)"},"padding":{"unit":"px","top":"50","right":"30","bottom":"40","left":"80","isLinked":false},"ekit_all_conditions_list":[{"_id":"bee74c2"}],"ekit_section_parallax_multi_items":[],"padding_tablet":{"unit":"px","top":"33","right":"33","bottom":"33","left":"33","isLinked":true},"padding_mobile":{"unit":"px","top":"30","right":"15","bottom":"30","left":"15","isLinked":false},"background_overlay_position":"initial","background_overlay_xpos":{"unit":"%","size":50,"sizes":[]},"background_overlay_xpos_tablet":{"unit":"%","size":0,"sizes":[]},"background_overlay_xpos_mobile":{"unit":"%","size":0,"sizes":[]},"background_overlay_ypos":{"unit":"px","size":-570,"sizes":[]},"background_overlay_repeat":"no-repeat","background_overlay_size":"auto"},"elements":[{"id":"6a3cd9f8","settings":{"_column_size":100,"_inline_size":null,"content_position":"center","space_between_widgets":0,"padding":{"unit":"px","top":"0","right":"0","bottom":"0","left":"0","isLinked":false},"ekit_all_conditions_list":[{"_id":"0c380fc"}],"align_mobile":"center","background_background":"classic"},"elements":[{"id":"2c765f20","settings":{"image":{"url":"https:\/\/wpmet.com\/plugin\/shopengine\/demos\/wp-content\/uploads\/sites\/2\/2022\/05\/checkout_money_back_logo_4.png","id":4269,"alt":"","source":"library"},"title_text":"14 Days Refund Policy. <br>100% Money Back. No-Risk.","description_text":"We are here to provide you the whole package, that will make your site lighter, faster, better.","position":"left","image_space":{"unit":"px","size":47,"sizes":[]},"image_size":{"unit":"%","size":32,"sizes":[]},"text_align":"left","title_bottom_space":{"unit":"px","size":18,"sizes":[]},"title_color":"#161C2D","title_typography_typography":"custom","title_typography_font_family":"Inter","title_typography_font_size":{"unit":"px","size":24,"sizes":[]},"title_typography_font_weight":"600","title_typography_line_height":{"unit":"px","size":30,"sizes":[]},"description_color":"#586377","description_typography_typography":"custom","description_typography_font_family":"Inter","description_typography_font_size":{"unit":"px","size":16,"sizes":[]},"description_typography_font_weight":"400","description_typography_line_height":{"unit":"px","size":22,"sizes":[]},"ekit_all_conditions_list":[{"_id":"867f730"}],"ekit_adv_tooltip_content":"Tooltip Content."},"elements":[],"isInner":false,"widgetType":"image-box","elType":"widget"}],"isInner":true,"elType":"column"}],"isInner":true,"elType":"section"}],"isInner":false,"elType":"column"}],"isInner":false,"elType":"section"}],"page_settings":[],"version":"0.4","title":"Checkout design 6","type":"page"}