{"content":[{"id":"1317ee88","settings":{"structure":"20","background_background":"classic","background_color":"#F7F8FB","padding":{"unit":"px","top":"100","right":"0","bottom":"100","left":"0","isLinked":false},"ekit_all_conditions_list":[{"_id":"567dd02"}],"ekit_section_parallax_multi_items":[]},"elements":[{"id":"38779d8","settings":{"_column_size":50,"_inline_size":null,"space_between_widgets":0,"padding":{"unit":"px","top":"0","right":"15","bottom":"0","left":"15","isLinked":false},"ekit_all_conditions_list":[{"_id":"09825a8"}]},"elements":[{"id":"1a782ecb","settings":{"shopengine_title_alignment":"center","shopengine_title_font_size_typography":"custom","shopengine_title_font_size_font_family":"Barlow","shopengine_title_font_size_font_size":{"unit":"px","size":20,"sizes":[]},"shopengine_title_font_size_font_weight":"600","shopengine_title_font_size_text_transform":"uppercase","shopengine_title_font_size_line_height":{"unit":"px","size":18,"sizes":[]},"shopengine_title_margin":{"unit":"px","top":"0","right":"0","bottom":"15","left":"0","isLinked":false},"shopengine_form_container_background_background":"classic","shopengine_form_container_background_color":"#FFFFFF","shopengine_form_container_padding":{"unit":"px","top":"26","right":"37","bottom":"26","left":"37","isLinked":false},"shopengine_form_container_border_border":"solid","shopengine_form_container_border_width":{"unit":"px","top":"0","right":"0","bottom":"0","left":"0","isLinked":true},"shopengine_input_required_indicator_color":"#FF0000","shopengine_input_label_margin":{"unit":"px","top":"0","right":"0","bottom":"0","left":"0","isLinked":false},"shopengine_button_margin":{"unit":"px","top":"12","right":"0","bottom":"23","left":"0","isLinked":false},"shopengine_typography_primary_typography":"custom","shopengine_typography_primary_font_family":"Barlow","shopengine_typography_primary_font_size":{"unit":"px","size":15,"sizes":[]},"shopengine_typography_primary_font_weight":"500","shopengine_typography_primary_line_height":{"unit":"px","size":"","sizes":[]},"shopengine_typography_seconday_typography":"custom","shopengine_form_container_padding_mobile":{"unit":"px","top":"20","right":"20","bottom":"20","left":"20","isLinked":true},"shopengine_button_margin_mobile":{"unit":"px","top":"10","right":"0","bottom":"15","left":"0","isLinked":false},"ekit_all_conditions_list":[{"_id":"80960bb"}],"ekit_adv_tooltip_content":"Tooltip Content.","shopengine_input_label_font_size":{"unit":"px","size":15,"sizes":[]},"shopengine_input_background_background":"classic","shopengine_input_background_color":"#FFFFFF","shopengine_button_color":"#FFFFFF","shopengine_button_bg":"#3A3A3A","shopengine_button_bg_hover":"#F03D3F","shopengine_button_border_radius":{"unit":"px","top":"0","right":"0","bottom":"0","left":"0","isLinked":true},"shopengine_input_lost_password_color":"","shopengine_product_categories_font_family":"Barlow","_padding":{"unit":"px","top":"27","right":"37","bottom":"37","left":"37","isLinked":false},"_background_background":"classic","_background_color":"#FFFFFF"},"elements":[],"isInner":false,"widgetType":"shopengine-account-form-login","elType":"widget"}],"isInner":false,"elType":"column"},{"id":"2cf3728e","settings":{"_column_size":50,"_inline_size":null,"space_between_widgets":0,"padding":{"unit":"px","top":"0","right":"15","bottom":"0","left":"15","isLinked":false},"ekit_all_conditions_list":[{"_id":"8f560a9"}]},"elements":[{"id":"6b0f6df9","settings":{"shopengine_title_alignment":"center","shopengine_title_color":"#101010","shopengine_title__typography_typography":"custom","shopengine_title__typography_font_family":"Barlow","shopengine_title__typography_font_size":{"unit":"px","size":20,"sizes":[]},"shopengine_title__typography_font_weight":"600","shopengine_title__typography_line_height":{"unit":"px","size":18,"sizes":[]},"shopengine_title_margin":{"unit":"px","top":"0","right":"0","bottom":"15","left":"0","isLinked":false},"shopengine_form_container_background":"#FFFFFF","shopengine_form_container_padding":{"unit":"px","top":"37","right":"40","bottom":"25","left":"40","isLinked":false},"shopengine_form_container_border_border":"solid","shopengine_form_container_border_width":{"unit":"px","top":"0","right":"0","bottom":"0","left":"0","isLinked":true},"shopengine_input_required_indicator_color":"#FF0000","shopengine_input_label_margin":{"unit":"px","top":"0","right":"0","bottom":"4","left":"0","isLinked":false},"shopengine_button_margin":{"unit":"px","top":"12","right":"0","bottom":"23","left":"0","isLinked":false},"shopengine_typography_primary_typography":"custom","shopengine_typography_primary_font_family":"Barlow","shopengine_typography_primary_font_size":{"unit":"px","size":15,"sizes":[]},"shopengine_typography_primary_font_weight":"500","shopengine_typography_primary_line_height":{"unit":"px","size":"","sizes":[]},"shopengine_form_container_padding_mobile":{"unit":"px","top":"20","right":"20","bottom":"20","left":"20","isLinked":true},"ekit_all_conditions_list":[{"_id":"80960bb"}],"ekit_adv_tooltip_content":"Tooltip Content.","shopengine_input_label_color":"","shopengine_input_label_font_size":{"unit":"px","size":15,"sizes":[]},"shopengine_input_color":"#000000","shopengine_button_color":"#FFFFFF","shopengine_button_bg":"#3A3A3A","shopengine_button_bg_hover":"#F03D3F","shopengine_button_padding":{"unit":"px","top":"15","right":"30","bottom":"15","left":"30","isLinked":true},"shopengine_product_categories_font_family":"Barlow","_padding":{"unit":"px","top":"27","right":"37","bottom":"37","left":"37","isLinked":false},"_background_background":"classic","_background_color":"#FFFFFF"},"elements":[],"isInner":false,"widgetType":"shopengine-account-form-register","elType":"widget"}],"isInner":false,"elType":"column"}],"isInner":false,"elType":"section"}],"page_settings":[],"version":"0.4","title":"content.json","type":"page"}