{"content":[{"id":"ad0fc35","settings":{"ekit_all_conditions_list":[{"_id":"ca87791"}],"ekit_section_parallax_multi_items":[],"margin":{"unit":"px","top":"0","right":0,"bottom":"0","left":0,"isLinked":false},"margin_tablet":{"unit":"px","top":"","right":0,"bottom":"","left":0,"isLinked":true},"padding":{"unit":"px","top":"75","right":"0","bottom":"83","left":"0","isLinked":false},"background_background":"classic","shopengine_multistep_next_button_text":"Next","shopengine_multistep_previous_button_text":"Previous","content_width":{"unit":"px","size":1230,"sizes":[]},"background_image":{"url":"https:\/\/wpmet.com\/plugin\/shopengine\/demos\/wp-content\/uploads\/sites\/2\/2021\/10\/checkout_bg_04.jpg","id":5613,"alt":"","source":"library"},"background_position":"initial","background_ypos":{"unit":"px","size":-75,"sizes":[]},"background_repeat":"no-repeat","background_size":"cover","background_overlay_background":"classic","background_overlay_color":"#161C2D","background_overlay_opacity":{"unit":"px","size":0.59999999999999997779553950749686919152736663818359375,"sizes":[]}},"elements":[{"id":"702bb0db","settings":{"_column_size":100,"_inline_size":null,"ekit_all_conditions_list":[{"_id":"b3af7a1"}],"space_between_widgets":0,"padding":{"unit":"px","top":"0","right":"15","bottom":"0","left":"15","isLinked":false}},"elements":[{"id":"3e6d06dc","settings":{"title":"Checkout","align":"center","title_color":"#FFFFFF","typography_typography":"custom","typography_font_family":"Inter","typography_font_size":{"unit":"px","size":60,"sizes":[]},"typography_font_weight":"700","typography_line_height":{"unit":"px","size":73,"sizes":[]},"ekit_all_conditions_list":[{"_id":"f7b94a0"}],"ekit_adv_tooltip_content":"Tooltip Content.","typography_font_size_mobile":{"unit":"px","size":45,"sizes":[]}},"elements":[],"isInner":false,"widgetType":"heading","elType":"widget"},{"id":"4b1540db","settings":{"view":"inline","icon_list":[{"text":"Home","selected_icon":{"value":"","library":""},"_id":"62f6f27","link":{"url":"https:\/\/wpmet.com\/plugin\/shopengine\/","is_external":"","nofollow":"","custom_attributes":""}},{"_id":"db998f8","text":"Shopping","selected_icon":{"value":"fas fa-circle","library":"fa-solid"},"link":{"url":"#","is_external":"","nofollow":"","custom_attributes":""}},{"text":"Checkout","selected_icon":{"value":"fas fa-circle","library":"fa-solid"},"_id":"73eacaa"}],"space_between":{"unit":"px","size":10,"sizes":[]},"icon_align":"center","icon_color":"#FFFFFF","icon_size":{"unit":"px","size":4,"sizes":[]},"icon_self_align":"center","text_color":"#FFFFFF","text_indent":{"unit":"px","size":10,"sizes":[]},"icon_typography_typography":"custom","icon_typography_font_family":"Inter","icon_typography_font_size":{"unit":"px","size":14,"sizes":[]},"icon_typography_font_weight":"500","icon_typography_line_height":{"unit":"px","size":17,"sizes":[]},"_margin":{"unit":"px","top":"2","right":"0","bottom":"0","left":"0","isLinked":false},"ekit_all_conditions_list":[{"_id":"0ad817e"}],"ekit_adv_tooltip_content":"Tooltip Content."},"elements":[],"isInner":false,"widgetType":"icon-list","elType":"widget"}],"isInner":false,"elType":"column"}],"isInner":false,"elType":"section"},{"id":"3cbc0e5d","settings":{"shopengine_multistep_next_button_text":"Next","shopengine_multistep_previous_button_text":"Previous","ekit_all_conditions_list":[{"_id":"7961c26"}],"ekit_section_parallax_multi_items":[],"content_width":{"unit":"px","size":1230,"sizes":[]}},"elements":[{"id":"c70ecf1","settings":{"_column_size":100,"_inline_size":null,"ekit_all_conditions_list":[{"_id":"4129aad"}],"space_between_widgets":0,"padding":{"unit":"px","top":"0","right":"15","bottom":"0","left":"15","isLinked":false}},"elements":[{"id":"21523711","settings":{"ekit_all_conditions_list":[{"_id":"25206a1"}],"ekit_adv_tooltip_content":"Tooltip Content.","_margin":{"unit":"px","top":"0","right":"0","bottom":"-32","left":"0","isLinked":false}},"elements":[],"isInner":false,"widgetType":"shopengine-notice","elType":"widget"}],"isInner":false,"elType":"column"}],"isInner":false,"elType":"section"},{"id":"77a0b5f9","settings":{"structure":"20","margin":{"unit":"px","top":"119","right":0,"bottom":"120","left":0,"isLinked":false},"ekit_all_conditions_list":[{"_id":"5ffd3af"}],"ekit_section_parallax_multi_items":[],"padding":{"unit":"px","top":"0","right":"10","bottom":"0","left":"10","isLinked":false},"shopengine_multistep_next_button_text":"Next","shopengine_multistep_previous_button_text":"Previous"},"elements":[{"id":"670ceca2","settings":{"_column_size":50,"_inline_size":57.6400000000000005684341886080801486968994140625,"background_background":"classic","background_color":"#F8F8F8","margin":{"unit":"px","top":"0","right":"5","bottom":"0","left":"0","isLinked":false},"padding":{"unit":"px","top":"36","right":"36","bottom":"36","left":"36","isLinked":true},"ekit_all_conditions_list":[{"_id":"69e133d"}]},"elements":[{"id":"602510c7","settings":{"shopengine_title_color":"#161C2D","shopengine_title_font_size":{"unit":"px","size":26,"sizes":[]},"shopengine_title_margin":{"unit":"px","top":"0","right":"0","bottom":"0","left":"0","isLinked":false},"shopengine_continer_alignment":"left","shopengine_form_container_padding":{"unit":"px","top":"25","right":"0","bottom":"0","left":"0","isLinked":false},"shopengine_input_label_color":"#161C2D","shopengine_input_required_indicator_color":"#CA0436","shopengine_label_font_size":{"unit":"px","size":14,"sizes":[]},"shopengine_input_color":"#7E8084","shopengine_input_font_size":{"unit":"px","size":14,"sizes":[]},"shopengine_input_border_width":{"unit":"px","top":"0","right":"0","bottom":"0","left":"0","isLinked":true},"shopengine_input_border_color":"#7E8084","shopengine_input_padding":{"unit":"px","top":"16","right":"16","bottom":"15","left":"16","isLinked":false},"shopengine_typography_primary_font_family":"Inter","shopengine_typography_primary_font_weight":"600","ekit_all_conditions_list":[{"_id":"010fd79"}],"ekit_adv_tooltip_content":"Tooltip Content.","shopengine_form_container_background":"","shopengine_typography_seconday_font_family":"Inter","shopengine_checkout_form_billing_input_border_radius":{"unit":"px","top":"6","right":"6","bottom":"6","left":"6","isLinked":true}},"elements":[],"isInner":false,"widgetType":"shopengine-checkout-form-billing","elType":"widget"},{"id":"53752ea","settings":{"shopengine_checkout_form_additional_heading":"","shopengine_checkout_form_additional_label_color":"#161C2D","shopengine_orders_body_text_typography_font_size":{"unit":"px","size":14,"sizes":[]},"shopengine_orders_body_text_typography_font_weight":"600","shopengine_checkout_form_additional_textarea_color":"#7E8084","shopengine_checkout_form_additional_textarea_placeholder_color":"#7E8084","shopengine_checkout_form_additional_textarea_height":{"unit":"px","size":125,"sizes":[]},"shopengine_checkout_form_additional_border_radius":{"unit":"px","top":"6","right":"6","bottom":"6","left":"6","isLinked":true},"shopengine_checkout_form_additional_font_family":"Inter","_margin":{"unit":"px","top":"-10","right":"0","bottom":"0","left":"0","isLinked":false},"_padding":{"unit":"px","top":"0","right":"0","bottom":"0","left":"0","isLinked":false},"ekit_all_conditions_list":[{"_id":"b8795a3"}],"ekit_adv_tooltip_content":"Tooltip Content."},"elements":[],"isInner":false,"widgetType":"shopengine-checkout-form-additional","elType":"widget"},{"id":"25116041","settings":{"title":"Your order","title_color":"#161C2D","typography_typography":"custom","typography_font_family":"Inter","typography_font_size":{"unit":"px","size":26,"sizes":[]},"typography_font_weight":"700","typography_text_transform":"capitalize","_margin":{"unit":"px","top":"24","right":"0","bottom":"20","left":"0","isLinked":false},"ekit_all_conditions_list":[{"_id":"350651b"}],"ekit_adv_tooltip_content":"Tooltip Content."},"elements":[],"isInner":false,"widgetType":"heading","elType":"widget"},{"id":"4d907b1e","settings":{"shopengine_orders_header_color":"#161C2D","shopengine_table_header_padding":{"unit":"px","top":"0","right":"15","bottom":"14","left":"0","isLinked":false},"shopengine_table_body_text_color":"#575C65","shopengine_orders_body_background":"","shopengine_table_body_price_color":"#161C2D","shopengine_orders_body_price_typography_font_weight":"400","shopengine_orders_body_text_typography_font_size":{"unit":"px","size":15,"sizes":[]},"shopengine_orders_body_text_typography_line_height":{"unit":"px","size":"","sizes":[]},"shopengine_table_body_spacing":{"unit":"px","size":-5,"sizes":[]},"shopengine_footer_text_color":"#161C2D","shopengine_footer_price_color":"#2851F3","shopengine_orders_footer_border_color":"#D3D3D3","shopengine_footer_color_typography_font_size":{"unit":"px","size":15,"sizes":[]},"shopengine_footer_color_typography_font_weight":"600","shopengine_table_footer_data_padding":{"unit":"px","top":"15","right":"15","bottom":"15","left":"0","isLinked":false},"shopengine_checkout_review_order_font_family":"Inter","ekit_all_conditions_list":[{"_id":"9a45b02"}],"ekit_adv_tooltip_content":"Tooltip Content.","shopengine_table_header_spacing":{"unit":"px","size":14,"sizes":[]},"shopengine_orders_header_border_shadow_color":"#00000000","shopengine_orders_items_border_shadow_color":"#00000000","shopengine_orders_footer_border_shadow_color":"#00000000"},"elements":[],"isInner":false,"widgetType":"shopengine-checkout-review-order","elType":"widget"},{"id":"5f1c85f5","settings":{"ekit_all_conditions_list":[{"_id":"7dbc943"}],"ekit_adv_tooltip_content":"Tooltip Content.","hide_desktop":"hidden-desktop","hide_tablet":"hidden-tablet","hide_mobile":"hidden-mobile"},"elements":[],"isInner":false,"widgetType":"shopengine-checkout-shipping-methods","elType":"widget"},{"id":"6cfb835d","settings":{"shopengine_checkout_coupon_form_info_bg_color":"#F8F8F8","shopengine_checkout_coupon_form_info_typography_font_size":{"unit":"px","size":15,"sizes":[]},"shopengine_checkout_coupon_form_info_typography_font_weight":"600","shopengine_checkout_coupon_form_info_padding":{"unit":"px","top":"14","right":"0","bottom":"14","left":"0","isLinked":false},"shopengine_checkout_coupon_form_description_typography_font_size":{"unit":"px","size":14,"sizes":[]},"shopengine_checkout_coupon_form_description_typography_line_height":{"unit":"px","size":"","sizes":[]},"shopengine_checkout_coupon_form_label_color":"#7E8084","shopengine_checkout_coupon_form_label_border_width":{"unit":"px","top":"0","right":"0","bottom":"0","left":"0","isLinked":true},"shopengine_checkout_coupon_form_label_border_color":"#7E8084","shopengine_checkout_coupon_form_label_radius":{"unit":"px","top":"6","right":"6","bottom":"6","left":"6","isLinked":true},"shopengine_checkout_coupon_form_label_padding":{"unit":"px","top":"5","right":"20","bottom":"5","left":"020","isLinked":false},"shopengine_section_checkout_coupon_form_button_typography_font_weight":"600","shopengine_section_checkout_coupon_form_button_typography_line_height":{"unit":"px","size":"","sizes":[]},"shopengine_coupon_form_button_background_color":"#FF3566","shopengine_coupon_form_border_width":{"unit":"px","top":"0","right":"0","bottom":"0","left":"0","isLinked":true},"shopengine_coupon_form_border_radius":{"unit":"px","top":"6","right":"6","bottom":"6","left":"6","isLinked":true},"shopengine_coupon_form_button_padding":{"unit":"px","top":"17","right":"025","bottom":"17","left":"25","isLinked":false},"shopengine_coupon_form_font_family":"Inter","_margin":{"unit":"px","top":"-10","right":"0","bottom":"0","left":"0","isLinked":false},"ekit_all_conditions_list":[{"_id":"bb4f26b"}],"ekit_adv_tooltip_content":"Tooltip Content."},"elements":[],"isInner":false,"widgetType":"shopengine-checkout-coupon-form","elType":"widget"},{"id":"17b6d23d","settings":{"shopengine_payment_label_text_color":"#161C2D","shopengine_payment_label_typography_line_height":{"unit":"px","size":17,"sizes":[]},"shopengine_payment_order_button_radius":{"unit":"px","top":"6","right":"6","bottom":"6","left":"6","isLinked":true},"shopengine_payment_order_button_typography_font_size":{"unit":"px","size":16,"sizes":[]},"shopengine_payment_order_button_typography_font_weight":"600","shopengine_payment_order_button_typography_text_transform":"capitalize","shopengine_payment_order_button_tabs_normal_bg":"#2851F3","shopengine_archive_products_font_family":"Inter","_margin":{"unit":"px","top":"-10","right":"0","bottom":"10","left":"0","isLinked":false},"ekit_all_conditions_list":[{"_id":"4c5523a"}],"ekit_adv_tooltip_content":"Tooltip Content.","shopengine_payment_method_radio_input_color":"#2851F3"},"elements":[],"isInner":false,"widgetType":"shopengine-checkout-payment","elType":"widget"}],"isInner":false,"elType":"column"},{"id":"4c996415","settings":{"_column_size":50,"_inline_size":42.1989999999999980673237587325274944305419921875,"background_background":"classic","background_color":"#F8F8F8","margin":{"unit":"px","top":"0","right":"0","bottom":"0","left":"5","isLinked":false},"padding":{"unit":"px","top":"36","right":"36","bottom":"36","left":"36","isLinked":true},"ekit_all_conditions_list":[{"_id":"4da3f4d"}],"align":"center"},"elements":[{"id":"4da6714","settings":{"image":{"url":"https:\/\/wpmet.com\/plugin\/shopengine\/demos\/wp-content\/uploads\/sites\/2\/2021\/10\/money-back-guarantee.png","id":2653,"alt":"","source":"library"},"title_text":"14 Days Refund Policy.<br>100% Money Back. No-Risk.","description_text":"","position":"left","content_vertical_alignment":"middle","title_bottom_space":{"unit":"px","size":0,"sizes":[]},"title_bottom_space_tablet":{"unit":"px","size":0,"sizes":[]},"title_color":"#161C2D","title_typography_typography":"custom","title_typography_font_family":"Inter","title_typography_font_size":{"unit":"px","size":20,"sizes":[]},"title_typography_font_size_tablet":{"unit":"px","size":13,"sizes":[]},"title_typography_font_weight":"600","title_typography_line_height":{"unit":"px","size":30,"sizes":[]},"_margin":{"unit":"px","top":"0","right":"0","bottom":"12","left":"0","isLinked":false},"_padding":{"unit":"px","top":"20","right":"20","bottom":"20","left":"20","isLinked":true},"ekit_all_conditions_list":[{"_id":"57d5263"}],"ekit_adv_tooltip_content":"Tooltip Content.","_background_background":"classic","_background_color":"#FFFFFF","_border_radius":{"unit":"px","top":"6","right":"6","bottom":"6","left":"6","isLinked":true},"_box_shadow_box_shadow_type":"yes","_box_shadow_box_shadow":{"horizontal":0,"vertical":1,"blur":3,"spread":0,"color":"rgba(22, 28.000000000000004, 45, 0.14)"},"description_color":"#7A7A7A","description_typography_typography":"custom","description_typography_font_family":"Roboto","description_typography_font_size":{"unit":"px","size":16,"sizes":[]},"description_typography_font_weight":"500","description_typography_line_height":{"unit":"px","size":19,"sizes":[]}},"elements":[],"isInner":false,"widgetType":"image-box","elType":"widget"},{"id":"552616bd","settings":{"selected_icon":{"value":"fas fa-shield-alt","library":"fa-solid"},"title_text":"We Protect<br>Your Privacy","description_text":"","icon_size":{"unit":"px","size":39,"sizes":[]},"text_align":"center","content_vertical_alignment":"middle","title_bottom_space":{"unit":"px","size":0,"sizes":[]},"title_color":"#161C2D","title_typography_typography":"custom","title_typography_font_family":"Inter","title_typography_font_size":{"unit":"px","size":15,"sizes":[]},"title_typography_font_weight":"600","title_typography_line_height":{"unit":"px","size":20,"sizes":[]},"_padding":{"unit":"px","top":"20","right":"20","bottom":"20","left":"20","isLinked":true},"ekit_all_conditions_list":[{"_id":"57d5263"}],"ekit_adv_tooltip_content":"Tooltip Content.","_background_color":"#FFFFFF","_border_radius":{"unit":"px","top":"6","right":"6","bottom":"6","left":"6","isLinked":true},"_box_shadow_box_shadow":{"horizontal":0,"vertical":1,"blur":3,"spread":0,"color":"rgba(22, 28.000000000000004, 45, 0.14)"},"_element_width":"auto","primary_color":"#2851F3","description_color":"#7A7A7A","description_typography_typography":"custom","description_typography_font_family":"Roboto","description_typography_font_size":{"unit":"px","size":16,"sizes":[]},"description_typography_font_weight":"500","description_typography_line_height":{"unit":"px","size":19,"sizes":[]}},"elements":[],"isInner":false,"widgetType":"icon-box","elType":"widget"},{"id":"2f49e7b","settings":{"selected_icon":{"value":"fas fa-user-lock","library":"fa-solid"},"title_text":"We Protect<br>Your Privacy","description_text":"","icon_size":{"unit":"px","size":39,"sizes":[]},"text_align":"center","content_vertical_alignment":"middle","title_bottom_space":{"unit":"px","size":0,"sizes":[]},"title_color":"#161C2D","title_typography_typography":"custom","title_typography_font_family":"Inter","title_typography_font_size":{"unit":"px","size":15,"sizes":[]},"title_typography_font_weight":"600","title_typography_line_height":{"unit":"px","size":20,"sizes":[]},"_padding":{"unit":"px","top":"20","right":"20","bottom":"20","left":"20","isLinked":true},"ekit_all_conditions_list":[{"_id":"57d5263"}],"ekit_adv_tooltip_content":"Tooltip Content.","_background_color":"#FFFFFF","_border_radius":{"unit":"px","top":"6","right":"6","bottom":"6","left":"6","isLinked":true},"_box_shadow_box_shadow":{"horizontal":0,"vertical":1,"blur":3,"spread":0,"color":"rgba(22, 28.000000000000004, 45, 0.14)"},"_element_width":"auto","primary_color":"#2851F3","description_color":"#7A7A7A","description_typography_typography":"custom","description_typography_font_family":"Roboto","description_typography_font_size":{"unit":"px","size":16,"sizes":[]},"description_typography_font_weight":"500","description_typography_line_height":{"unit":"px","size":19,"sizes":[]}},"elements":[],"isInner":false,"widgetType":"icon-box","elType":"widget"},{"id":"28882b54","settings":{"selected_icon":{"value":"fas fa-lock","library":"fa-solid"},"title_text":"We Protect<br>Your Privacy","description_text":"","icon_size":{"unit":"px","size":39,"sizes":[]},"text_align":"center","content_vertical_alignment":"middle","title_bottom_space":{"unit":"px","size":0,"sizes":[]},"title_color":"#161C2D","title_typography_typography":"custom","title_typography_font_family":"Inter","title_typography_font_size":{"unit":"px","size":15,"sizes":[]},"title_typography_font_weight":"600","title_typography_line_height":{"unit":"px","size":20,"sizes":[]},"_padding":{"unit":"px","top":"20","right":"20","bottom":"20","left":"20","isLinked":true},"ekit_all_conditions_list":[{"_id":"57d5263"}],"ekit_adv_tooltip_content":"Tooltip Content.","_background_color":"#FFFFFF","_border_radius":{"unit":"px","top":"6","right":"6","bottom":"6","left":"6","isLinked":true},"_box_shadow_box_shadow":{"horizontal":0,"vertical":1,"blur":3,"spread":0,"color":"rgba(22, 28.000000000000004, 45, 0.14)"},"_element_width":"auto","primary_color":"#2851F3","description_color":"#7A7A7A","description_typography_typography":"custom","description_typography_font_family":"Roboto","description_typography_font_size":{"unit":"px","size":16,"sizes":[]},"description_typography_font_weight":"500","description_typography_line_height":{"unit":"px","size":19,"sizes":[]}},"elements":[],"isInner":false,"widgetType":"icon-box","elType":"widget"},{"id":"59135b83","settings":{"text":"Divider","color":"#E7E7E7","ekit_all_conditions_list":[{"_id":"06c1b10"}],"ekit_adv_tooltip_content":"Tooltip Content."},"elements":[],"isInner":false,"widgetType":"divider","elType":"widget"},{"id":"74a8647a","settings":{"title":"Success Stories","header_size":"h3","title_color":"#161C2D","typography_typography":"custom","typography_font_family":"Inter","typography_font_size":{"unit":"px","size":18,"sizes":[]},"typography_font_weight":"600","ekit_all_conditions_list":[{"_id":"71ae498"}],"ekit_adv_tooltip_content":"Tooltip Content.","_margin":{"unit":"px","top":"016","right":"0","bottom":"0","left":"0","isLinked":false}},"elements":[],"isInner":false,"widgetType":"heading","elType":"widget"},{"id":"3350096b","settings":{"layout":"full_width","gap":"no","structure":"20","margin":{"unit":"px","top":"6","right":0,"bottom":"0","left":0,"isLinked":false},"ekit_all_conditions_list":[{"_id":"4dc5621"}],"ekit_section_parallax_multi_items":[],"shopengine_multistep_next_button_text":"Next","shopengine_multistep_previous_button_text":"Previous"},"elements":[{"id":"35c358c8","settings":{"_column_size":50,"_inline_size":14.108000000000000540012479177676141262054443359375,"ekit_all_conditions_list":[{"_id":"9438ecd"}]},"elements":[{"id":"3cbde44d","settings":{"image":{"url":"https:\/\/wpmet.com\/plugin\/shopengine\/demos\/wp-content\/uploads\/sites\/2\/2021\/10\/review_1.png","id":1592,"alt":"","source":"library"},"align":"left","ekit_all_conditions_list":[{"_id":"fee9660"}],"ekit_adv_tooltip_content":"Tooltip Content."},"elements":[],"isInner":false,"widgetType":"image","elType":"widget"}],"isInner":true,"elType":"column"},{"id":"612b9b94","settings":{"_column_size":50,"_inline_size":85.8900000000000005684341886080801486968994140625,"ekit_all_conditions_list":[{"_id":"6b77656"}]},"elements":[{"id":"6cecafda","settings":{"image":{"url":"https:\/\/wpmet.com\/plugin\/shopengine\/demos\/wp-content\/uploads\/sites\/2\/2021\/10\/star.png","id":1591,"alt":"","source":"library"},"align":"left","ekit_all_conditions_list":[{"_id":"721b334"}],"ekit_adv_tooltip_content":"Tooltip Content.","_element_width":"auto","_element_vertical_align":"center"},"elements":[],"isInner":false,"widgetType":"image","elType":"widget"},{"id":"74b92b38","settings":{"image":{"url":"https:\/\/wpmet.com\/plugin\/shopengine\/demos\/wp-content\/uploads\/sites\/2\/2021\/10\/star.png","id":1591,"alt":"","source":"library"},"align":"left","_margin":{"unit":"px","top":"0","right":"0","bottom":"0","left":"04","isLinked":false},"ekit_all_conditions_list":[{"_id":"721b334"}],"ekit_adv_tooltip_content":"Tooltip Content.","_element_width":"auto","_element_vertical_align":"center"},"elements":[],"isInner":false,"widgetType":"image","elType":"widget"},{"id":"5886abc3","settings":{"image":{"url":"https:\/\/wpmet.com\/plugin\/shopengine\/demos\/wp-content\/uploads\/sites\/2\/2021\/10\/star.png","id":1591,"alt":"","source":"library"},"align":"left","_margin":{"unit":"px","top":"0","right":"0","bottom":"0","left":"04","isLinked":false},"ekit_all_conditions_list":[{"_id":"721b334"}],"ekit_adv_tooltip_content":"Tooltip Content.","_element_width":"auto","_element_vertical_align":"center"},"elements":[],"isInner":false,"widgetType":"image","elType":"widget"},{"id":"3ffb7373","settings":{"image":{"url":"https:\/\/wpmet.com\/plugin\/shopengine\/demos\/wp-content\/uploads\/sites\/2\/2021\/10\/star.png","id":1591,"alt":"","source":"library"},"align":"left","_margin":{"unit":"px","top":"0","right":"0","bottom":"0","left":"04","isLinked":false},"ekit_all_conditions_list":[{"_id":"721b334"}],"ekit_adv_tooltip_content":"Tooltip Content.","_element_width":"auto","_element_vertical_align":"center"},"elements":[],"isInner":false,"widgetType":"image","elType":"widget"},{"id":"33fee92","settings":{"image":{"url":"https:\/\/wpmet.com\/plugin\/shopengine\/demos\/wp-content\/uploads\/sites\/2\/2021\/10\/star.png","id":1591,"alt":"","source":"library"},"align":"left","_margin":{"unit":"px","top":"0","right":"0","bottom":"0","left":"04","isLinked":false},"ekit_all_conditions_list":[{"_id":"721b334"}],"ekit_adv_tooltip_content":"Tooltip Content.","_element_width":"auto","_element_vertical_align":"center"},"elements":[],"isInner":false,"widgetType":"image","elType":"widget"},{"id":"47a7baf","settings":{"editor":"<p>The wireless hotpot amongst boot the monty happy days william cuppa blow off, butty pardon you twit porkies jolly good up the kyver.<\/p>","text_color":"#586377","typography_typography":"custom","typography_font_family":"Inter","typography_font_size":{"unit":"px","size":15,"sizes":[]},"typography_font_weight":"400","typography_line_height":{"unit":"px","size":24,"sizes":[]},"ekit_all_conditions_list":[{"_id":"722f193"}],"ekit_adv_tooltip_content":"Tooltip Content."},"elements":[],"isInner":false,"widgetType":"text-editor","elType":"widget"},{"id":"1e4acb36","settings":{"selected_icon":{"value":"","library":""},"title_text":"Samuel Serif","description_text":"UX Design","text_align":"left","title_bottom_space":{"unit":"px","size":0,"sizes":[]},"title_color":"#161C2D","title_typography_typography":"custom","title_typography_font_family":"Inter","title_typography_font_size":{"unit":"px","size":15,"sizes":[]},"title_typography_font_weight":"600","title_typography_line_height":{"unit":"px","size":24,"sizes":[]},"description_color":"#586377","description_typography_typography":"custom","description_typography_font_family":"Inter","description_typography_font_size":{"unit":"px","size":14,"sizes":[]},"description_typography_font_weight":"400","_margin":{"unit":"px","top":"-17","right":"0","bottom":"0","left":"0","isLinked":false},"ekit_all_conditions_list":[{"_id":"078c25b"}],"ekit_adv_tooltip_content":"Tooltip Content."},"elements":[],"isInner":false,"widgetType":"icon-box","elType":"widget"},{"id":"4bffcab6","settings":{"text":"Divider","color":"#E7E7E7","gap":{"unit":"px","size":6,"sizes":[]},"_margin":{"unit":"px","top":"0","right":"0","bottom":"0","left":"0","isLinked":false},"_padding":{"unit":"px","top":"0","right":"0","bottom":"0","left":"0","isLinked":false},"ekit_all_conditions_list":[{"_id":"06c1b10"}],"ekit_adv_tooltip_content":"Tooltip Content."},"elements":[],"isInner":false,"widgetType":"divider","elType":"widget"}],"isInner":true,"elType":"column"}],"isInner":true,"elType":"section"},{"id":"262bae83","settings":{"layout":"full_width","gap":"no","structure":"20","margin":{"unit":"px","top":"024","right":0,"bottom":"0","left":0,"isLinked":false},"ekit_all_conditions_list":[{"_id":"4dc5621"}],"ekit_section_parallax_multi_items":[],"shopengine_multistep_next_button_text":"Next","shopengine_multistep_previous_button_text":"Previous"},"elements":[{"id":"4a11017b","settings":{"_column_size":50,"_inline_size":14.108000000000000540012479177676141262054443359375,"ekit_all_conditions_list":[{"_id":"9438ecd"}]},"elements":[{"id":"4d552724","settings":{"image":{"url":"https:\/\/wpmet.com\/plugin\/shopengine\/demos\/wp-content\/uploads\/sites\/2\/2021\/10\/review_2.png","id":1593,"alt":"","source":"library"},"align":"left","ekit_all_conditions_list":[{"_id":"fee9660"}],"ekit_adv_tooltip_content":"Tooltip Content."},"elements":[],"isInner":false,"widgetType":"image","elType":"widget"}],"isInner":true,"elType":"column"},{"id":"269783e6","settings":{"_column_size":50,"_inline_size":85.8900000000000005684341886080801486968994140625,"ekit_all_conditions_list":[{"_id":"6b77656"}]},"elements":[{"id":"68ddeaf1","settings":{"image":{"url":"https:\/\/wpmet.com\/plugin\/shopengine\/demos\/wp-content\/uploads\/sites\/2\/2021\/10\/star.png","id":1591,"alt":"","source":"library"},"align":"left","ekit_all_conditions_list":[{"_id":"721b334"}],"ekit_adv_tooltip_content":"Tooltip Content.","_element_width":"auto","_element_vertical_align":"center"},"elements":[],"isInner":false,"widgetType":"image","elType":"widget"},{"id":"54c14cba","settings":{"image":{"url":"https:\/\/wpmet.com\/plugin\/shopengine\/demos\/wp-content\/uploads\/sites\/2\/2021\/10\/star.png","id":1591,"alt":"","source":"library"},"align":"left","_margin":{"unit":"px","top":"0","right":"0","bottom":"0","left":"04","isLinked":false},"ekit_all_conditions_list":[{"_id":"721b334"}],"ekit_adv_tooltip_content":"Tooltip Content.","_element_width":"auto","_element_vertical_align":"center"},"elements":[],"isInner":false,"widgetType":"image","elType":"widget"},{"id":"3b49e91e","settings":{"image":{"url":"https:\/\/wpmet.com\/plugin\/shopengine\/demos\/wp-content\/uploads\/sites\/2\/2021\/10\/star.png","id":1591,"alt":"","source":"library"},"align":"left","_margin":{"unit":"px","top":"0","right":"0","bottom":"0","left":"04","isLinked":false},"ekit_all_conditions_list":[{"_id":"721b334"}],"ekit_adv_tooltip_content":"Tooltip Content.","_element_width":"auto","_element_vertical_align":"center"},"elements":[],"isInner":false,"widgetType":"image","elType":"widget"},{"id":"598d83ce","settings":{"image":{"url":"https:\/\/wpmet.com\/plugin\/shopengine\/demos\/wp-content\/uploads\/sites\/2\/2021\/10\/star.png","id":1591,"alt":"","source":"library"},"align":"left","_margin":{"unit":"px","top":"0","right":"0","bottom":"0","left":"04","isLinked":false},"ekit_all_conditions_list":[{"_id":"721b334"}],"ekit_adv_tooltip_content":"Tooltip Content.","_element_width":"auto","_element_vertical_align":"center"},"elements":[],"isInner":false,"widgetType":"image","elType":"widget"},{"id":"44c8065c","settings":{"image":{"url":"https:\/\/wpmet.com\/plugin\/shopengine\/demos\/wp-content\/uploads\/sites\/2\/2021\/10\/star.png","id":1591,"alt":"","source":"library"},"align":"left","_margin":{"unit":"px","top":"0","right":"0","bottom":"0","left":"04","isLinked":false},"ekit_all_conditions_list":[{"_id":"721b334"}],"ekit_adv_tooltip_content":"Tooltip Content.","_element_width":"auto","_element_vertical_align":"center"},"elements":[],"isInner":false,"widgetType":"image","elType":"widget"},{"id":"3c18218d","settings":{"editor":"<p>The wireless hotpot amongst boot the monty happy days william cuppa blow off, butty pardon you twit porkies jolly good up the kyver.<\/p>","text_color":"#586377","typography_typography":"custom","typography_font_family":"Inter","typography_font_size":{"unit":"px","size":15,"sizes":[]},"typography_font_weight":"400","typography_line_height":{"unit":"px","size":24,"sizes":[]},"ekit_all_conditions_list":[{"_id":"722f193"}],"ekit_adv_tooltip_content":"Tooltip Content."},"elements":[],"isInner":false,"widgetType":"text-editor","elType":"widget"},{"id":"56a22287","settings":{"selected_icon":{"value":"","library":""},"title_text":"Jim S\u00e9chen","description_text":"UX Design","text_align":"left","title_bottom_space":{"unit":"px","size":0,"sizes":[]},"title_color":"#161C2D","title_typography_typography":"custom","title_typography_font_family":"Inter","title_typography_font_size":{"unit":"px","size":15,"sizes":[]},"title_typography_font_weight":"600","title_typography_line_height":{"unit":"px","size":24,"sizes":[]},"description_color":"#586377","description_typography_typography":"custom","description_typography_font_family":"Inter","description_typography_font_size":{"unit":"px","size":14,"sizes":[]},"description_typography_font_weight":"400","_margin":{"unit":"px","top":"-17","right":"0","bottom":"0","left":"0","isLinked":false},"ekit_all_conditions_list":[{"_id":"078c25b"}],"ekit_adv_tooltip_content":"Tooltip Content."},"elements":[],"isInner":false,"widgetType":"icon-box","elType":"widget"}],"isInner":true,"elType":"column"}],"isInner":true,"elType":"section"},{"id":"2114e4c7","settings":{"text":"Divider","color":"#E7E7E7","gap":{"unit":"px","size":6,"sizes":[]},"_margin":{"unit":"px","top":"024","right":"0","bottom":"20","left":"0","isLinked":false},"_padding":{"unit":"px","top":"0","right":"0","bottom":"0","left":"0","isLinked":false},"ekit_all_conditions_list":[{"_id":"06c1b10"}],"ekit_adv_tooltip_content":"Tooltip Content."},"elements":[],"isInner":false,"widgetType":"divider","elType":"widget"},{"id":"40d9409a","settings":{"title":"Frequent Queries","header_size":"h3","title_color":"#161C2D","typography_typography":"custom","typography_font_family":"Inter","typography_font_size":{"unit":"px","size":18,"sizes":[]},"typography_font_weight":"600","ekit_all_conditions_list":[{"_id":"71ae498"}],"ekit_adv_tooltip_content":"Tooltip Content."},"elements":[],"isInner":false,"widgetType":"heading","elType":"widget"},{"id":"5ba45d2c","settings":{"tabs":[{"tab_title":"Can I use ShopEngine for Free?","tab_content":"<p>The answer is - yes. We have two options in our template sections. Either you can use the blank one in which you will be able to create your desired page, or you can choose from our template library that will save a lot of your time and effort.<\/p>","_id":"1bcfc8a"},{"tab_title":"Can I create my own template with ShopEngine?","tab_content":"<p>The answer is - yes. We have two options in our template sections. Either you can use the blank one in which you will be able to create your desired page, or you can choose from our template library that will save a lot of your time and effort.<\/p>","_id":"db2c09d"},{"tab_title":"Why should I choose ShopEngine Pro for my site?","tab_content":"<p>The answer is - yes. We have two options in our template sections. Either you can use the blank one in which you will be able to create your desired page, or you can choose from our template library that will save a lot of your time and effort.<\/p>","_id":"3ee9505"}],"selected_icon":{"value":"fas fa-chevron-down","library":"fa-solid"},"selected_active_icon":{"value":"fas fa-angle-up","library":"fa-solid"},"border_width":{"unit":"px","size":1,"sizes":[]},"title_background":"#FFFFFF","title_color":"#161C2D","tab_active_color":"#161C2D","title_typography_typography":"custom","title_typography_font_family":"Inter","title_typography_font_size":{"unit":"px","size":14,"sizes":[]},"title_typography_font_weight":"600","title_padding":{"unit":"px","top":"019","right":"30","bottom":"018","left":"30","isLinked":false},"icon_align":"right","icon_space":{"unit":"px","size":0,"sizes":[]},"content_background_color":"#FFFFFF","content_typography_typography":"custom","content_typography_font_family":"Inter","content_typography_font_size":{"unit":"px","size":14,"sizes":[]},"content_typography_font_weight":"400","content_typography_line_height":{"unit":"px","size":20,"sizes":[]},"content_padding":{"unit":"px","top":"019","right":"30","bottom":"018","left":"30","isLinked":false},"ekit_all_conditions_list":[{"_id":"787bc7f"}],"ekit_adv_tooltip_content":"Tooltip Content.","border_color":"#E7E7E7","_border_radius":{"unit":"px","top":"6","right":"6","bottom":"6","left":"6","isLinked":true},"_box_shadow_box_shadow_type":"yes","_box_shadow_box_shadow":{"horizontal":0,"vertical":4,"blur":10,"spread":0,"color":"rgba(22, 28.000000000000004, 45, 0.1)"},"content_color":"#7A7A7A"},"elements":[],"isInner":false,"widgetType":"accordion","elType":"widget"}],"isInner":false,"elType":"column"}],"isInner":false,"elType":"section"}],"page_settings":[],"version":"0.4","title":"Checkout design 11","type":"page"}