{"content":[{"id":"15804844","settings":{"content_width":{"unit":"px","size":1230,"sizes":[]},"shopengine_multistep_next_button_text":"Next","shopengine_multistep_previous_button_text":"Previous","background_background":"classic","background_color":"#161C2D","padding":{"unit":"px","top":"140","right":"0","bottom":"140","left":"0","isLinked":false},"ekit_all_conditions_list":[{"_id":"3175c80"}],"ekit_section_parallax_multi_items":[],"padding_mobile":{"unit":"px","top":"80","right":"0","bottom":"100","left":"0","isLinked":false}},"elements":[{"id":"5f524281","settings":{"_column_size":100,"_inline_size":100,"space_between_widgets":0,"padding":{"unit":"px","top":"0","right":"15","bottom":"0","left":"15","isLinked":false},"ekit_all_conditions_list":[{"_id":"3799326"}]},"elements":[{"id":"4dfad9b1","settings":{"layout":"full_width","shopengine_multistep_next_button_text":"Next","shopengine_multistep_previous_button_text":"Previous","structure":"20","ekit_all_conditions_list":[{"_id":"4527724"}],"ekit_section_parallax_multi_items":[]},"elements":[{"id":"648767b3","settings":{"_column_size":50,"_inline_size":58.3299999999999982946974341757595539093017578125,"space_between_widgets":0,"background_background":"classic","margin":{"unit":"px","top":"0","right":"0","bottom":"0","left":"0","isLinked":true},"padding":{"unit":"px","top":"0","right":"7","bottom":"0","left":"0","isLinked":false},"ekit_all_conditions_list":[{"_id":"4e6f83b"}],"padding_tablet":{"unit":"px","top":"0","right":"15","bottom":"48","left":"15","isLinked":false}},"elements":[{"id":"58441ebc","settings":{"shopengine_checkout_coupon_form_info_link_color":"#FF3566","shopengine_checkout_coupon_form_info_link_hover_color":"","shopengine_checkout_coupon_form_info_bg_color":"#00000000","shopengine_checkout_coupon_form_info_border_width":{"unit":"px","top":"0","right":"0","bottom":"0","left":"0","isLinked":true},"shopengine_checkout_coupon_form_info_border_color":"#BFC2CC","shopengine_checkout_coupon_form_info_padding":{"unit":"px","top":"14","right":"0","bottom":"0","left":"0","isLinked":false},"shopengine_coupon_form_button_background_color":"#FF3566","shopengine_coupon_form_border_color":"#00000000","_element_custom_width":{"unit":"px","size":"","sizes":[]},"ekit_all_conditions_list":[{"_id":"796780e"}],"ekit_adv_tooltip_content":"Tooltip Content.","shopengine_checkout_coupon_form_info_typography_font_size":{"unit":"px","size":14,"sizes":[]},"shopengine_checkout_coupon_form_description_color":"#A4A8AF","shopengine_checkout_coupon_form_description_typography_font_size":{"unit":"px","size":14,"sizes":[]},"shopengine_checkout_coupon_form_description_typography_line_height":{"unit":"px","size":20,"sizes":[]},"shopengine_checkout_coupon_form_label_radius":{"unit":"px","top":"0","right":"0","bottom":"0","left":"0","isLinked":false},"shopengine_checkout_coupon_form_label_padding":{"unit":"px","top":"4","right":"15","bottom":"4","left":"26","isLinked":false},"shopengine_section_checkout_coupon_form_button_typography_line_height":{"unit":"px","size":38,"sizes":[]},"shopengine_coupon_form_border_radius":{"unit":"px","top":"0","right":"0","bottom":"0","left":"0","isLinked":false},"shopengine_coupon_form_button_padding":{"unit":"px","top":"5","right":"30","bottom":"5","left":"30","isLinked":false},"shopengine_coupon_form_font_family":"Inter","_element_custom_width_tablet":{"unit":"%","size":"","sizes":[]},"_element_custom_width_mobile":{"unit":"%","size":100,"sizes":[]},"shopengine_checkout_coupon_form_info_color":"#FFFFFF","shopengine_checkout_coupon_form_label_color":"#A4A8AF","shopengine_checkout_coupon_form_label_border_color":"#FFFFFF","_margin":{"unit":"px","top":"0","right":"0","bottom":"30","left":"0","isLinked":false},"shopengine_checkout_coupon_form_info_typography_font_weight":"400","shopengine_coupon_form_button_background_hover_color":"#2851F3","shopengine_checkout_coupon_form_label_border_border":"","shopengine_checkout_coupon_form_label_border_width":{"unit":"px","top":"","right":"","bottom":"","left":"","isLinked":true}},"elements":[],"isInner":false,"widgetType":"shopengine-checkout-coupon-form","elType":"widget"},{"id":"39f2c507","settings":{"title":"Billing Details","title_color":"#FFFFFF","typography_typography":"custom","typography_font_family":"Inter","typography_font_size":{"unit":"px","size":26,"sizes":[]},"typography_font_weight":"700","typography_line_height":{"unit":"px","size":31,"sizes":[]},"_margin":{"unit":"px","top":"10","right":"0","bottom":"30","left":"0","isLinked":false},"ekit_all_conditions_list":[{"_id":"7bd987b"}],"ekit_adv_tooltip_content":"Tooltip Content."},"elements":[],"isInner":false,"widgetType":"heading","elType":"widget"},{"id":"1b356902","settings":{"shopengine_title_font_size":{"unit":"px","size":18,"sizes":[]},"shopengine_title_margin":{"unit":"px","top":"0","right":"0","bottom":"30","left":"0","isLinked":false},"shopengine_form_container_padding":{"unit":"px","top":"","right":"","bottom":"","left":"","isLinked":true},"shopengine_label_font_size":{"unit":"px","size":14,"sizes":[]},"shopengine_input_label_margin":{"unit":"px","top":"0","right":"0","bottom":"5","left":"0","isLinked":false},"shopengine_typography_primary_font_family":"Inter","shopengine_typography_primary_font_weight":"500","shopengine_typography_seconday_font_family":"Inter","ekit_all_conditions_list":[{"_id":"11ae93a"}],"ekit_adv_tooltip_content":"Tooltip Content.","shopengine_layout_heading_status":"","shopengine_form_container_background":"#00000000","shopengine_input_border_width":{"unit":"px","top":"1","right":"1","bottom":"1","left":"1","isLinked":true},"shopengine_input_border_color":"#313747","_background_background":"classic","shopengine_input_label_color":"#FFFFFF","shopengine_input_required_indicator_color":"#FF3566","shopengine_input_padding":{"unit":"px","top":"16","right":"24","bottom":"15","left":"24","isLinked":false},"shopengine_input_color":"#A4A8AF","shopengine_input_background":"#212839","shopengine_input_color_focus":"#A4A8AF","shopengine_input_background_focus":"#161C2D","shopengine_input_border_focus_border":"solid","shopengine_input_border_focus_width":{"unit":"px","top":"1","right":"1","bottom":"1","left":"1","isLinked":true},"shopengine_input_border_focus_color":"#464F66","shopengine_input_color_placeholder":"#A4A8AF","shopengine_typography_primary_text_transform":"capitalize","shopengine_checkout_form_billing_input_border_radius":{"unit":"px","top":"0","right":"0","bottom":"0","left":"0","isLinked":true}},"elements":[],"isInner":false,"widgetType":"shopengine-checkout-form-billing","elType":"widget"},{"id":"539a7e4a","settings":{"title":"Additional information","title_color":"#FFFFFF","typography_typography":"custom","typography_font_family":"Inter","typography_font_size":{"unit":"px","size":20,"sizes":[]},"typography_font_weight":"700","typography_line_height":{"unit":"px","size":24,"sizes":[]},"_margin":{"unit":"px","top":"27","right":"0","bottom":"20","left":"0","isLinked":false},"ekit_all_conditions_list":[{"_id":"7bd987b"}],"ekit_adv_tooltip_content":"Tooltip Content."},"elements":[],"isInner":false,"widgetType":"heading","elType":"widget"},{"id":"743b980c","settings":{"shopengine_checkout_form_additional_heading":"","shopengine_orders_body_text_typography_font_weight":"500","shopengine_checkout_form_additional_label_line_height":{"unit":"px","size":6,"sizes":[]},"shopengine_checkout_form_additional_textarea_color":"#A4A8AF","shopengine_checkout_form_additional_textarea_placeholder_color":"#A4A8AF","shopengine_checkout_form_additional_textarea_typography_font_size":{"unit":"px","size":14,"sizes":[]},"shopengine_checkout_form_additional_textarea_typography_line_height":{"unit":"px","size":17,"sizes":[]},"shopengine_checkout_form_additional_textarea_height":{"unit":"px","size":200,"sizes":[]},"shopengine_checkout_form_additional_textarea_margin":{"unit":"px","top":"17","right":"24","bottom":"17","left":"24","isLinked":false},"shopengine_checkout_form_additional_border_color":"#313747","shopengine_checkout_form_additional_font_family":"Inter","ekit_all_conditions_list":[{"_id":"e94e393"}],"ekit_adv_tooltip_content":"Tooltip Content.","_background_background":"classic","_background_color":"#00000000","shopengine_checkout_form_additional_label_color":"#FFFFFF","shopengine_orders_body_text_typography_font_size":{"unit":"px","size":14,"sizes":[]},"shopengine_checkout_form_additional_textarea_bg_color":"#212839","shopengine_checkout_form_additional_textarea_focus_color":"#464F66","shopengine_checkout_form_additional_border_radius":{"unit":"px","top":"0","right":"0","bottom":"0","left":"0","isLinked":true}},"elements":[],"isInner":false,"widgetType":"shopengine-checkout-form-additional","elType":"widget"}],"isInner":true,"elType":"column"},{"id":"504d29ca","settings":{"_column_size":50,"_inline_size":41.6700000000000017053025658242404460906982421875,"space_between_widgets":0,"background_background":"classic","background_color":"#212839","margin":{"unit":"px","top":"80","right":"0","bottom":"0","left":"37","isLinked":false},"padding":{"unit":"px","top":"44","right":"40","bottom":"50","left":"40","isLinked":false},"ekit_all_conditions_list":[{"_id":"74f83c9"}],"padding_tablet":{"unit":"px","top":"44","right":"15","bottom":"50","left":"15","isLinked":false},"margin_tablet":{"unit":"px","top":"80","right":"15","bottom":"0","left":"15","isLinked":false},"margin_mobile":{"unit":"px","top":"0","right":"15","bottom":"0","left":"15","isLinked":false}},"elements":[{"id":"5de60a0b","settings":{"title":"Your Order","title_color":"#FFFFFF","typography_typography":"custom","typography_font_family":"Inter","typography_font_size":{"unit":"px","size":26,"sizes":[]},"typography_font_weight":"700","typography_line_height":{"unit":"px","size":31,"sizes":[]},"_margin":{"unit":"px","top":"0","right":"0","bottom":"30","left":"0","isLinked":false},"ekit_all_conditions_list":[{"_id":"7bd987b"}],"ekit_adv_tooltip_content":"Tooltip Content."},"elements":[],"isInner":false,"widgetType":"heading","elType":"widget"},{"id":"16114127","settings":{"shopengine_orders_header_text_typography_font_size":{"unit":"px","size":16,"sizes":[]},"shopengine_orders_header_text_typography_line_height":{"unit":"px","size":18,"sizes":[]},"shopengine_download_body_row_border_width":{"unit":"px","top":0,"right":0,"bottom":"0","left":0,"isLinked":true},"ekit_all_conditions_list":[{"_id":"263cfc6"}],"ekit_adv_tooltip_content":"Tooltip Content.","shopengine_checkout_order_review_horizontial_padding":{"unit":"px","size":30,"sizes":[]},"shopengine_footer_color_border_width":{"unit":"px","top":0,"right":0,"bottom":"0","left":0,"isLinked":true},"shopengine_download_body_row_border_color":"","shopengine_orders_body_text_typography_font_family":"Rubik","shopengine_orders_body_text_typography_font_size":{"unit":"px","size":14,"sizes":[]},"shopengine_orders_body_text_typography_line_height":{"unit":"px","size":14,"sizes":[]},"shopengine_table_heading_data_padding":{"unit":"px","top":"0","right":"0","bottom":"18","left":"0","isLinked":false},"shopengine_table_heading_border_color":"#0000001A","shopengine_table_body_data_padding":{"unit":"px","top":"17","right":"0","bottom":"16","left":"0","isLinked":false},"shopengine_footer_row_border_color":"#0000001A","shopengine_footer_row_border_last_child":"","_background_background":"classic","shopengine_table_header_padding":{"unit":"px","top":"0","right":"0","bottom":"17","left":"0","isLinked":false},"shopengine_orders_body_background":"","shopengine_table_footer_data_padding":{"unit":"px","top":"17","right":"0","bottom":"20","left":"0","isLinked":false},"__globals__":{"shopengine_orders_body_background":""},"shopengine_footer_color_typography_font_size":{"unit":"px","size":15,"sizes":[]},"shopengine_footer_color_typography_font_weight":"500","shopengine_table_body_spacing":{"unit":"px","size":0,"sizes":[]},"shopengine_checkout_review_order_font_family":"Inter","shopengine_orders_body_price_typography_font_weight":"400","shopengine_footer_price_color":"#FF3566","shopengine_orders_header_color":"#FFFFFF","shopengine_table_body_text_color":"#C5C8CD","shopengine_table_body_price_color":"","shopengine_orders_items_border_color":"#FFFFFF1A","shopengine_footer_text_color":"#FFFFFF","shopengine_orders_footer_border_color":"#FFFFFF1A","shopengine_orders_header_border_color":"#FFFFFF1A","shopengine_table_body_image_size":{"unit":"px","size":0,"sizes":[]},"_border_width":{"unit":"px","top":"2","right":"2","bottom":"2","left":"2","isLinked":true},"shopengine_orders_header_border_shadow_color":"#00000000","shopengine_orders_items_border_shadow_color":"#00000000","shopengine_orders_footer_border_shadow_color":"#00000000"},"elements":[],"isInner":false,"widgetType":"shopengine-checkout-review-order","elType":"widget"},{"id":"5ca782a6","settings":{"shopengine_title_color":"#FFFFFF","shopengine_title_typography_font_size":{"unit":"px","size":16,"sizes":[]},"shopengine_payment_label_text_color":"#FFFFFF","shopengine_payment_label_typography_font_family":"Inter","shopengine_payment_label_typography_font_size":{"unit":"px","size":14,"sizes":[]},"shopengine_payment_label_typography_font_weight":"400","shopengine_payment_label_gap":{"unit":"px","size":9,"sizes":[],"size_units":"px"},"shopengine_checkout_shipping_methods_font_family":"Inter","_margin":{"unit":"px","top":"0","right":"0","bottom":"10","left":"0","isLinked":false},"_padding":{"unit":"px","top":"24","right":"0","bottom":"30","left":"0","isLinked":false},"ekit_all_conditions_list":[{"_id":"35b4380"}],"ekit_adv_tooltip_content":"Tooltip Content.","_border_border":"solid","_border_width":{"unit":"px","top":"1","right":"0","bottom":"1","left":"0","isLinked":false},"_border_color":"#FFFFFF1A","shopengine_payment_methods_checkbox_position_y":{"unit":"px","size":"","sizes":[]},"shopengine_payment_methods_checkbox_margin":{"unit":"px","top":"0","right":"0","bottom":"0","left":"0","isLinked":false},"shopengine_payment_input_color":"#FF3566"},"elements":[],"isInner":false,"widgetType":"shopengine-checkout-shipping-methods","elType":"widget"},{"id":"34d8f224","settings":{"shopengine_payment_url_clr":"#F4505C","shopengine_payment_methods_list_padding":{"unit":"px","top":"7","right":"0","bottom":"14","left":"0","isLinked":false},"shopengine_payment_methods_description_padding":{"unit":"px","top":"8","right":"0","bottom":"0","left":"0","isLinked":false},"shopengine_payment_order_button_space_between":{"unit":"px","size":10,"sizes":[]},"shopengine_payment_order_button_tabs_normal_bg":"#FF3566","shopengine_payment_order_button_tabs_hover_clr":"#FFFFFF","shopengine_payment_order_button_tabs_hover_bg":"#C32148","shopengine_archive_products_font_family":"Inter","_margin":{"unit":"px","top":"15","right":"0","bottom":"0","left":"0","isLinked":false},"ekit_all_conditions_list":[{"_id":"9dc504d"}],"ekit_adv_tooltip_content":"Tooltip Content.","shopengine_payment_label_text_color":"#FFFFFF","shopengine_payment_description_text_color":"#A4A8AF","shopengine_payment_label_typography_line_height":{"unit":"px","size":17,"sizes":[]},"shopengine_payment_content_typography_font_size":{"unit":"px","size":14,"sizes":[]},"shopengine_payment_content_typography_line_height":{"unit":"px","size":20,"sizes":[]},"shopengine_payment_order_button_typography_font_size":{"unit":"px","size":16,"sizes":[]},"shopengine_payment_order_button_typography_text_transform":"capitalize","shopengine_payment_label_typography_font_weight":"500","shopengine_payment_order_button_radius":{"unit":"px","top":"0","right":"0","bottom":"0","left":"0","isLinked":true},"shopengine_input_border_color":"#00000000","shopengine_payment_methods_list_border_between_width":{"unit":"px","top":"2","right":"2","bottom":"2","left":"2","isLinked":true},"shopengine_payment_method_radio_input_color":"#FF3566"},"elements":[],"isInner":false,"widgetType":"shopengine-checkout-payment","elType":"widget"}],"isInner":true,"elType":"column"}],"isInner":true,"elType":"section"}],"isInner":false,"elType":"column"}],"isInner":false,"elType":"section"}],"page_settings":[],"version":"0.4","title":"Checkout design 7","type":"page"}