{"content":[{"id":"51bac2a3","settings":{"structure":"20","background_background":"classic","background_color":"#F6F6F6","padding":{"unit":"px","top":"125","right":"0","bottom":"25","left":"0","isLinked":false},"ekit_all_conditions_list":[{"_id":"1759a85"}],"ekit_section_parallax_multi_items":[],"padding_tablet":{"unit":"px","top":"80","right":"0","bottom":"25","left":"0","isLinked":false}},"elements":[{"id":"6b3d670e","settings":{"_column_size":50,"_inline_size":68,"space_between_widgets":0,"background_color":"#FFFFFF","padding":{"unit":"px","top":"0","right":"7.5","bottom":"0","left":"15","isLinked":false},"ekit_all_conditions_list":[{"_id":"2967513"}]},"elements":[{"id":"65502b40","settings":{"ekit_all_conditions_list":[{"_id":"e763d36"}],"ekit_section_parallax_multi_items":[]},"elements":[{"id":"71eb9881","settings":{"_column_size":100,"_inline_size":null,"space_between_widgets":0,"background_background":"classic","background_color":"#FFFFFF","padding":{"unit":"px","top":"40","right":"40","bottom":"40","left":"40","isLinked":true},"ekit_all_conditions_list":[{"_id":"f8f0506"}],"padding_tablet":{"unit":"px","top":"20","right":"20","bottom":"20","left":"20","isLinked":true}},"elements":[{"id":"3f0ff7bc","settings":{"shopengine_product_title_header_size":"h2","shopengine_product_title_typography_font_family":"Barlow","shopengine_product_title_typography_letter_spacing":{"unit":"px","size":-0.1000000000000000055511151231257827021181583404541015625,"sizes":[]},"_margin":{"unit":"px","top":"0","right":"0","bottom":"14","left":"0","isLinked":false},"ekit_all_conditions_list":[{"_id":"869e5b0"}],"ekit_adv_tooltip_content":"Tooltip Content."},"elements":[],"isInner":false,"widgetType":"shopengine-product-title","elType":"widget"},{"id":"1c2777b4","settings":{"shopengine_meta_category_hide":"","shopengine_meta_tag_hide":"","shopengine_meta_padding":{"unit":"px","top":"0","right":"0","bottom":"0","left":"0","isLinked":true},"_margin":{"unit":"px","top":"0","right":"30","bottom":"0","left":"0","isLinked":false},"ekit_all_conditions_list":[{"_id":"3f9bae4"}],"ekit_adv_tooltip_content":"Tooltip Content.","_element_width":"auto"},"elements":[],"isInner":false,"widgetType":"shopengine-product-meta","elType":"widget"},{"id":"4f84cef2","settings":{"shopengine_rating_star_size":{"unit":"px","size":11,"sizes":[]},"_margin":{"unit":"px","top":"0","right":"30","bottom":"0","left":"0","isLinked":false},"ekit_all_conditions_list":[{"_id":"016509c"}],"ekit_adv_tooltip_content":"Tooltip Content.","_element_width":"auto"},"elements":[],"isInner":false,"widgetType":"shopengine-product-rating","elType":"widget"},{"id":"3aaac389","settings":{"ekit_all_conditions_list":[{"_id":"f2f6f67"}],"ekit_adv_tooltip_content":"Tooltip Content.","_element_width":"auto","_margin":{"unit":"px","top":"0","right":"0","bottom":"40","left":"0","isLinked":false},"_margin_tablet":{"unit":"px","top":"0","right":"0","bottom":"20","left":"0","isLinked":false}},"elements":[],"isInner":false,"widgetType":"shopengine-product-stock","elType":"widget"},{"id":"3f3762f6","settings":{"shopengine_lightbox_icon_color":"#5642C7","shopengine_lightbox_icon_border_color":"#5642C7","shopengine_lightbox_icon_wrapper_size":{"unit":"px","size":40,"sizes":[]},"shopengine_lightbox_icon_radius":{"unit":"px","size":0,"sizes":[]},"ekit_all_conditions_list":[{"_id":"4d9cc81"}],"ekit_adv_tooltip_content":"Tooltip Content.","shopengine_sale_flash_status":"","shopengine_thumbs_margin_tablet":{"unit":"px","size":5,"sizes":[]},"shopengine_thumbs_margin_mobile":{"unit":"px","size":5,"sizes":[]}},"elements":[],"isInner":false,"widgetType":"shopengine-single-product-images","elType":"widget"}],"isInner":true,"elType":"column"}],"isInner":true,"elType":"section"}],"isInner":false,"elType":"column"},{"id":"a0dc0b8","settings":{"_column_size":50,"_inline_size":32,"space_between_widgets":0,"padding":{"unit":"px","top":"0","right":"15","bottom":"0","left":"7.5","isLinked":false},"ekit_all_conditions_list":[{"_id":"93c8d21"}]},"elements":[{"id":"489ad49b","settings":{"layout":"full_width","margin":{"unit":"px","top":"0","right":0,"bottom":"15","left":0,"isLinked":false},"ekit_all_conditions_list":[{"_id":"76fa203"}],"ekit_section_parallax_multi_items":[]},"elements":[{"id":"4a78a6da","settings":{"_column_size":100,"_inline_size":null,"space_between_widgets":0,"background_background":"classic","background_color":"#FFFFFF","padding":{"unit":"px","top":"40","right":"40","bottom":"40","left":"40","isLinked":true},"ekit_all_conditions_list":[{"_id":"6d11565"}],"padding_tablet":{"unit":"px","top":"20","right":"20","bottom":"20","left":"20","isLinked":true}},"elements":[{"id":"198fa3fd","settings":{"shopengine_excerpt_typography_font_family":"Barlow","shopengine_excerpt_typography_font_size":{"unit":"px","size":15,"sizes":[]},"shopengine_excerpt_typography_line_height":{"unit":"px","size":20,"sizes":[]},"ekit_all_conditions_list":[{"_id":"a5be88b"}],"ekit_adv_tooltip_content":"Tooltip Content.","_margin":{"unit":"px","top":"0","right":"0","bottom":"55","left":"0","isLinked":false},"_margin_tablet":{"unit":"px","top":"0","right":"0","bottom":"20","left":"0","isLinked":false}},"elements":[],"isInner":false,"widgetType":"shopengine-product-excerpt","elType":"widget"},{"id":"427c6790","settings":{"shopengine_product_price_typography_font_family":"Barlow","shopengine_product_price_price_color":"#000000","ekit_all_conditions_list":[{"_id":"9c53743"}],"ekit_adv_tooltip_content":"Tooltip Content.","_margin":{"unit":"px","top":"0","right":"0","bottom":"30","left":"0","isLinked":false}},"elements":[],"isInner":false,"widgetType":"shopengine-product-price","elType":"widget"},{"id":"295cc96f","settings":{"shopengine_quantity_btn_position":"both","shopengine_add_to_cart_show_stock":"","ekit_all_conditions_list":[{"_id":"44e811e"}],"ekit_adv_tooltip_content":"Tooltip Content.","_margin":{"unit":"px","top":"0","right":"0","bottom":"42","left":"0","isLinked":false},"shopengine_add_cart_button_typography_font_family":"Barlow","shopengine_add_cart_button_typography_letter_spacing":{"unit":"px","size":-0.40000000000000002220446049250313080847263336181640625,"sizes":[]},"shopengine_add_cart_button_bg_color_hover":"#FFFFFF","shopengine_add_cart_button_border_color_hover":"#101010","shopengine_quick_checkout_button_typography_font_family":"Barlow","shopengine_quick_checkout_button_typography_letter_spacing":{"unit":"px","size":-0.40000000000000002220446049250313080847263336181640625,"sizes":[]},"shopengine_quick_checkout_button_bg_color_hover":"#FFFFFF","shopengine_quick_checkout_button_border_color_hover":"#101010","shopengine_add_cart_quantity_typography_font_family":"Barlow","shopengine_add_cart_quantity_typography_letter_spacing":{"unit":"px","size":-0.40000000000000002220446049250313080847263336181640625,"sizes":[]},"shopengine_add_to_cart_variation_swatch_color_width":{"unit":"px","size":18,"sizes":[]},"shopengine_add_to_cart_variation_swatch_color_height":{"unit":"px","size":18,"sizes":[]},"shopengine_add_to_cart_variation_label_border_width":{"unit":"px","top":"0","right":"0","bottom":"0","left":"0","isLinked":true},"_margin_tablet":{"unit":"px","top":"0","right":"0","bottom":"30","left":"0","isLinked":false},"shopengine_add_cart_button_typography_line_height":{"unit":"px","size":17,"sizes":[]},"shopengine_add_cart_button_text_color_hover":"#101010","shopengine_add_cart_button_border_width":{"unit":"px","top":"2","right":"2","bottom":"2","left":"2","isLinked":true},"shopengine_add_cart_button_padding":{"unit":"px","top":"11","right":"24","bottom":"11","left":"24","isLinked":false},"shopengine_quick_checkout_button_typography_line_height":{"unit":"px","size":17,"sizes":[]},"shopengine_quick_checkout_button_text_color_hover":"#101010","shopengine_quick_checkout_button_border_width":{"unit":"px","top":"2","right":"2","bottom":"2","left":"2","isLinked":true},"shopengine_quick_checkout_button_padding":{"unit":"px","top":"11","right":"24","bottom":"11","left":"24","isLinked":false},"shopengine_quantity_button_padding":{"unit":"px","top":"4","right":"12","bottom":"4","left":"12","isLinked":false},"shopengine_add_to_cart_data_ordering_list":[{"list_title":"Quantitly","list_key":"quantity","_id":"4d51f6f"},{"list_title":"Add to Cart","list_key":"add_to_cart","_id":"5deed44"},{"list_title":"Buy Now\/Quick Checkout","list_key":"quick_checkout","_id":"d0a0cb8"},{"list_title":"Wishlist","list_key":"wishlist","_id":"04fbbb1"},{"list_title":"Comparison","list_key":"comparison","_id":"5960811"},{"list_title":"Partial Payment","list_key":"partial_payment","_id":"88fac9a"}]},"elements":[],"isInner":false,"widgetType":"shopengine-add-to-cart","elType":"widget"},{"id":"7b84feed","settings":{"shopengine_meta_sku_hide":"","shopengine_meta_value_color":"#A0A0A0","shopengine_product_meta_typography_font_family":"Barlow","shopengine_product_meta_typography_line_height":{"unit":"px","size":20,"sizes":[]},"ekit_all_conditions_list":[{"_id":"09974b5"}],"ekit_adv_tooltip_content":"Tooltip Content.","shopengine_meta_padding":{"unit":"px","top":"8","right":"0","bottom":"0","left":"0","isLinked":false}},"elements":[],"isInner":false,"widgetType":"shopengine-product-meta","elType":"widget"}],"isInner":true,"elType":"column"}],"isInner":true,"elType":"section"},{"id":"11220123","settings":{"layout":"full_width","ekit_all_conditions_list":[{"_id":"6485104"}],"ekit_section_parallax_multi_items":[]},"elements":[{"id":"4c662bde","settings":{"_column_size":100,"_inline_size":null,"content_position":"center","space_between_widgets":0,"background_background":"classic","background_color":"#FFFFFF","padding":{"unit":"px","top":"17","right":"40","bottom":"17","left":"40","isLinked":false},"ekit_all_conditions_list":[{"_id":"7efba71"}],"padding_tablet":{"unit":"px","top":"20","right":"20","bottom":"20","left":"20","isLinked":true},"align":"center"},"elements":[{"id":"683ae42","settings":{"_element_width":"auto","ekit_all_conditions_list":[{"_id":"f8af825"}],"ekit_adv_tooltip_content":"Tooltip Content."},"elements":[],"isInner":false,"widgetType":"shopengine-product-share","elType":"widget"}],"isInner":true,"elType":"column"}],"isInner":true,"elType":"section"}],"isInner":false,"elType":"column"}],"isInner":false,"elType":"section"},{"id":"65c14d1d","settings":{"background_background":"classic","background_color":"#F6F6F6","padding":{"unit":"px","top":"20","right":"0","bottom":"177","left":"0","isLinked":false},"ekit_all_conditions_list":[{"_id":"1759a85"}],"ekit_section_parallax_multi_items":[],"margin":{"unit":"px","top":"0","right":0,"bottom":"-55","left":0,"isLinked":false},"padding_tablet":{"unit":"px","top":"20","right":"0","bottom":"80","left":"0","isLinked":false}},"elements":[{"id":"e40a785","settings":{"_column_size":100,"_inline_size":null,"space_between_widgets":0,"padding":{"unit":"px","top":"0","right":"15","bottom":"0","left":"15","isLinked":false},"ekit_all_conditions_list":[{"_id":"1d113b4"}]},"elements":[{"id":"22bab4e6","settings":{"shopengine_product_nav_indicator_border":{"unit":"px","top":"0","right":0,"bottom":"3","left":0,"isLinked":false},"shopengine_tab_nav_box_shadow_box_shadow":{"horizontal":0,"vertical":7,"blur":30,"spread":0,"color":"rgba(0, 0, 0, 0.05)"},"shopengine_nav_line_width":{"unit":"px","top":"1","right":0,"bottom":"1","left":0,"isLinked":true},"shopengine_product_tab_content_title_hide":"yes","shopengine_product_tab_content_wrap_padding":{"unit":"px","top":"60","right":"60","bottom":"60","left":"60","isLinked":true},"shopengine_download_button_box_shadow_box_shadow_type":"yes","ekit_all_conditions_list":[{"_id":"d7d5b08"}],"ekit_adv_tooltip_content":"Tooltip Content.","shopengine_product_nav_active_color":"#101010","shopengine_product_nav_indicator_color":"#101010","shopengine_product_nav_typography_text_transform":"uppercase","shopengine_tab_nav_padding_mobile":{"unit":"px","top":"20","right":"20","bottom":"20","left":"20","isLinked":true},"shopengine_product_tab_content_wrap_padding_tablet":{"unit":"px","top":"20","right":"20","bottom":"20","left":"20","isLinked":true},"shopengine_nav_menu_spacing":{"unit":"px","size":40,"sizes":[]},"custom_css":"selector .single-product .shopengine-product-tabs p {\r\n    font-size: 18px;\r\n    line-height: 25px;\r\n    color: #101010;\r\n    font-family: 'Rubik', sans-serif;\r\n}\r\n\r\n\/* \r\nproduct details additional info - rakibul css - start \r\n*\/\r\nselector .shopengine-product-tabs .woocommerce-Tabs-panel--additional_information table th,\r\nselector .shopengine-product-tabs .woocommerce-Tabs-panel--additional_information table td {\r\n\tbackground-color: transparent;\r\n\tborder: none !important;\r\n\tpadding: 0px !important;\r\n\tpadding-bottom: 12px !important;\r\n\tposition: relative;\r\n\tline-height: 1;\r\n}\r\nselector .woocommerce-Tabs-panel--additional_information table td {\r\n\tline-height: 1;\r\n\tbackground-color: transparent;\r\n\tpadding-right: 30px !important;\r\n\tpadding-left: 30px !important;\r\n}\r\nselector .shopengine-widget .shopengine-product-tabs .woocommerce-Tabs-panel--additional_information table tr:not(:last-child) {\r\n\tborder: none;\r\n}\r\nselector .woocommerce-Tabs-panel--additional_information table th:before {\r\n\tposition: absolute;\r\n\ttop: 0;\r\n\tright: 0px;\r\n\tcolor: #101010;\r\n\tcontent: ':';\r\n}\r\n\r\nselector .single-product .woocommerce-Reviews .comment-reply-title {\r\n\ttext-transform: uppercase;\r\n}\r\nselector #review_form #respond p {\r\n\tmargin: 0 0 25px;\r\n}\r\nselector .comment-form .comment-notes {\r\n\tcolor: #444444;\r\n}\r\nselector .shopengine-widget .shopengine-product-tabs #review_form_wrapper .comment-form input:not(#wp-comment-cookies-consent) {\r\n\tmin-height: 44px;\r\n\tpadding: 0px 20px;\r\n}\r\nselector .woocommerce-Reviews .comment-form p textarea {\r\n\tmin-height: 140px;\r\n}\r\nselector .shopengine-product-tabs .form-submit .submit {\r\n\twidth: 100%;\r\n\tdisplay: block;\r\n}\r\nselector .shopengine-product-tabs .woocommerce-Tabs-panel--additional_information table th, selector .shopengine-product-tabs .woocommerce-Tabs-panel--additional_information table td {\r\n    line-height: 26px !important;\r\n}\r\nselector .shopengine-product-tabs .woocommerce-Tabs-panel--additional_information table td {\r\n    padding-left: 30px !important;\r\n}\r\nselector .shopengine .commentlist .review .comment-text p {\r\n    margin-bottom: 15px !important;\r\n}\r\nselector .shopengine-product-tabs .description p {\r\n    color: #444 !important;\r\n}\r\nselector .woocommerce-Reviews .commentlist {\r\n    background-color: transparent;\r\n     border-bottom: #EFEFEF;\r\n     border-radius: 0px;\r\n}\r\nselector .single-product .shopengine .commentlist .review {\r\n    padding: 55px 0 40px!important;\r\n}\r\n.single-product .shopengine .commentlist .review:last-child {\r\n        border-bottom-width:  0 !important;\r\n}\r\n","shopengine_product_tab_label_clr":"#101010","shopengine_review_form_label_input_typography_line_height":{"unit":"px","size":19,"sizes":[]},"shopengine_download_button_padding":{"unit":"px","top":"13","right":"20","bottom":"13","left":"20","isLinked":false},"shopengine_download_button_padding_radius":{"unit":"px","top":"0","right":"0","bottom":"0","left":"0","isLinked":true},"shopengine_download_button_padding_typography_font_family":"Barlow","shopengine_download_button_padding_typography_font_size":{"unit":"px","size":16,"sizes":[]},"shopengine_download_button_padding_typography_font_weight":"600","shopengine_nav_line_color":"#F2F2F2","shopengine_product_nav_typography_font_size_mobile":{"unit":"px","size":20,"sizes":[]},"shopengine_product_tabs_font_family":"Barlow","shopengine_nav_menu_spacing_tablet":{"unit":"px","size":20,"sizes":[]},"shopengine_tab_nav_padding":{"unit":"px","top":"30","right":"60","bottom":"30","left":"60","isLinked":false},"shopengine_tab_nav_padding_tablet":{"unit":"px","top":"20","right":"20","bottom":"20","left":"20","isLinked":true},"shopengine_product_tab_ainfo_typography_font_size":{"unit":"px","size":16,"sizes":[]},"shopengine_product_nav_typography_line_height":{"unit":"px","size":22,"sizes":[]},"shopengine_product_tab_submit_button_border_radius":{"unit":"px","top":"0","right":"0","bottom":"0","left":"0","isLinked":true},"shopengine_product_tab_ainfo_typography_font_style":"normal","shopengine_nav_menu_spacing_mobile":{"unit":"px","size":10,"sizes":[]},"shopengine_product_tab_content_wrap_padding_mobile":{"unit":"px","top":"20","right":"20","bottom":"20","left":"20","isLinked":true},"shopengine_product_tab_ainfo_typography_font_weight":"500","shopengine_product_tab_ainfo_tcell_divider_color":"#F2F2F2","shopengine_product_tab_ainfo_label_color":"#101010","shopengine_product_tab_label_typography_font_weight":"500","shopengine_product_tab_input_clr":"#101010","shopengine_review_label_input_typography_font_weight":"400","shopengine_product_tab_content_title_show":"","_background_background":"classic","_background_color":"#FFFFFF"},"elements":[],"isInner":false,"widgetType":"shopengine-product-tabs","elType":"widget"}],"isInner":false,"elType":"column"}],"isInner":false,"elType":"section"}],"page_settings":[],"version":"0.4","title":"single 4","type":"page"}