{"content":[{"id":"51f2d2ed","settings":{"ekit_all_conditions_list":[{"_id":"5b46963"}],"ekit_section_parallax_multi_items":[],"margin":{"unit":"px","top":"","right":0,"bottom":"","left":0,"isLinked":true},"padding":{"unit":"px","top":"40","right":"0","bottom":"0","left":"0","isLinked":false},"margin_tablet":{"unit":"px","top":"0","right":0,"bottom":"0","left":0,"isLinked":false},"margin_mobile":{"unit":"px","top":"0","right":0,"bottom":"0","left":0,"isLinked":false},"padding_tablet":{"unit":"px","top":"70","right":"0","bottom":"70","left":"0","isLinked":false},"padding_mobile":{"unit":"px","top":"50","right":"0","bottom":"50","left":"0","isLinked":false}},"elements":[{"id":"2613331c","settings":{"_column_size":100,"_inline_size":null,"ekit_all_conditions_list":[{"_id":"f076bcf"}],"padding":{"unit":"px","top":"0","right":"15","bottom":"0","left":"15","isLinked":false},"margin_tablet":{"unit":"px","top":"0","right":"0","bottom":"0","left":"0","isLinked":false},"padding_tablet":{"unit":"px","top":"0","right":"15","bottom":"0","left":"15","isLinked":false},"custom_css":"selector .elementor-element.elementor-element-e020bf8 .shopengine-cart-table table .shopengine-footer-button {n    width: auto;n    display: inline-block;n}","space_between_widgets":0},"elements":[{"id":"5513dfa7","settings":{"ekit_heading_title":"Shopping Cart","ekit_heading_sub_title":"Time has changed","shadow_text_content":"bussiness","ekit_heading_show_seperator":"","ekit_heading_title_align":"text_center","ekit_heading_title_shadow_text_shadow_type":"yes","ekit_heading_title_shadow_text_shadow":{"horizontal":0,"vertical":0,"blur":0,"color":"rgba(0,0,0,0.3)"},"ekit_heading_title_margin":{"unit":"px","top":"0","right":"0","bottom":"45","left":"0","isLinked":false},"ekit_heading_title_typography_typography":"custom","ekit_heading_title_typography_font_size":{"unit":"px","size":38,"sizes":[]},"ekit_heading_title_typography_font_weight":"600","ekit_heading_title_typography_letter_spacing":{"unit":"px","size":0.200000000000000011102230246251565404236316680908203125,"sizes":[]},"_margin":{"unit":"px","top":"0","right":"0","bottom":"0","left":"0","isLinked":false},"_padding":{"unit":"px","top":"0","right":"0","bottom":"0","left":"0","isLinked":false},"ekit_all_conditions_list":[{"_id":"6c4d9f5"}],"ekit_adv_tooltip_content":"Tooltip Content.","ekit_heading_seperator_image":{"id":171,"url":"https:\/\/wpmet.com\/plugin\/shopengine\/demos\/wp-content\/uploads\/sites\/2\/2021\/09\/placeholder.png"}},"elements":[],"isInner":false,"widgetType":"elementskit-heading","elType":"widget"},{"id":"6c264cc8","settings":{"ekit_all_conditions_list":[{"_id":"f4c7f9c"}],"ekit_adv_tooltip_content":"Tooltip Content.","shopengine_cart_table_head__color":"#3A3A3A","shopengine_cart_table_footer__padding":{"unit":"px","top":"30","right":"0","bottom":"0","left":"0","isLinked":false},"shopengine_cart_table_typography_primary_font_size":{"unit":"px","size":16,"sizes":[]},"shopengine_cart_table_typography_secondary_font_size":{"unit":"px","size":16,"sizes":[]},"custom_css":".shopengine-cart-table .shop_table .product-remove a {rn    font-size: 25px !important;rn}rnselector .shopengine-cart-table table .product-quantity .shopengine-cart-quantity .qty {rn    width: 66px;rn    outline: 0;rn    font-weight: 500;rn    border-width: 2px 0 2px 0;rn}rnselector .shopengine-cart-table table .product-quantity .shopengine-cart-quantity span{rn    padding: 0 15px;rn    color: #101010;rn    font-size: 24px;rn    cursor: pointer;rn    line-height: 40px;rn    outline: 0;rn}rnselector .shopengine-cart-quantity{rn    border-radius: 5px;rn    outline: 0;rn}rnselector .shopengine-cart-table table .product-quantity .shopengine-cart-quantity span {rn    font-weight: 500;rn    border: 2px solid #F2F2F2;rn}rnselector .shopengine-cart-table table .product-quantity .shopengine-cart-quantity span.minus-button{rn    border-top-left-radius: 5px;rn    border-bottom-left-radius: 5px;rn}rnselector .shopengine-cart-table table .product-quantity .shopengine-cart-quantity span.plus-button {rn    border-top-right-radius: 5px;rn    border-bottom-right-radius: 5px;rn}rnselector .shop_table tfoot td{rn    border-top: 0rn}rnselector.elementor-element.elementor-element-e020bf8 .shopengine-cart-table table tbody a {rn    font-size: 14px;rn    font-weight: 500;rn    line-height: 19px;rn}rnrn@media screen and (max-width: 992px) {rn.shopengine-img-title-wrapper a:last-child {rn    padding-left: 15px;rn}rnselector .shopengine .shopengine-cart-table table .product-name .shopengine-img-title-wrapper {rn    display: flex;rn    align-items: center;rn}rn}rn@media screen and (max-width: 767px) {rn    selector.elementor-element.elementor-element-e020bf8 .shopengine .shopengine-cart-table table .product-name .shopengine-img-title-wrapper {rn        align-items: center;rn    }rn    selector .shopengine-cart-table table.shop_table.shop_table_responsive.cart.woocommerce-cart-form__contents td {rn        display: flex;rn        align-items: center;rn        justify-content: space-between;rn    }rn    selector .shopengine .shopengine-cart-table table .product-name .shopengine-img-title-wrapper {rn        flex-direction: unset;rn    }rn    selector .shopengine-cart-table table .shopengine-footer-button {rn        margin: 5px !important;rn    }rn    .shopengine-img-title-wrapper a:last-child {rn    padding-left: 10px !important;rn}rn}rn@media screen and (max-width: 450px) {rnselector .shopengine .shop_table .shopengine-img-title-wrapper a {rn    text-align: left;rn}rnselector.elementor-element.elementor-element-e020bf8 .shopengine-cart-table table.shop_table.shop_table_responsive.cart.woocommerce-cart-form__contents td {rn    display: block;rn}rnselector.elementor-element.elementor-element-e020bf8 .shopengine-cart-table table.shop_table.shop_table_responsive.cart.woocommerce-cart-form__contents td .shopengine-footer-button {rn    width: 100%;rn    }rn   selector .shopengine .shop_table .shopengine-img-title-wrapper {rn    padding-left: 20px;rn}rn    rn}rnrn@media screen and (max-width: 400px) {rn    selector .shopengine .shopengine-cart-table table .product-name .shopengine-img-title-wrapper {rn    display: block;rn}rn}rnrnrn\/*cart button text uppercase*\/rnselector .shopengine-cart-table .cart .shopengine-footer-button {rn    text-transform: uppercase;rn}rn\/*end cart button text uppercase*\/","shopengine_cart_table_head__padding":{"unit":"px","top":"15","right":"30","bottom":"15","left":"30","isLinked":false},"_margin":{"unit":"px","top":"0","right":"0","bottom":"0","left":"0","isLinked":false},"_padding":{"unit":"px","top":"0","right":"0","bottom":"0","left":"0","isLinked":true},"shopengine_cart_table_content_padding":{"unit":"px","top":"30","right":"25","bottom":"30","left":"40","isLinked":false},"shopengine_cart_table_content_border_border":"solid","shopengine_cart_table_content_padding_tablet":{"unit":"px","top":"15","right":"15","bottom":"15","left":"15","isLinked":false},"shopengine_cart_table_typography_secondary_font_weight":"700","shopengine_cart_table_content_img_margin":{"unit":"px","top":"0","right":"23","bottom":"0","left":"0","isLinked":false},"shopengine_cart_table_footer__button_padding":{"unit":"px","top":"11","right":"22","bottom":"11","left":"22","isLinked":false},"shopengine_cart_table_typography_secondary_text_transform":"capitalize","shopengine_cart_table_content_border_width":{"unit":"px","top":"1","right":"1","bottom":"1","left":"1","isLinked":false},"shopengine_cart_table_footer__button_margin":{"unit":"px","top":"0","right":"0","bottom":"0","left":"30","isLinked":false},"shopengine_cart_table_head__padding_tablet":{"unit":"px","top":"8","right":"30","bottom":"8","left":"30","isLinked":false},"shopengine_cart_table_content_img_margin_tablet":{"unit":"px","top":"0","right":"0","bottom":"0","left":"0","isLinked":false},"shopengine_cart_table_content_img_border_width_tablet":{"unit":"px","top":"0","right":"0","bottom":"0","left":"0","isLinked":false},"shopengine_cart_table_content_border_width_tablet":{"unit":"px","top":"0","right":"0","bottom":"0","left":"0","isLinked":false},"_margin_tablet":{"unit":"px","top":"0","right":"0","bottom":"0","left":"0","isLinked":false},"_padding_tablet":{"unit":"px","top":"0","right":"0","bottom":"0","left":"0","isLinked":true},"shopengine_cart_table_title":"\\u0627\\u0633\\u0645 \\u0627\\u0644\\u0645\\u0646\\u062a\\u062c","shopengine_cart_table_price":"\\u0627\\u0644\\u0633\\u0639\\u0631","shopengine_cart_table_quantity":"\\u0643\\u0645\\u064a\\u0629","shopengine_cart_table_subtotal":"\\u0627\\u0644\\u0645\\u062c\\u0645\\u0648\\u0639 \\u0627\\u0644\\u0641\\u0631\\u0639\\u064a","shopengine_cart_continue_shopping_btn":"\\u0645\\u0648\\u0627\\u0635\\u0644\\u0629 \\u0627\\u0644\\u062a\\u0633\\u0648\\u0642","shopengine_cart_table_update":"\\u062a\\u062d\\u062f\\u064a\\u062b \\u0639\\u0631\\u0628\\u0629 \\u0627\\u0644\\u062a\\u0633\\u0648\\u0642","shopengine_cart_table_clear_all":"\\u0627\\u0645\\u0633\\u062d \\u0627\\u0644\\u0643\\u0644","shopengine_cart_table_footer_btn_normal_color":"#FFFFFF","shopengine_cart_table_footer_btn_normal_bg_color":"#3A3A3A","shopengine_cart_table_footer_btn_hover_bg_color":"#707070"},"elements":[],"isInner":false,"widgetType":"shopengine-cart-table","elType":"widget"}],"isInner":false,"elType":"column"}],"isInner":false,"elType":"section"},{"id":"544ab526","settings":{"structure":"20","margin":{"unit":"px","top":"0","right":0,"bottom":"0","left":0,"isLinked":false},"padding":{"unit":"px","top":"100","right":"0","bottom":"100","left":"0","isLinked":false},"ekit_all_conditions_list":[{"_id":"6560f28"}],"ekit_section_parallax_multi_items":[],"margin_tablet":{"unit":"px","top":"0","right":0,"bottom":"0","left":0,"isLinked":false},"padding_tablet":{"unit":"px","top":"0","right":"0","bottom":"0","left":"0","isLinked":true}},"elements":[{"id":"11a7425f","settings":{"_column_size":50,"_inline_size":null,"padding":{"unit":"px","top":"0","right":"15","bottom":"0","left":"15","isLinked":false},"ekit_all_conditions_list":[{"_id":"fe8f56c"}],"margin_mobile":{"unit":"px","top":"0","right":"0","bottom":"0","left":"0","isLinked":false},"padding_mobile":{"unit":"px","top":"0","right":"15","bottom":"0","left":"15","isLinked":false},"space_between_widgets":0},"elements":[{"id":"1627997d","settings":{"ekit_all_conditions_list":[{"_id":"28dc55b"}],"ekit_adv_tooltip_content":"Tooltip Content.","_margin_mobile":{"unit":"px","top":"0","right":"0","bottom":"20","left":"0","isLinked":false}},"elements":[],"isInner":false,"widgetType":"shopengine-checkout-coupon-form","elType":"widget"}],"isInner":false,"elType":"column"},{"id":"2744d177","settings":{"_column_size":50,"_inline_size":null,"padding":{"unit":"px","top":"0","right":"15","bottom":"0","left":"15","isLinked":false},"ekit_all_conditions_list":[{"_id":"779280e"}],"margin_tablet":{"unit":"px","top":"0","right":"0","bottom":"0","left":"0","isLinked":false},"margin_mobile":{"unit":"px","top":"0","right":"0","bottom":"0","left":"0","isLinked":false},"padding_tablet":{"unit":"px","top":"0","right":"15","bottom":"0","left":"15","isLinked":false},"padding_mobile":{"unit":"px","top":"0","right":"15","bottom":"0","left":"15","isLinked":false},"align":"flex-end","space_between_widgets":0,"background_color":"#F7F8FB"},"elements":[{"id":"6f314b4c","settings":{"ekit_all_conditions_list":[{"_id":"1453aea"}],"ekit_adv_tooltip_content":"Tooltip Content.","shopengine_cart_totals_heading_margin":{"unit":"px","top":"","right":"","bottom":"","left":"","isLinked":true},"shopengine_cart_totals_border_radius":{"unit":"px","top":"0","right":"0","bottom":"0","left":"0","isLinked":true},"custom_css":"\/*subtola text and value align mobile view*\/rn@media only screen and (max-width: 768px) {rn    selector .shopengine-widget .shopengine-cart-totals .cart_totals .shop_table tr {rn        display: flex;rn        justify-content: space-between;rn    }rn}rn","_padding":{"unit":"px","top":"30","right":"30","bottom":"30","left":"30","isLinked":true},"shopengine_cart_totals_table_row_padding":{"unit":"px","top":"26","right":"0","bottom":"20","left":"0","isLinked":false},"shopengine_cart_totals_button_padding":{"unit":"px","top":"010","right":"5","bottom":"11","left":"5","isLinked":false},"shopengine_cart_totals_checkout_button_border_radius":{"unit":"px","top":"0","right":"0","bottom":"0","left":"0","isLinked":true},"shopengine_cart_totals_checkout_button_padding":{"unit":"px","top":"10.5","right":"10.5","bottom":"10.5","left":"10.5","isLinked":true},"_background_background":"classic","_background_color":"#F7F8FB","_element_width":"initial","_element_custom_width":{"unit":"px","size":450},"_element_width_mobile":"inherit","_element_custom_width_mobile":{"unit":"px","size":1,"sizes":[]}},"elements":[],"isInner":false,"widgetType":"shopengine-cart-totals","elType":"widget"}],"isInner":false,"elType":"column"}],"isInner":false,"elType":"section"}],"page_settings":[],"version":"0.4","title":"content.json","type":"page"}