{"content":[{"id":"48a56f59","settings":{"content_width":{"unit":"px","size":804,"sizes":[]},"height":"min-height","custom_height":{"unit":"px","size":520,"sizes":[]},"content_position":"middle","structure":"20","background_background":"classic","background_color":"#363E83","ekit_all_conditions_list":[{"_id":"c14a941"}],"ekit_section_parallax_multi_items":[],"shopengine_multistep_next_button_text":"Next","shopengine_multistep_previous_button_text":"Previous"},"elements":[{"id":"7ec9ec3f","settings":{"_column_size":50,"_inline_size":57.7289999999999992041921359486877918243408203125,"padding":{"unit":"%","top":"0","right":"0","bottom":"0","left":"12","isLinked":false},"ekit_all_conditions_list":[{"_id":"9b9ba6a"}]},"elements":[{"id":"4fd6a842","settings":{"text":"25% OFF","align":"left","typography_typography":"custom","typography_font_family":"Roboto","typography_font_size":{"unit":"px","size":15,"sizes":[]},"typography_font_weight":"700","typography_text_transform":"uppercase","typography_line_height":{"unit":"px","size":22,"sizes":[]},"typography_letter_spacing":{"unit":"px","size":0.0200000000000000004163336342344337026588618755340576171875,"sizes":[]},"button_text_color":"#FFFFFF","background_color":"#50669000","border_border":"solid","border_width":{"unit":"px","top":"2","right":"2","bottom":"2","left":"2","isLinked":true},"border_color":"#FFFFFF","border_radius":{"unit":"px","top":"0","right":"0","bottom":"0","left":"0","isLinked":false},"text_padding":{"unit":"px","top":"04","right":"10","bottom":"04","left":"10","isLinked":false},"ekit_all_conditions_list":[{"_id":"da3c644"}],"ekit_adv_tooltip_content":"Tooltip Content."},"elements":[],"isInner":false,"widgetType":"button","elType":"widget"},{"id":"7a8f294","settings":{"title":"A NEW LOOK<br>\nFOR <strong>YOUR WATCH<\/strong>","title_color":"#FFFFFF","typography_typography":"custom","typography_font_family":"Poppins","typography_font_size":{"unit":"px","size":40,"sizes":[]},"typography_font_weight":"400","typography_line_height":{"unit":"px","size":36,"sizes":[]},"_margin":{"unit":"px","top":"-8","right":"0","bottom":"0","left":"0","isLinked":false},"ekit_all_conditions_list":[{"_id":"caa3dca"}],"ekit_adv_tooltip_content":"Tooltip Content."},"elements":[],"isInner":false,"widgetType":"heading","elType":"widget"},{"id":"2b53c246","settings":{"title":"Availability: 276 In Stock","title_color":"#FFFFFF","typography_typography":"custom","typography_font_family":"Roboto","typography_font_size":{"unit":"px","size":14,"sizes":[]},"typography_font_weight":"600","typography_line_height":{"unit":"px","size":16,"sizes":[]},"ekit_all_conditions_list":[{"_id":"a097d2d"}],"ekit_adv_tooltip_content":"Tooltip Content."},"elements":[],"isInner":false,"widgetType":"heading","elType":"widget"}],"isInner":false,"elType":"column"},{"id":"1ab23d39","settings":{"_column_size":50,"_inline_size":42.1989999999999980673237587325274944305419921875,"align":"flex-end","ekit_all_conditions_list":[{"_id":"9b9ba6a"}]},"elements":[{"id":"d5b8eaa","settings":{"image":{"url":"https:\/\/wpmet.com\/plugin\/shopengine\/demos\/wp-content\/uploads\/sites\/2\/2021\/10\/watch-1.png","id":1684,"alt":"","source":"library"},"ekit_all_conditions_list":[{"_id":"a021a80"}],"ekit_adv_tooltip_content":"Tooltip Content.","_element_width":"auto"},"elements":[],"isInner":false,"widgetType":"image","elType":"widget"},{"id":"e96cf2e","settings":{"image":{"url":"https:\/\/wpmet.com\/plugin\/shopengine\/demos\/wp-content\/uploads\/sites\/2\/2021\/10\/watch-2.png","id":1683,"alt":"","source":"library"},"_padding":{"unit":"px","top":"0","right":"0","bottom":"0","left":"40","isLinked":false},"ekit_all_conditions_list":[{"_id":"a021a80"}],"ekit_adv_tooltip_content":"Tooltip Content.","_element_width":"auto"},"elements":[],"isInner":false,"widgetType":"image","elType":"widget"}],"isInner":false,"elType":"column"}],"isInner":false,"elType":"section"},{"id":"47269ab6","settings":{"content_width":{"unit":"px","size":690,"sizes":[]},"height":"min-height","custom_height":{"unit":"px","size":"","sizes":[]},"background_color":"#363E83","ekit_all_conditions_list":[{"_id":"c14a941"}],"ekit_section_parallax_multi_items":[],"shopengine_multistep_next_button_text":"Next","shopengine_multistep_previous_button_text":"Previous"},"elements":[{"id":"67c48411","settings":{"_column_size":100,"_inline_size":null,"align":"center","background_background":"classic","background_color":"#FFFFFF","box_shadow_box_shadow_type":"yes","box_shadow_box_shadow":{"horizontal":0,"vertical":30,"blur":50,"spread":0,"color":"rgba(22, 28.000000000000004, 45, 0.1)"},"margin":{"unit":"px","top":"-95","right":"0","bottom":"0","left":"0","isLinked":false},"padding":{"unit":"px","top":"40","right":"30","bottom":"40","left":"30","isLinked":false},"ekit_all_conditions_list":[{"_id":"9b9ba6a"}],"padding_mobile":{"unit":"px","top":"10","right":"30","bottom":"40","left":"30","isLinked":false}},"elements":[{"id":"5f45e991","settings":{"selected_icon":{"value":"fas fa-shield-alt","library":"fa-solid"},"title_text":"We Protect<br>Your Privacy","description_text":"","icon_size":{"unit":"px","size":39,"sizes":[]},"text_align":"center","content_vertical_alignment":"middle","title_bottom_space":{"unit":"px","size":0,"sizes":[]},"title_color":"#161C2D","title_typography_typography":"custom","title_typography_font_family":"Inter","title_typography_font_size":{"unit":"px","size":15,"sizes":[]},"title_typography_font_weight":"600","title_typography_line_height":{"unit":"px","size":20,"sizes":[]},"_padding":{"unit":"px","top":"0","right":"50","bottom":"0","left":"50","isLinked":false},"_padding_mobile":{"unit":"px","top":"30","right":"40","bottom":"0","left":"40","isLinked":false},"ekit_all_conditions_list":[{"_id":"57d5263"}],"ekit_adv_tooltip_content":"Tooltip Content.","_background_color":"#FFFFFF","_border_radius":{"unit":"px","top":"0","right":"0","bottom":"0","left":"0","isLinked":true},"_box_shadow_box_shadow":{"horizontal":0,"vertical":1,"blur":3,"spread":0,"color":"rgba(22, 28.000000000000004, 45, 0.14)"},"_element_width":"auto","_border_border":"solid","_border_width":{"unit":"px","top":"0","right":"1","bottom":"0","left":"0","isLinked":false},"_border_color":"#E7E7E7","primary_color":"#CA0436","_padding_tablet":{"unit":"px","top":"0","right":"40","bottom":"0","left":"40","isLinked":false},"_border_width_mobile":{"unit":"px","top":"0","right":"0","bottom":"0","left":"0","isLinked":true},"description_color":"#7A7A7A","description_typography_typography":"custom","description_typography_font_family":"Roboto","description_typography_font_size":{"unit":"px","size":16,"sizes":[]},"description_typography_font_weight":"500","description_typography_line_height":{"unit":"px","size":19,"sizes":[]}},"elements":[],"isInner":false,"widgetType":"icon-box","elType":"widget"},{"id":"f7f04fa","settings":{"selected_icon":{"value":"fas fa-user-shield","library":"fa-solid"},"title_text":"We Protect<br>Your Privacy","description_text":"","icon_size":{"unit":"px","size":39,"sizes":[]},"text_align":"center","content_vertical_alignment":"middle","title_bottom_space":{"unit":"px","size":0,"sizes":[]},"title_color":"#161C2D","title_typography_typography":"custom","title_typography_font_family":"Inter","title_typography_font_size":{"unit":"px","size":15,"sizes":[]},"title_typography_font_weight":"600","title_typography_line_height":{"unit":"px","size":20,"sizes":[]},"_margin":{"unit":"px","top":"0","right":"0","bottom":"0","left":"0","isLinked":false},"_padding":{"unit":"px","top":"0","right":"50","bottom":"0","left":"50","isLinked":false},"_padding_mobile":{"unit":"px","top":"30","right":"40","bottom":"0","left":"40","isLinked":false},"ekit_all_conditions_list":[{"_id":"57d5263"}],"ekit_adv_tooltip_content":"Tooltip Content.","_background_color":"#FFFFFF","_border_radius":{"unit":"px","top":"0","right":"0","bottom":"0","left":"0","isLinked":true},"_box_shadow_box_shadow":{"horizontal":0,"vertical":1,"blur":3,"spread":0,"color":"rgba(22, 28.000000000000004, 45, 0.14)"},"_element_width":"auto","_border_border":"solid","_border_width":{"unit":"px","top":"0","right":"1","bottom":"0","left":"0","isLinked":false},"_border_color":"#E7E7E7","primary_color":"#CA0436","_padding_tablet":{"unit":"px","top":"0","right":"40","bottom":"0","left":"40","isLinked":false},"_border_width_mobile":{"unit":"px","top":"0","right":"0","bottom":"0","left":"0","isLinked":true},"description_color":"#7A7A7A","description_typography_typography":"custom","description_typography_font_family":"Roboto","description_typography_font_size":{"unit":"px","size":16,"sizes":[]},"description_typography_font_weight":"500","description_typography_line_height":{"unit":"px","size":19,"sizes":[]}},"elements":[],"isInner":false,"widgetType":"icon-box","elType":"widget"},{"id":"223dc0c","settings":{"selected_icon":{"value":"fas fa-user-lock","library":"fa-solid"},"title_text":"We Protect<br>Your Privacy","description_text":"","icon_size":{"unit":"px","size":37,"sizes":[]},"text_align":"center","content_vertical_alignment":"middle","title_bottom_space":{"unit":"px","size":0,"sizes":[]},"title_color":"#161C2D","title_typography_typography":"custom","title_typography_font_family":"Inter","title_typography_font_size":{"unit":"px","size":15,"sizes":[]},"title_typography_font_weight":"600","title_typography_line_height":{"unit":"px","size":20,"sizes":[]},"_padding":{"unit":"px","top":"0","right":"50","bottom":"0","left":"50","isLinked":false},"_padding_tablet":{"unit":"px","top":"0","right":"40","bottom":"0","left":"40","isLinked":false},"ekit_all_conditions_list":[{"_id":"57d5263"}],"ekit_adv_tooltip_content":"Tooltip Content.","_background_color":"#FFFFFF","_border_radius":{"unit":"px","top":"6","right":"6","bottom":"6","left":"6","isLinked":true},"_box_shadow_box_shadow":{"horizontal":0,"vertical":1,"blur":3,"spread":0,"color":"rgba(22, 28.000000000000004, 45, 0.14)"},"_element_width":"auto","primary_color":"#CA0436","_padding_mobile":{"unit":"px","top":"30","right":"40","bottom":"0","left":"40","isLinked":false},"description_color":"#7A7A7A","description_typography_typography":"custom","description_typography_font_family":"Roboto","description_typography_font_size":{"unit":"px","size":16,"sizes":[]},"description_typography_font_weight":"500","description_typography_line_height":{"unit":"px","size":19,"sizes":[]}},"elements":[],"isInner":false,"widgetType":"icon-box","elType":"widget"}],"isInner":false,"elType":"column"}],"isInner":false,"elType":"section"},{"id":"f64a29e","settings":{"content_width":{"unit":"px","size":690,"sizes":[]},"height":"min-height","custom_height":{"unit":"px","size":"","sizes":[]},"background_color":"#363E83","margin":{"unit":"px","top":"20","right":0,"bottom":"120","left":0,"isLinked":false},"ekit_all_conditions_list":[{"_id":"c14a941"}],"ekit_section_parallax_multi_items":[],"shopengine_multistep_next_button_text":"Next","shopengine_multistep_previous_button_text":"Previous"},"elements":[{"id":"153598a8","settings":{"_column_size":100,"_inline_size":null,"align":"center","background_background":"classic","background_color":"#FFFFFF","box_shadow_box_shadow_type":"yes","box_shadow_box_shadow":{"horizontal":0,"vertical":30,"blur":50,"spread":0,"color":"rgba(22, 28.000000000000004, 45, 0.1)"},"margin":{"unit":"px","top":"0","right":"0","bottom":"0","left":"0","isLinked":false},"padding":{"unit":"px","top":"043","right":"30","bottom":"043","left":"30","isLinked":false},"ekit_all_conditions_list":[{"_id":"9b9ba6a"}]},"elements":[{"id":"11841ce8","settings":{"shopengine_title_color":"#161C2D","shopengine_title_font_size":{"unit":"px","size":26,"sizes":[]},"shopengine_title_margin":{"unit":"px","top":"0","right":"0","bottom":"0","left":"0","isLinked":false},"shopengine_continer_alignment":"left","shopengine_form_container_padding":{"unit":"px","top":"25","right":"0","bottom":"0","left":"0","isLinked":false},"shopengine_input_label_color":"#161C2D","shopengine_input_required_indicator_color":"#CA0436","shopengine_label_font_size":{"unit":"px","size":14,"sizes":[]},"shopengine_input_color":"#7E8084","shopengine_input_font_size":{"unit":"px","size":14,"sizes":[]},"shopengine_input_border_width":{"unit":"px","top":"2","right":"2","bottom":"2","left":"2","isLinked":true},"shopengine_input_border_color":"#EAEAEA","shopengine_input_padding":{"unit":"px","top":"16","right":"16","bottom":"15","left":"16","isLinked":false},"shopengine_typography_primary_font_family":"Inter","shopengine_typography_primary_font_weight":"600","ekit_all_conditions_list":[{"_id":"010fd79"}],"ekit_adv_tooltip_content":"Tooltip Content.","shopengine_form_container_background":"#FFFFFF","shopengine_typography_seconday_font_family":"Inter","shopengine_input_border_focus_border":"solid","shopengine_input_border_focus_width":{"unit":"px","top":"2","right":"2","bottom":"2","left":"2","isLinked":true},"shopengine_input_border_focus_color":"#D9D9D9","shopengine_checkout_form_billing_input_border_radius":{"unit":"px","top":"6","right":"6","bottom":"6","left":"6","isLinked":true}},"elements":[],"isInner":false,"widgetType":"shopengine-checkout-form-billing","elType":"widget"},{"id":"604b5275","settings":{"shopengine_checkout_form_additional_heading":"","shopengine_checkout_form_additional_label_color":"#161C2D","shopengine_orders_body_text_typography_font_size":{"unit":"px","size":14,"sizes":[]},"shopengine_orders_body_text_typography_font_weight":"600","shopengine_checkout_form_additional_textarea_color":"#7E8084","shopengine_checkout_form_additional_textarea_placeholder_color":"#7E8084","shopengine_checkout_form_additional_textarea_height":{"unit":"px","size":125,"sizes":[]},"shopengine_checkout_form_additional_border_radius":{"unit":"px","top":"6","right":"6","bottom":"6","left":"6","isLinked":true},"shopengine_checkout_form_additional_font_family":"Inter","_margin":{"unit":"px","top":"-10","right":"0","bottom":"0","left":"0","isLinked":false},"_padding":{"unit":"px","top":"0","right":"0","bottom":"0","left":"0","isLinked":false},"ekit_all_conditions_list":[{"_id":"b8795a3"}],"ekit_adv_tooltip_content":"Tooltip Content.","shopengine_checkout_form_additional_border_width":{"unit":"px","top":"2","right":"2","bottom":"2","left":"2","isLinked":true},"shopengine_checkout_form_additional_border_color":"#EAEAEA","shopengine_checkout_form_additional_textarea_focus_color":"#D9D9D9"},"elements":[],"isInner":false,"widgetType":"shopengine-checkout-form-additional","elType":"widget"},{"id":"685fff45","settings":{"title":"Your Order","title_color":"#161C2D","typography_typography":"custom","typography_font_family":"Inter","typography_font_weight":"600","ekit_all_conditions_list":[{"_id":"836c76c"}],"ekit_adv_tooltip_content":"Tooltip Content."},"elements":[],"isInner":false,"widgetType":"heading","elType":"widget"},{"id":"182f24b3","settings":{"shopengine_orders_header_color":"#161C2D","shopengine_table_header_padding":{"unit":"px","top":"0","right":"15","bottom":"17","left":"0","isLinked":false},"shopengine_table_body_text_color":"#7E8084","shopengine_orders_body_background":"#FFFFFF","shopengine_table_body_price_color":"#161C2D","shopengine_orders_body_price_typography_font_weight":"400","shopengine_orders_body_text_typography_font_size":{"unit":"px","size":15,"sizes":[]},"shopengine_orders_body_text_typography_line_height":{"unit":"px","size":"","sizes":[]},"shopengine_table_body_spacing":{"unit":"px","size":"","sizes":[]},"shopengine_footer_text_color":"#161C2D","shopengine_footer_price_color":"#2851F3","shopengine_orders_footer_border_color":"#F3F3F3","shopengine_footer_color_typography_font_size":{"unit":"px","size":15,"sizes":[]},"shopengine_footer_color_typography_font_weight":"600","shopengine_table_footer_data_padding":{"unit":"px","top":"15","right":"15","bottom":"15","left":"0","isLinked":false},"shopengine_checkout_review_order_font_family":"Inter","ekit_all_conditions_list":[{"_id":"9a45b02"}],"ekit_adv_tooltip_content":"Tooltip Content."},"elements":[],"isInner":false,"widgetType":"shopengine-checkout-review-order","elType":"widget"},{"id":"446c3a26","settings":{"ekit_all_conditions_list":[{"_id":"fc50aa2"}],"ekit_adv_tooltip_content":"Tooltip Content.","hide_desktop":"hidden-desktop","hide_tablet":"hidden-tablet","hide_mobile":"hidden-mobile"},"elements":[],"isInner":false,"widgetType":"shopengine-checkout-shipping-methods","elType":"widget"},{"id":"5bfc1f58","settings":{"shopengine_checkout_coupon_form_info_bg_color":"#FFFFFF","shopengine_checkout_coupon_form_info_typography_font_size":{"unit":"px","size":15,"sizes":[]},"shopengine_checkout_coupon_form_info_typography_font_weight":"600","shopengine_checkout_coupon_form_info_padding":{"unit":"px","top":"14","right":"0","bottom":"14","left":"0","isLinked":false},"shopengine_checkout_coupon_form_description_typography_font_size":{"unit":"px","size":14,"sizes":[]},"shopengine_checkout_coupon_form_description_typography_line_height":{"unit":"px","size":"","sizes":[]},"shopengine_checkout_coupon_form_label_color":"#7E8084","shopengine_checkout_coupon_form_label_border_width":{"unit":"px","top":"0","right":"0","bottom":"0","left":"0","isLinked":true},"shopengine_checkout_coupon_form_label_border_color":"#7E8084","shopengine_checkout_coupon_form_label_radius":{"unit":"px","top":"6","right":"6","bottom":"6","left":"6","isLinked":true},"shopengine_checkout_coupon_form_label_padding":{"unit":"px","top":"5","right":"20","bottom":"5","left":"020","isLinked":false},"shopengine_section_checkout_coupon_form_button_typography_font_weight":"600","shopengine_section_checkout_coupon_form_button_typography_line_height":{"unit":"px","size":"","sizes":[]},"shopengine_coupon_form_button_background_color":"#161C2D","shopengine_coupon_form_border_width":{"unit":"px","top":"0","right":"0","bottom":"0","left":"0","isLinked":true},"shopengine_coupon_form_border_radius":{"unit":"px","top":"6","right":"6","bottom":"6","left":"6","isLinked":true},"shopengine_coupon_form_button_padding":{"unit":"px","top":"17","right":"25","bottom":"17","left":"25","isLinked":false},"shopengine_coupon_form_font_family":"Inter","_margin":{"unit":"px","top":"-14","right":"0","bottom":"0","left":"0","isLinked":false},"ekit_all_conditions_list":[{"_id":"bb4f26b"}],"ekit_adv_tooltip_content":"Tooltip Content.","shopengine_checkout_coupon_form_info_link_hover_color":"#161C2D","shopengine_coupon_form_button_background_hover_color":"#161C2D"},"elements":[],"isInner":false,"widgetType":"shopengine-checkout-coupon-form","elType":"widget"},{"id":"622666bb","settings":{"shopengine_payment_label_text_color":"#161C2D","shopengine_payment_label_typography_line_height":{"unit":"px","size":17,"sizes":[]},"shopengine_payment_order_button_radius":{"unit":"px","top":"6","right":"6","bottom":"6","left":"6","isLinked":true},"shopengine_payment_order_button_typography_font_size":{"unit":"px","size":16,"sizes":[]},"shopengine_payment_order_button_typography_font_weight":"600","shopengine_payment_order_button_typography_text_transform":"capitalize","shopengine_payment_order_button_tabs_normal_bg":"#078861","shopengine_archive_products_font_family":"Inter","_margin":{"unit":"px","top":"-5","right":"0","bottom":"10","left":"0","isLinked":false},"ekit_all_conditions_list":[{"_id":"4c5523a"}],"ekit_adv_tooltip_content":"Tooltip Content.","shopengine_payment_url_clr":"#078861","shopengine_payment_method_radio_input_color":"#078861"},"elements":[],"isInner":false,"widgetType":"shopengine-checkout-payment","elType":"widget"}],"isInner":false,"elType":"column"}],"isInner":false,"elType":"section"}],"page_settings":[],"version":"0.4","title":"Checkout design 9","type":"page"}